:020000040800F2
:1000000000C00720E92A01089D0900089F0900088F
:10001000A1090008A3090008A509000800000000C4
:10002000000000000000000000000000716E0008E9
:10003000A709000800000000116F0008756F000894
:10004000392B0108392B0108392B0108392B0108FC
:10005000392B0108392B0108392B0108392B0108EC
:10006000392B0108392B0108392B0108392B0108DC
:10007000392B0108392B0108392B0108392B0108CC
:10008000392B0108392B0108392B0108392B0108BC
:10009000392B0108392B0108392B0108392B0108AC
:1000A000392B0108392B0108392B0108392B01089C
:1000B000392B0108392B0108392B0108392B01088C
:1000C000392B0108392B0108392B0108392B01087C
:1000D000392B0108392B0108392B0108392B01086C
:1000E000392B0108392B0108392B0108392B01085C
:1000F000392B0108392B0108392B0108392B01084C
:10010000392B0108392B0108392B0108392B01083B
:10011000392B0108392B0108392B0108A9090008DE
:10012000392B0108392B0108392B0108392B01081B
:10013000392B0108B9090008C9090008392B010841
:10014000392B0108392B0108392B0108392B0108FB
:10015000392B0108392B0108392B0108392B0108EB
:10016000392B0108392B0108392B0108392B0108DB
:10017000392B0108392B0108392B01080000000038
:10018000392B0108392B0108392B0108392B0108BB
:10019000392B0108392B0108392B0108392B0108AB
:1001A000392B0108392B0108392B0108392B01089B
:1001B000392B0108392B0108392B0108392B01088B
:1001C000392B0108392B010800000000392B0108E8
:1001D000392B0108392B0108392B0108392B01086B
:1001E000392B0108392B0108392B0108392B01085B
:0801F000392B0108392B01082D
:1002000010B5054C237833B9044B13B10448AFF350
:1002100000800123237010BDA80002200000000010
:100220007840010808B5034B1BB103490348AFF3FD
:10023000008008BD00000000AC00022078400108EA
:1002400010F8012B11F8013B012A28BF9A42F7D080
:10025000D01A7047034613F8012B002AFBD1181A55
:10026000013870470000000000000000000000009E
:1002700001F0FF01102A2BDB10F0070F08D010F857
:10028000013B013A8B422DD010F0070F42B3F6D15B
:10029000F0B441EA012141EA014122F007047FF074
:1002A00000070023F0E80256083C85EA010586EACB
:1002B000010685FA47F5A3FA87F586FA47F6A5FA07
:1002C00087F68EB9EED1F0BC01F0FF0102F0070213
:1002D00032B110F8013B013A83EA010313B1F8D1BE
:1002E0000020704701387047002D06BF354603389F
:1002F000073815F0010F07D1013015F4807F02BFD8
:10030000013015F4C03F0130F0BC0138704700BF28
:1003100053B94AB9002908BF00281CBF4FF0FF316C
:100320004FF0FF3000F088B9ADF1080C6DE904CE54
:1003300000F006F8DDF804E0DDE9022304B07047C0
:100340002DE9F047089D8E4604468846002B4AD189
:100350008A42174662D9B2FA82F64EB1C6F120033C
:1003600001FA06F820FA03F3B74043EA0808B4405C
:100370004FEA174E1FFA87FCB8FBFEF1230C0EFB69
:10038000118843EA084301FB0CF29A4209D9FB1891
:1003900001F1FF3080F0EA809A4240F2E7800239B2
:1003A0003B449A1AA3B2B2FBFEF00EFB102243EAC2
:1003B000024300FB0CFC9C4509D9FB1800F1FF32FD
:1003C00080F0D6809C4540F2D3803B44023840EA1E
:1003D0000140A3EB0C0300211DB1F3400022C5E94D
:1003E0000032BDE8F0878B4205D90DB1C5E90001A7
:1003F00000210846F5E7B3FA83F1002946D1734599
:1004000002D3824200F20581841A6EEB03020120BE
:100410009046002DE5D0C5E90048E2E7002A00F04B
:100420009080B2FA82F6002E40F0A4808A1A030C63
:100430004FEA174E80B2BCB20121B2FBFEFC0EFBAC
:100440001C2243EA024304FB0CF29A4207D9FB1830
:100450000CF1FF3802D29A4200F2E080C4469B1AA7
:10046000B3FBFEF20EFB123340EA034302FB04F43B
:100470009C4207D9FB1802F1FF3002D29C4200F2E5
:10048000CA8002461B1B42EA0C40A5E7C1F12006C8
:100490008B4022FA06F71F430EFA01F420FA06F306
:1004A0002EFA06FE4FEA1749234300FA01F81FFA15
:1004B00087FCBEFBF9F01C0C09FB10EE44EA0E446D
:1004C00000FB0CFEA64502FA01F209D93C1900F125
:1004D000FF3A80F09C80A64540F2998002383C4467
:1004E000A4EB0E041FFA83FEB4FBF9F309FB1344DB
:1004F0004EEA044403FB0CFCA44508D93C1903F163
:10050000FF3E80F08280A4457FD9023B3C4443EA11
:100510000040A4EB0C04A0FB02EC64457346E146EA
:1005200062D35FD05DB1B8EB030264EB090404FA57
:1005300006F622FA01F31E43CC40C5E9006400210F
:100540004FE7B1FBF2FC010C41EA0E4180B240EAF8
:1005500001423B4638463C46B846BE462026B1FBE3
:10056000F7F1A2EB080241EA0C4166E7014618E701
:1005700010462CE7C6F120022EFA02F3B740B14034
:1005800020FA02F24FEA174E0A43B3FBFEF8BCB260
:100590000EFB1833110C41EA034108FB04F9B0408B
:1005A00089454FEA104380B23ED9791808F1FF3CE3
:1005B00001D289451FD8A1EB0901B1FBFEF909FB66
:1005C00004F80EFB191192B242EA0142424529D2C7
:1005D000BA1809F1FF31C4D24245C2D2A9F10201D1
:1005E0003A44BEE7F0459DD2BEEB02036CEB070C2C
:1005F0000138E14696E7A7EB09094944A8F1020C46
:10060000B1FBFEF909FB04F8DBE773467FE75046D0
:1006100066E70846FDE63B44023A33E7ACF1020CDC
:100620003B441CE749469CE7A1EB0901C446B1FBEA
:10063000FEF909FB04F8C4E7704700BF08B50120C4
:1006400004F0C6F8FBE7000008B5044A002104489E
:1006500004F02AF8034B186008BD00BF2878010891
:100660003D060008C4000220F0B58DB000240794B8
:10067000089409940A940B94364B1A6B42F00402C6
:100680001A631A6B02F004020192019A1A6B42F08B
:1006900080021A631A6B02F080020292029A1A6BAD
:1006A00042F001021A631A6B02F001020392039AEC
:1006B0001A6B42F002021A631A6B02F002020492F1
:1006C000049A1A6B42F008021A631A6B02F00802CD
:1006D0000592059A1A6B42F040021A631B6B03F0F5
:1006E00040030693069B1C4F224644F28101384684
:1006F00001F0C0FB194D22464021284601F0BAFB0B
:100700004FF4005307934FF488130893099407A9F3
:10071000134801F0ADFA44F28103079301260896CD
:1007200009940A9407A9384601F0A2FA40230793D6
:10073000089609940A9407A9284601F099FA80239B
:1007400007930894099407A9284601F091FA0DB07F
:10075000F0BD00BF00380240000402400018024013
:100760000008024010B584B0002400940194029463
:10077000039400F0C5FB01238DF800308DF8014093
:1007800001941F228DF8082087228DF809208DF80A
:100790000A408DF80B408DF80C308DF80D308DF837
:1007A0000E408DF80F40684600F0C8FB042000F0B2
:1007B000B5FB04B010BD000008B50268034B9A42B7
:1007C00000D008BD00F002FBFBE700BF00140040B2
:1007D00072B6FEE700B595B03422002107A812F0EA
:1007E0009CFC00230293039304930593069301F06A
:1007F000EDFB234B1A6C42F080521A641B6C03F021
:1008000080530093009B1F4B1A6842F440421A60C9
:100810001B6803F440430193019B012307934FF4AA
:10082000A023089302230D934FF480020E9204221A
:100830000F92D8221092119309221292139307A8B3
:1008400001F00AFCB0B901F0C9FBA8B90F2302936B
:1008500002230393002304934FF4A05305934FF412
:1008600080530693072102A801F086FE30B915B027
:100870005DF804FBFFF7ACFFFFF7AAFFFFF7A8FF47
:10088000003802400070004008B5002383F311884F
:10089000FFF768FF00F08FFAFFF79CFFFFF7E4FE19
:1008A00000F004F900F064F903F0A2FEFFF7CCFEBB
:1008B00011F088FD03F0BAFEFEE7000000B583B03A
:1008C0000D4B1A6C42F080521A641A6C02F080527E
:1008D0000092009A5A6C42F480425A645B6C03F4B2
:1008E00080430193019B00220F216FF0010000F073
:1008F000E9FA03B05DF804FB0038024030B589B076
:100900000446214B1A6C42F020021A641B6C03F05F
:1009100020030193019B02A903A801F009FF069B94
:10092000CBB901F0E5FE0346184AA2FB03239B0C5A
:10093000013B1748174A026040F2E732C260436049
:10094000002303618360836102F0A6FB054630B19A
:10095000284609B030BD01F0CBFE4300E4E70C4867
:1009600002F006FA05460028F2D1372000F0BAFA64
:100970000F2C01D90125EBE700222146372000F09A
:10098000A1FA054B1C60E3E70038024083DE1B43FD
:10099000C80002200014004008000220FEE7FEE725
:1009A000FEE7FEE7FEE7704708B5024802F02CFAC2
:1009B00008BD00BFC800022008B5024800F0D2FF01
:1009C00008BD00BFDC06022008B5024800F0CAFFDF
:1009D00008BD00BFDC06022001207047024B162232
:1009E0001A604FF0FF307047845A032008B54FF06B
:1009F000FF31FFF7F3FFFEE770B50C461646002502
:100A000006E0AFF30080214601F8010B01350C46EA
:100A1000B542F6DB304670BD70B50C461646002573
:100A200004E014F8010BAFF300800135B542F8DBA8
:100A3000304670BD4FF0FF3070474FF400534B60AD
:100A400000207047012070470020704710B4034613
:100A50000C4A0D490D48006850B10C480068034429
:100A6000521A934208D8094A13605DF8044B704744
:100A70000648074C0460F0E7064B0C221A604FF062
:100A8000FF30F2E700C0072000040000140102203C
:100A900018790320845A0320034AD2F8883043F49B
:100AA0007003C2F88830704700ED00E008B50B48CD
:100AB0000B4B03604FF4E133436000238360C3605A
:100AC00003610C2242618361C3610362436202F0ED
:100AD00051FE00B908BDFFF77BFEFBE718010220BD
:100AE0000048004010B5ACB0044600212791289181
:100AF00029912A912B91902203A812F00EFB2268D3
:100B0000184B9A4201D02CB010BD4FF48073039360
:100B100003A801F02BFE10BB134B1A6C42F4802289
:100B20001A641A6C02F480220192019A1A6B42F044
:100B300008021A631B6B03F008030293029B4FF435
:100B400040732793022328930023299303232A9396
:100B500007232B9327A9054801F08AF8D3E7FFF76D
:100B600037FED9E70048004000380240000C024040
:100B700008B50C484FF0A04303600623037102221E
:100B8000C27100238371427201228272C3720373A5
:100B90008273C37301F07DF900B908BDFFF718FE39
:100BA000FBE700BFA001022070B5ACB004460021F5
:100BB0002791289129912A912B91902203A812F034
:100BC000ACFA2368B3F1A04F01D02CB070BD4FF444
:100BD0000013039303A801F0C9FD002835D11C4C74
:100BE000236B43F001032363236B03F001030093A2
:100BF000009B4FF4E853279302232893002529955F
:100C000003232A930A232B93124E27A9304601F07F
:100C10002FF84FF4007327932895299527A930467C
:100C200001F026F8636B43F080036363636B03F0AA
:100C300080030193019B636C43F480436364636CA2
:100C400003F480430293029BBFE7FFF7C1FDC6E7B1
:100C5000003802400000024088B1CA6892B18A6838
:100C60009AB10A69A2B10A6882604A68C260CA6819
:100C700042618A6802610A698261002070474FF010
:100C8000FF3070474FF0FF3070474FF0FF30704734
:100C90004FF0FF30704770B582B000230193446875
:100CA0000CBB0546836803B1984720232B600026C0
:100CB00002E06FF0040601341F2C0DD86B6901AA05
:100CC0001221204698470028F3DB019B03F01F0305
:100CD000A342F0D12C6000262B681F2B07D81EB929
:100CE00001236B6000E00026304602B070BD6FF05B
:100CF0000206F9E710B582B0044600230193436968
:100D000001AA012100689847002839DB636901AA1C
:100D1000012120689847002835DB019B13F0040F60
:100D200034D0636901AA002120689847002830DB8D
:100D3000019B13F4805F0CD103F40452B2F5045FFD
:100D40002AD013F4005F29D113F4807F28D0042027
:100D50001DE0636901AA1F2120689847002821DB54
:100D6000019B13F4805F20D003F01C03182B1ED0CE
:100D7000082B1ED0142B01D0052008E0042006E02B
:100D80006FF0040003E06FF0040000E0012002B007
:100D900010BD6FF00400FAE70220F8E70320F6E741
:100DA0000520F4E76FF00400F1E70620EFE70220EA
:100DB000EDE70320EBE708B5032000F071F80F2002
:100DC000FFF79CFDFFF77AFD002008BD034A11687C
:100DD000034B1B780B441360704700BF8006022052
:100DE00004000220014B1868704700BF80060220F3
:100DF00038B50446FFF7F6FF0546B4F1FF3F02D0D1
:100E0000044B1B781C44FFF7EDFF401BA042FAD3B4
:100E100038BD00BF04000220014BD3F82004704706
:100E200000F0F01F014BD3F82404704700F0F01FCE
:100E3000014BD3F82804704700F0F01F002804DBB2
:100E40000901C9B2044B1954704700F00F000901A1
:100E5000C9B2024B1954704700E400E014ED00E001
:100E600000B500F00700C0F1070CBCF1040F28BF6B
:100E70004FF0040C031D062B0FD9C31E4FF0FF3E8D
:100E80000EFA0CF021EA000199400EFA03FE22EA64
:100E90000E0241EA02005DF804FB0023EEE70000C9
:100EA0000649CB6823F4E0631B041B0C000200F42A
:100EB000E0600343024A1A43CA60704700ED00E055
:100EC0000000FA0510B50446054BD868C0F30220AF
:100ED000FFF7C6FF01462046FFF7B0FF10BD00BF79
:100EE00000ED00E0002807DB00F01F0240090123AD
:100EF0009340024A42F82030704700BF00E100E012
:100F0000BFF35F8F044B5A6A22F480325A62002288
:100F1000C3F89420704700BF00ED00E040F00100EE
:100F2000054BC3F894005A6A42F480325A62BFF308
:100F30004F8FBFF36F8F704700ED00E04378144A86
:100F4000C2F89830D2F8A03023F00103C2F8A030E4
:100F50004368C2F89C30017BC37A1B0643EA0173E5
:100F6000817A43EAC143417B43EA8143817B43EA7F
:100F70004143C17B43EA0143417A43EA0123017AB9
:100F800043EA410301780B43C2F8A030704700BF29
:100F900000ED00E02DE9F04182B005460023019309
:100FA000D0F8688008F1120350F82340C66E01277C
:100FB00014E001A803F09EF8019B13B12362A36023
:100FC00011E000270FE06B6943F48043636013E096
:100FD00003F1120255F82240013E9846BEB1B7B166
:100FE000236A002BE5D0002FF8D0AB6D002BEAD19F
:100FF0006A69134B13436360236843F00043236023
:1010000008F10103032BE3D9A8F10303E0E7EB6E3A
:10101000B34211D008F1030303F00303BFF35F8F62
:101020002A6903EB830302EBC3022B6803F58053A9
:101030009A60C5F86880EE6602B0BDE8F08100BF36
:10104000004000805079137943EA002307480B5091
:10105000D07893781B0443EA0063507843EA002376
:1010600012781343024A8B50704700BF4080024001
:101070004480024030B4002208E0C468DC6051F8CB
:101080000C3043F4400341F80C300132032A1FD8DE
:10109000C16802EB82034FEAC30C01EBC3030024D7
:1010A00041F80C405C609C60DC60941D40F824308A
:1010B00051F80C4044F4801441F80C40022ADCD86A
:1010C000541C04EB8404C56805EBC404DC60D6E75B
:1010D00000238362C268036803F580531A6130BC41
:1010E000704710B4002202E00169D9600132032A7E
:1010F00028D8046902EB82034FEAC30C04EBC30354
:10110000002144F80C1059609960D9601962596245
:101110004FF0004144F80C10416941F4804159609E
:10112000596821F00041596002F1120140F8213064
:10113000022AD9D80469511C01EB810104EBC104D6
:10114000DC60D3E70023C36503668366C3668365FB
:101150000269036803F58053DA605DF8044B704759
:10116000F0B5856A00EB85039B698C681E68002ECC
:10117000C0F2B3802E1D00EB8606F669002E40F00B
:10118000AE8026689E605E686FF30C0667683E431B
:101190005E600E6816F0010F05D01E6826F440064A
:1011A0004F693E431E600E6816F0200F05D01E6882
:1011B00026F040660F693E431E60096811F0040F77
:1011C00003D0196841F080011960196841F080511D
:1011D00019602F4600264FF0010E27E0196821F014
:1011E000804119602EE000EB8C039B69196800298F
:1011F00030DB0CF1040100EB8101C96951BB1968B6
:1012000021F0805119600EF1010EA46821689960E7
:1012100059686FF30C016768394359600136BFF3B1
:101220005F8F196841F0004119606746A16851B3AA
:10123000196821F000511960002ACFD0196841F0D7
:101240008041196007F1010CBCF1030FCBD9A7F164
:10125000030CC8E700EB85039969002204E000EB6A
:101260008301896901321D4672450AD2BFF35F8F3F
:101270000B6823F000430B606B1C032BEFD9EB1EB4
:10128000EDE70220F0BD1AB31A6842F080421A60FE
:101290001A6842F000521A6000EB8505AA69BFF394
:1012A0005F8F136843F000431360C26B3B1D00EB7C
:1012B0008303DA618762EFF31082012383F31088DE
:1012C000036C33440133036482F310880020D9E7B0
:1012D0001A6822F080421A60DAE70220D2E7022080
:1012E000D0E7000070B505460C46026813683C491B
:1012F0001940A37B5B06207C002861D14FF40000DD
:101300000343607C00285DD14FF480000343A06854
:101310000343E07F43EA004360690343A07F002862
:1013200052D14FF400500343207F43EA0033A069B9
:101330000343207943EA802394F82000002845D114
:101340004FF400700343E07B43EAC013606A034339
:1013500094F8280043EA00130B4313602B681E68BF
:101360000120FFF745FD2B681E6029688A6922F07D
:10137000BE021204120CA36C1B0494F84C0038BB80
:1013800080200343206D034394F85500012821D0A9
:101390000020034394F8560001281DD00020034389
:1013A00094F85400012819D00020034313438B61A3
:1013B0002B689C690120FFF71BFD2B689C6170BDA9
:1013C00000209DE70020A1E70020ACE70020B9E75E
:1013D0000020D6E70820DCE70420E0E70220E4E76D
:1013E0000F8120FD70B505460C46026802F580535A
:1013F0009B692B491940237B002B4DD14FF0806313
:10140000607B43EA4063607F002847D14FF480103F
:101410000343A07B43EA405360690343207F43EAD0
:10142000C013A07F43EA8013206A034394F824008A
:1014300043EA80030B4302F5805293612B6803F566
:1014400080539E690120FFF7D3FC2B6803F580537E
:101450009E612279A36843EA4263A2691343226929
:10146000134394F8252043EAC213A26A43EA820395
:10147000226813432A6843F4000302F58052136084
:101480002B6803F580531C680120FFF7B1FC2B6823
:1014900003F580531C6070BD0023B1E70020B7E75F
:1014A000233FDEF870B5A4B0064601258DF83C5008
:1014B0008DF83D5000240D948DF84B408DF84A5026
:1014C0008DF848408DF83A508DF830508DF84C40EA
:1014D0008DF83B4014948DF854401D948DF878405D
:1014E0001F948DF882408DF880404FF48043109314
:1014F0004FF4006311938DF881400BA9FFF7F2FEC2
:101500008DF80C508DF80D508DF81D508DF80E5043
:1015100005948DF81C408DF81E4008948DF82450D9
:101520008DF804504FF4803302934FF480030693F8
:101530004FF4005304938DF825500A9400946946A3
:101540003046FFF74FFF24B070BD10B582B004469F
:1015500000230193036803F580539A6942F48012D3
:101560009A61036803F580539B6901930120FFF79B
:101570003FFC2368019A03F580539A6102B010BDC5
:10158000002868D030B583B00446D0F88430002BF2
:1015900032D0324B5A6C42F480425A645B6C03F492
:1015A00080430193019B2E4B5A6822F400025A603B
:1015B0005A68A1680A435A605B68236803F5805340
:1015C0001A6842F001021A60FFF70CFC0546236816
:1015D00003F580531B6813F0010F13D0FFF702FCD3
:1015E000401BB0F5FA7FF2D90423C4F88830E02319
:1015F000C4F8843001202CE02023C0F8843002F0AD
:10160000C5FBC6E72046FFF74DFF2046FFF732FD3A
:101610002046FFF766FD626800212046FFF712FDB5
:101620002268D36B43F40273D3632268D2F80C119F
:101630000C4B0B43C2F80C312268D2F8103143F442
:101640000313C2F810310020C4F888001023C4F836
:10165000843003B030BD0120704700BF0038024025
:101660000038014060000200D0F88430102B01D017
:101670000120704770B504462023C0F8843001254E
:1016800085650423C366FFF785FC23681E6828462A
:10169000FFF7AEFB23681E60236803F580539A6949
:1016A00042F400529A61236803F580539A6942F02C
:1016B00002029A612046FFF748FF2268136843F050
:1016C0000803136023681E682846FFF791FB236810
:1016D0001E602268136843F004031360236803F557
:1016E0008053D969034A0A43DA614023C4F884303D
:1016F000002070BDC1A0010038B5D0F88430402B67
:1017000001D0012038BD04462023C0F8843003688E
:1017100003F58053D9691F4A0A40DA61036803F56B
:1017200080539A6922F400529A61036803F580534A
:101730009A6922F002029A610268136823F0040396
:10174000136003681D680120FFF752FB23681D60CA
:101750002046FFF7FAFE2268136823F0080313609F
:1017600023681D680120FFF743FB23681D600023E9
:1017700008E003F1120254F822104A6842F00042D5
:101780004A600133032BF4D90020A0651023C4F86C
:101790008430B7E73E5FFEFF10B5044629B1D4F8A8
:1017A0008430402B09D0012010BDD0F8883043F0A0
:1017B0000103C0F888300120F6E74B6BE363012298
:1017C0002046FFF7CDFC38B1D4F8883043F002034F
:1017D000C4F888300120E7E7BFF34F8FA36A5A1C93
:1017E000A262032A01D9033BA362236803F5805256
:1017F000526912F0040F08D003F5805304225A6195
:10180000236803F5805300225A600020CCE72DE9BD
:10181000F84F044681B18A46D0F88430402B6CD111
:10182000C76D07F1120350F82350C36EC3F10409CA
:101830004FF00008464634E0D0F8883043F001030A
:10184000C0F88830012059E02B6813F4007F02D0E3
:101850000023236663662B68C3F30D4B2B6813F4D8
:10186000807F03D02B6823674FF00108AA682A62A3
:101870005B4604F1800104F17C0002F061FC236E00
:1018800001332366636E5B44636600232B627B1C1B
:10189000032B00D9FB1E03F1120254F8225001362B
:1018A0001F462B68002B14DB88F001034E4510D235
:1018B0007BB12B6813F4807F03D0EB69A367AB691E
:1018C00063672B6813F4007FBED1E36F002BBBD19D
:1018D000DDE7E36E3344E3662BB9E765B8F1000F4B
:1018E00005D101200AE02046FFF754FBF5E7E36F3E
:1018F000CAF800300020E06700E00120BDE8F88F62
:10190000F8B50646056C446C012712E0631C032BF6
:1019100021D9033C0DE002F03FFC231D06EB8303BD
:101920000022DA61631C032B00D9E31E3564736463
:101930001C4695B18FB1013D231D06EB8303D86989
:101940000028E3D0F26804EB8403DB00D358002BBB
:10195000E1DA0027EDE71C46EBE70020F8BD704711
:10196000704700002DE9F04104460368D3F8388041
:1019700003F580525569D669364A576915F0400F0C
:1019800002D016F0400F34D115F0010F02D016F03E
:10199000010F35D115F4004F23D016F4004F20D09D
:1019A000D4F8883043F00803C4F8883015F4005F99
:1019B00030D0236803F580535A6922F07F4222F425
:1019C000010222F45F4222F0FF02C4F88C20DA699F
:1019D00022F4C032DA61E023C4F88430204602F0F9
:1019E000C1F918F0080F20D117F4002F2AD1BDE853
:1019F000F08103F58053184A5A6102F0A3F9C3E756
:101A0000236803F580534FF001125A61204602F01B
:101A1000A1F9BFE7236803F580535A6948F2806152
:101A20000A40C4F88C205961D8E72368DB6A03F0C8
:101A30006003C4F894302046FFF791FF0023C4F8F8
:101A40009430D1E7034B4FF400225A612046FFF750
:101A500087FFCCE7003C014040000100F8B5054697
:101A60001E460068036903F01C03C90289B21943CA
:101A7000940104F4F8640C4344F001040461FFF79A
:101A8000B1F9074601E02B681C6914F0010F07D07B
:101A9000FFF7A8F9C01BB0F5803FF4D3012004E0A4
:101AA0002B685B699BB233600020F8BD70B50546BA
:101AB0000668306900F01C00C90289B20143940134
:101AC00004F4F8640C4344F003049BB273612B6884
:101AD0001C61FFF787F9064601E02B681C6914F0CA
:101AE000010F07D0FFF77EF9801BB0F5803FF4D3DC
:101AF000012000E0002070BD002979D00268126842
:101B0000C2F3001281F828200268126802F0600215
:101B10004A620268126812F4007F0CBF01220022A0
:101B200081F8202002681268C2F30042CA77026876
:101B3000126812F4005F0CBF012200228A7702684B
:101B40001268C2F300320A770268126802F4006277
:101B50008A610268126802F480424A61026812686F
:101B600012F4800F0CBF012200224A74026812682E
:101B700012F4000F0CBF012200220A7402681268DE
:101B8000C2F3C012CA730268126802F460228A604B
:101B900002681268C2F380220A7102681268C2F3F6
:101BA00040628A7302689269C2F3400281F854204D
:101BB0000268926912F0800F0CBF0122002281F8A6
:101BC0004C200268926902F030020A65026892694C
:101BD000120C8A6402689269C2F3800281F856206E
:101BE00002689269C2F3C00281F855200020704754
:101BF0000120704751B108B5D0F88430102B01D0C6
:101C0000012008BDFFF76EFB0020FAE701207047B6
:101C100038B5054603681C6924F01C0400F062FD19
:101C20000C4B984204D844F008042B681C6138BD62
:101C3000094B984202D244F00C04F6E7074B984255
:101C4000F3D9074B984202D844F00404EDE744F07E
:101C50001004EAE7BF0E160200879303FFE0F505C4
:101C60007FD1F008D0F888007047D0F88C0070471A
:101C700000230F2B00F2F48070B582B066E0856817
:101C80004FEA430E032404FA0EF425EA0405CC6857
:101C900004FA0EF42C438460446824EA02044A687F
:101CA000C2F300129A40224342605DE0DC0808342F
:101CB00050F8242003F00705AD004FF00F0E0EFA88
:101CC00005FE22EA0E0E0A69AA4042EA0E0240F818
:101CD00024205DE0092200E0002202FA0EF22A43ED
:101CE0000234604D45F824205F4A94686FEA0C0284
:101CF00024EA0C054E6816F4801F01D04CEA040556
:101D0000594CA560E46802EA04054E6816F4001F09
:101D100001D04CEA0405544CE560646802EA04050D
:101D20004E6816F4003F01D04CEA04054E4C656045
:101D3000246822404D6815F4803F01D04CEA04022B
:101D4000494C226001330F2B00F2888001229A4017
:101D50000C6804EA020C32EA0404F3D14C6804F083
:101D60000304013C012C8AD94A6802F00302032AC9
:101D700009D0C4685D000322AA4024EA02048A68EC
:101D8000AA402243C2604A6802F00302022A8DD0B0
:101D900004684FEA430E032202FA0EF224EA020418
:101DA0004A6802F0030202FA0EF2224302604A6815
:101DB00012F4403FC6D02D4A546C44F4804454641D
:101DC000526C02F480420192019A9C08A51C254A9B
:101DD00052F8255003F0030E4FEA8E0E0F2202FA3E
:101DE0000EF225EA0205224A90423FF475AF02F551
:101DF0008062904222D002F58062904220D002F5AB
:101E0000806290421ED002F5806290421CD002F5A2
:101E1000806290421AD002F58062904218D002F59A
:101E20008062904216D002F58062904214D002F592
:101E3000806290423FF44EAF0A224EE701224CE707
:101E400002224AE7032248E7042246E7052244E744
:101E5000062242E7072240E708223EE702B070BDB3
:101E6000704700BF00380140003C0140003802408C
:101E7000000002400AB18161704709048161704726
:101E8000436901EA030221EA030141EA0241816157
:101E9000704730B583B0002800F0828004460568A2
:101EA00090F89534C3B1032384F89534B5F1A04F6D
:101EB00017D0206801F0FEFC237C8DF80030231D34
:101EC0000ECB206801F0B4FC70B1022384F8953485
:101ED0000125284603B030BD80F89434FEF764FE37
:101EE000E1E70023A371E4E70021206801F010FE80
:101EF000024608B9034617E0022384F89534012509
:101F0000E7E703EBC30104EB8101012048750B7582
:101F1000CB8500200876C861086203EBC30104EB9F
:101F2000810148620133DBB220799842E9D816E09A
:101F300002EBC20304EB8303002183F8551283F8FC
:101F4000542283F85812C3F85C12C3F8601202EBF3
:101F5000C20304EB8303C3F864120132D2B290428D
:101F6000E6D8237C8DF80030231D0ECB206801F0CD
:101F7000F7FC054658B900236374012384F89534AF
:101F8000237B012B08D0206801F0B0FDA1E70223DC
:101F900084F8953401259CE7204600F003F8F2E729
:101FA000012596E7034602680121C0F8D8140020F5
:101FB00083F8CC04936943F000639361516D024B45
:101FC0000B435365704700BF03000010024A1368BB
:101FD00043F48073136070470070004010B582B006
:101FE0001B4B1A6C42F080521A641B6C03F0805336
:101FF0000193019B174A136843F480331360FEF783
:10200000F1FE0446134B5B6813F4803F08D1FEF7E2
:10201000E9FE001BB0F57A7FF4D9032002B010BDB1
:102020000C4A136843F400331360FEF7DBFE0446EA
:10203000084B5B6813F4003F07D1FEF7D3FE001B8B
:10204000B0F57A7FF4D90320E8E70020E6E700BF87
:102050000038024000700040002800F0068270B591
:1020600082B00446036813F0010F29D0954B9B689A
:1020700003F00C03042B1AD0924B9B6803F00C0363
:10208000082B0FD06368B3F5803F40D0002B54D1AC
:102090008C4B1A6822F480321A601A6822F480226B
:1020A0001A6039E0874B5B6813F4800FEAD0854BE8
:1020B0001B6813F4003F03D06368002B00F0D78146
:1020C000236813F0020F74D07E4B9B6813F00C0F43
:1020D0005ED07C4B9B6803F00C03082B53D0E36865
:1020E000002B00F08980774A136843F001031360E6
:1020F000FEF778FE0546734B1B6813F0020F72D192
:10210000FEF770FE401B0228F5D90320B4E16D4AAA
:10211000136843F48033136063682BB3FEF762FEE9
:102120000546684B1B6813F4003FC9D1FEF75AFE01
:10213000401B6428F5D903209EE1B3F5A02F09D0F8
:10214000604B1A6822F480321A601A6822F48022E6
:102150001A60E1E75B4B1A6842F480221A601A6841
:1021600042F480321A60D7E7FEF73CFE0546554B35
:102170001B6813F4003FA3D0FEF734FE401B642815
:10218000F5D9032078E14F4B5B6813F4800FA6D19B
:102190004C4B1B6813F0020F03D0E368012B40F097
:1021A0006881484A136823F0F803216943EAC103B0
:1021B0001360236813F0080F46D0636983B3414A64
:1021C000536F43F001035367FEF70CFE05463D4B8A
:1021D0005B6F13F0020F37D1FEF704FE401B02289D
:1021E000F5D9032048E1374A136823F0F803216941
:1021F00043EAC1031360DCE7324A136823F00103AA
:102200001360FEF7EFFD05462E4B1B6813F0020F1F
:10221000CFD0FEF7E7FD401B0228F5D903202BE1C4
:10222000284A536F23F001035367FEF7DBFD054691
:10223000244B5B6F13F0020F06D0FEF7D3FD401B5B
:102240000228F5D9032017E1236813F0040F7DD08D
:102250001C4B1B6C13F0805F1ED11A4B1A6C42F0A2
:1022600080521A641B6C03F080530193019B01257B
:10227000154B1B6813F4807F10D0A368012B25D069
:10228000002B3BD10F4B1A6F22F001021A671A6F15
:1022900022F004021A671EE00025E9E70A4A1368E3
:1022A00043F480731360FEF79DFD0646064B1B68E2
:1022B00013F4807FE1D1FEF795FD801B6428F5D9EA
:1022C0000320D9E00038024000700040724A136FCA
:1022D00043F001031367A36833B3FEF783FD06469B
:1022E0006D4B1B6F13F0020F2FD1FEF77BFD801B90
:1022F00041F288339842F3D90320BDE0052B09D081
:10230000654B1A6F22F001021A671A6F22F004025D
:102310001A67E0E7604B1A6F42F004021A671A6FFF
:1023200042F001021A67D6E7FEF75CFD06465A4BFB
:102330001B6F13F0020F08D0FEF754FD801B41F213
:1023400088339842F3D9032096E0FDB9A369002BA6
:1023500000F09180504A926802F00C02082A59D08D
:10236000022B19D04C4A136823F080731360FEF7D8
:1023700039FD0446484B1B6813F0007F48D0FEF738
:1023800031FD001B0228F5D9032075E0424A136C89
:1023900023F080531364D9E73F4A136823F0807316
:1023A0001360FEF71FFD05463B4B1B6813F0007FD3
:1023B00006D0FEF717FD401B0228F5D903205BE08D
:1023C000E369226A1343626A43EA8213A26A5208EB
:1023D000013A43EA0243E26A43EA0263226B43EAB8
:1023E00002732D4A5360136843F080731360FEF745
:1023F000F9FC0446284B1B6813F0007F06D1FEF75A
:10240000F1FC001B0228F5D9032035E0002033E061
:10241000002031E0204A5268012B2FD002F48003C3
:10242000E1698B422CD102F03F03216A8B4229D112
:10243000616A47F6C0731340B3EB811F24D102F4E5
:102440004031A36A5B08013BB1EB034F1ED102F0A0
:102450007063E16AB3EB016F1AD102F0E042236BC3
:10246000B2EB037F16D1002006E001207047012067
:1024700002E0012000E0002002B070BD0120FBE777
:102480000120F9E70120F7E70120F5E70120F3E754
:102490000120F1E70120EFE70038024008B5334B97
:1024A0009B6803F00C03042B5BD0082B5BD12F4BF4
:1024B0005A6802F03F025B6813F4800F2CD02B4B5C
:1024C0005868C0F388104FEA401CBCEB000C6EEB60
:1024D0000E0E4FEA8E1343EA9C634FEA8C11B1EB68
:1024E0000C0163EB0E03DB0043EA5173C90011EBEF
:1024F000000C43F10003590200234FEA4C2041EA4B
:10250000DC51FDF705FF194B5B68C3F30143013351
:102510005B00B0FBF3F008BD144B5868C0F38810A3
:102520004FEA401CBCEB000C6EEB0E0E4FEA8E1314
:1025300043EA9C634FEA8C11B1EB0C0163EB0E0391
:10254000DB0043EA5173C90011EB000C43F10003B7
:10255000990200234FEA8C2041EA9C51FDF7D8FEF6
:10256000D1E70348D7E70348D5E700BF003802406A
:1025700000127A000024F400002800F0A08070B55A
:102580000D460446524B1B6803F00F038B420BD2DF
:102590004F4A136823F00F030B431360136803F0D3
:1025A0000F038B4240F08D80236813F0020F17D089
:1025B00013F0040F04D0474A936843F4E053936048
:1025C000236813F0080F04D0424A936843F4604331
:1025D0009360404A936823F0F003A1680B43936033
:1025E000236813F0010F31D06368012B20D0022B38
:1025F00025D0384A126812F0020F64D035498A6833
:1026000022F0030213438B60FEF7ECFB0646314BCE
:102610009B6803F00C036268B3EB820F16D0FEF7E1
:10262000E1FB801B41F288339842F0D9032045E05A
:10263000284A126812F4003FE0D101203EE0254A0A
:10264000126812F0007FD9D1012037E0204B1B68BF
:1026500003F00F03AB420AD91D4A136823F00F039E
:102660002B431360136803F00F03AB422DD1236893
:1026700013F0040F06D0174A936823F4E053E1687F
:102680000B439360236813F0080F07D0114A936837
:1026900023F46043216943EAC1039360FFF7FEFE20
:1026A0000C4B9B68C3F303130B4AD35CD8400B4B12
:1026B00018600B4B1868FEF721F9002070BD01204F
:1026C00070470120FAE70120F8E70120F6E700BF94
:1026D000003C02400038024054780108000002200B
:1026E00008000220014B1868704700BF000002205C
:1026F00008B5FFF7F7FF044B9B68C3F38223034A37
:10270000D35CD84008BD00BF003802404C780108B7
:1027100008B5FFF7E7FF044B9B68C3F34233034A56
:10272000D35CD84008BD00BF003802404C78010897
:102730000F2303600B4B9A6802F0030242609A6811
:1027400002F0F00282609A6802F4E052C2609B6874
:10275000DB0803F4E0530361034B1B6803F00F0332
:102760000B60704700380240003C0240F0B583B077
:102770000446066816F001060DD0B54B9A6822F49F
:1027800000029A609A68416B0A439A60436B002B7F
:1027900000F067810026256815F4002511D0AC4AA9
:1027A000D2F88C3023F44013E16B0B43C2F88C3029
:1027B000E36BB3F5801F00F05681002B00F05581CC
:1027C0000025236813F4801F0FD0A14AD2F88C3063
:1027D00023F44003216C0B43C2F88C30236CB3F517
:1027E000800F00F0448103B90125236813F0807F36
:1027F00000D0012613F0200F40F03B81236813F036
:10280000100F0CD0924BD3F88C2022F08072C3F8BA
:102810008C20D3F88C20A16B0A43C3F88C2023684A
:1028200013F4804F08D08A4AD2F8903023F4403312
:10283000616E0B43C2F89030236813F4004F08D048
:10284000834AD2F8903023F44023A16E0B43C2F8A0
:102850009030236813F4803F08D07D4AD2F890303E
:1028600023F44013E16E0B43C2F89030236813F455
:10287000003F08D0764AD2F8903023F44003216F0D
:102880000B43C2F89030236813F0400F08D0704A11
:10289000D2F8903023F00303616C0B43C2F8903000
:1028A000236813F0800F08D0694AD2F8903023F0E3
:1028B0000C03A16C0B43C2F89030236813F4807FA3
:1028C00008D0634AD2F8903023F03003E16C0B4318
:1028D000C2F89030236813F4007F08D05C4AD2F825
:1028E000903023F0C003216D0B43C2F89030236871
:1028F00013F4806F08D0564AD2F8903023F4407316
:10290000616D0B43C2F89030236813F4006F08D058
:102910004F4AD2F8903023F44063A16D0B43C2F8C4
:102920009030236813F4805F08D0494AD2F8903081
:1029300023F44053E16D0B43C2F89030236813F445
:10294000005F08D0424AD2F8903023F44043216E11
:102950000B43C2F89030236813F4800F08D03C4A30
:10296000D2F8903023F08063A16F0B43C2F890300F
:10297000236813F4001F0DD0354AD2F8903023F0AD
:102980000063E16F0B43C2F89030E36FB3F1006F67
:1029900000F0D580236813F0080F00D0012513F450
:1029A000802F08D02A4AD2F8903023F04073616F0C
:1029B0000B43C2F89030236813F4000F09D0244A67
:1029C000D2F8903023F08053D4F880100B43C2F833
:1029D0009030236813F0806F09D01D4AD2F89030F0
:1029E00023F00053D4F884100B43C2F890302368CE
:1029F00013F0006F09D0164AD2F88C3023F0007320
:102A0000D4F888100B43C2F88C30236813F0805F31
:102A100009D00F4AD2F88C3023F08063D4F88C10A0
:102A20000B43C2F88C3026B9236813F0007F00F006
:102A30000681074A136823F080631360FEF7D2F91A
:102A40000646034B1B6813F0006F7AD002E000BF0C
:102A500000380240FEF7C6F9801B6428F1D9032034
:102A6000F0E0012697E60126A7E60125A9E6012662
:102A7000B9E67F4B1A6C42F080521A641B6C03F06B
:102A800080530193019B7B4A136843F48073136066
:102A9000FEF7A8F90746774B1B6813F4807F06D131
:102AA000FEF7A0F9C01B6428F5D90320CAE0704BDB
:102AB0001B6F13F4407315D0226B02F440729A42DC
:102AC00010D06B4B1A6F22F44072196F41F48031B1
:102AD0001967196F21F4803119671A671B6F13F09A
:102AE000010F12D1236B03F44072B2F5407F1DD069
:102AF0005F4A936823F4F81393605D490B6F226B70
:102B0000C2F30B0213430B6778E6FEF76BF9074637
:102B1000574B1B6F13F0020FE4D1FEF763F9C01B94
:102B200041F288339842F3D903208BE05048826801
:102B300022F4F812504919400A438260DDE701256A
:102B400028E7236813F0010F13D0636B8BB9484A51
:102B5000D2F88430D2F88410606803F4403343EA3A
:102B6000801301F070610B43A16843EA0173C2F85E
:102B70008430236813F4002F03D0E26BB2F5801F7A
:102B800006D013F4801F1ED0236CB3F5800F1AD12A
:102B9000374AD2F88430D2F88410606803F44033A6
:102BA00043EA8013E06843EA006301F0E0410B432D
:102BB000C2F88430D2F88C3023F01F03616A0139E7
:102BC0000B43C2F88C30236813F0807F11D0284A61
:102BD000D2F88400D2F88410666823691B0443EAA3
:102BE000861300F07060034301F0E0410B43C2F82C
:102BF0008430236813F0007F0DD0626823691B04C2
:102C000043EA8213E26843EA0263A26843EA02737A
:102C1000174AC2F88430164A136843F08063136081
:102C2000FEF7E0F80646124B1B6813F0006F06D162
:102C3000FEF7D8F8801B6428F5D9032002E0012DA7
:102C400002D0002003B0F0BD094A136823F080537E
:102C50001360FEF7C7F80546054B1B6813F0005FCD
:102C60000CD0FEF7BFF8401B6428F5D90320E9E734
:102C70000038024000700040FFFCFF0F236813F48F
:102C8000002F01D0E26B22B113F4801F1DD0236C02
:102C9000DBB9354AD2F88830D2F88810606903F47D
:102CA000403343EA8013A06943EA006301F0E04146
:102CB0000B43C2F88830D2F88C3023F4F853A16A61
:102CC000013943EA0123C2F88C30236813F4001F52
:102CD00003D0E36FB3F1006F31D0236813F0080F16
:102CE00019D0214AD2F88810D2F88830606903F4EC
:102CF000403343EA801301F070610B43E16943EA1A
:102D00000173C2F88830D2F88C3023F44033E16A82
:102D10000B43C2F88C30144A136843F0805313609D
:102D2000FEF760F80446104B1B6813F0005F19D1E2
:102D3000FEF758F8001B6428F5D9032082E70A4AF9
:102D4000D2F88800D2F888106569236A1B0443EA28
:102D5000851300F07060034301F0E0410B43C2F8BB
:102D60008830BAE700206DE7003802407047000065
:102D700090F83D30DBB2012B3AD1022380F83D3090
:102D80000268D36843F00103D36003681A4AB3F1C1
:102D9000804F18BF93421DD0A2F57C42934219D0B8
:102DA00002F58062934215D002F58062934211D001
:102DB00002F5784293420DD002F57052934209D049
:102DC000A2F59432934205D01A6842F001021A60CB
:102DD000002070479968094A0A40062A18BFB2F5D0
:102DE000803F07D01A6842F001021A600020704745
:102DF00001207047002070470000014007000100DB
:102E0000704770477047704770B504460368DE68C6
:102E10001D6915F0020F10D016F0020F0DD06FF0E3
:102E200002021A610123037703689B6913F0030F01
:102E300064D0FFF7E6FF0023237715F0040F12D0CC
:102E400016F0040F0FD023686FF004021A610223FA
:102E5000237723689B6913F4407F55D02046FFF702
:102E6000D0FF0023237715F0080F12D016F0080FBB
:102E70000FD023686FF008021A61042323772368B8
:102E8000DB6913F0030F46D02046FFF7BAFF00239B
:102E9000237715F0100F12D016F0100F0FD0236803
:102EA0006FF010021A61082323772368DB6913F49B
:102EB000407F37D02046FFF7A4FF0023237715F08B
:102EC000010F02D016F0010F33D115F4025F02D0CA
:102ED00016F0800F35D115F4807F02D016F0800FE8
:102EE00037D115F0400F02D016F0400F39D115F050
:102EF000200F02D016F0200F3BD170BDFFF780FFEE
:102F00002046FFF77FFF96E72046FFF779FF204630
:102F1000FFF778FFA5E72046FFF772FF2046FFF78F
:102F200071FFB4E72046FFF76BFF2046FFF76AFF0B
:102F3000C3E723686FF001021A612046FDF73CFCED
:102F4000C3E723686FF402521A61204600F0D5F8F7
:102F5000C1E723686FF480721A61204600F0CEF852
:102F6000BFE723686FF040021A612046FFF74BFF6E
:102F7000BDE723686FF020021A61204600F0BCF81C
:102F8000BBE7000070B403683C4A904214BF0022C3
:102F90000122B0F1804F14BF144642F00104ACB9D5
:102FA000374DA84214BF00250125364EB0420DD042
:102FB00065B905F1804505F58235A84214BF0025A5
:102FC000012506F50066B04200D01DB123F0700364
:102FD0004D682B43002C33D1294CA04214BF002450
:102FE0000124284DA8422BD054BB04F1804404F5A1
:102FF0008234A04214BF0024012405F50065A842D4
:103000001ED0ECB9204CA04214BF0024012405F5C9
:103010009A35A84214D09CB91C4CA04214BF00247D
:10302000012405F50065A8420AD04CB9184CA0420D
:1030300014BF00240124A5F59635A84200D01CB188
:1030400023F44073CC68234323F080034C6923436B
:103050008C68C4620C6884620E4CA04208BF42F0C7
:1030600001020AB10A690263026842F004020260C6
:1030700001224261036070BC704700BF0000014044
:1030800000080040000400400044014000180040D7
:10309000002000400004014060B310B5044690F8E1
:1030A0003D3013B3022384F83D30214651F8040B20
:1030B000FFF768FF012384F8483084F83E3084F835
:1030C0003F3084F8403084F8413084F8423084F84E
:1030D000433084F8443084F8453084F8463084F82E
:1030E000473084F83D30002010BD80F83C30FFF7B9
:1030F0003DFED7E701207047704770477047026870
:1031000052E8003F23F4907342E800310029F6D1E1
:10311000026802F1080353E8003F23F0010308327C
:1031200042E800310029F3D1036E012B06D02023A1
:10313000C0F880300023036683667047026852E857
:10314000003F23F0100342E800310029F6D1EEE7FA
:1031500010B5044683680269134342691343C26988
:10316000134301680868914A02401A430A602268C2
:10317000536823F44053E1680B435360A269236A08
:103180001A4321688B6823F4306313438B602368F0
:10319000874A934218D0874A93423AD0864A93424C
:1031A0004FD0864A93425ED0854A93426DD0854A7D
:1031B00093427FD0844A934200F09180834A9342A5
:1031C00000F0A28010230BE0814BD3F8903003F085
:1031D0000303032B1BD8DFE803F00216AB1801230F
:1031E000E069B0F5004F00F0D780082B00F238817D
:1031F000DFE813F014012701120136012A0136011C
:10320000360136012D010423EAE70823E8E71023FD
:10321000E6E76F4BD3F8903003F00C030C2B0ED87D
:10322000DFE803F0070D0D0D090D0D0D880D0D0DD7
:103230000B000023D4E70423D2E70823D0E71023B0
:10324000CEE7634BD3F8903003F03003202B73D0DC
:1032500005D8002B72D0102B72D10423C0E7302B7D
:1032600070D10823BCE75A4BD3F8903003F0C00369
:10327000802B69D005D8002B68D0402B68D104235F
:10328000AEE7C02B66D10823AAE7514BD3F89030A4
:1032900003F44073B3F5007F5ED006D8002B5DD0F9
:1032A000B3F5807F5CD104239AE7B3F5407F59D111
:1032B000082395E7464BD3F8903003F44063B3F509
:1032C000006F51D006D8002B50D0B3F5806F4FD18E
:1032D000042385E7B3F5406F4CD1082380E73C4BCE
:1032E000D3F8903003F44053B3F5005F44D006D8D0
:1032F000002B43D0B3F5805F42D1042370E7B3F5D0
:10330000405F3FD108236BE7314BD3F8903003F493
:103310004043B3F5004F37D005D8BBB3B3F5804F6A
:1033200036D104235CE7B3F5404F33D1082357E788
:10333000022355E7022353E7022351E700234FE717
:1033400010234DE710234BE7022349E7002347E70B
:10335000102345E7102343E7022341E700233FE71B
:1033600010233DE710233BE7022339E7012337E72A
:10337000102335E7102333E7022331E700232FE73B
:1033800010232DE710232BE7022329E7002327E74B
:10339000102325E7102323E7082B5BD8DFE803F091
:1033A0001A343A5A375A5A5A1E0000BFF369FFEFCF
:1033B000001001400044004000480040004C004024
:1033C000005000400014014000780040007C0040A4
:1033D00000380240FFF78CF900283DD0626853089E
:1033E00003EB4003B3FBF2F3A3F110014FF6EF72CE
:1033F000914233D89AB222F00F02C3F3420313432F
:103400002268D360002030E0FFF782F9E4E7FFF79D
:1034100045F8E1E71748E1E7164802E0FFF768F9E9
:1034200000B3636800EB5300B0FBF3F0A0F11002AF
:103430004FF6EF739A4217D8236880B2D860002005
:1034400013E0FFF765F9EBE7FFF728F8E8E74FF43B
:103450000040E6E7012008E0002006E0012004E04B
:10346000012002E0002000E001200023A366E366C3
:1034700010BD00BF0024F400436A13F0080F06D00B
:103480000268536823F40043416B0B435360436A63
:1034900013F0010F06D00268536823F40033816AE9
:1034A0000B435360436A13F0020F06D0026853685F
:1034B00023F48033C16A0B435360436A13F0040F53
:1034C00006D00268536823F48023016B0B435360DA
:1034D000436A13F0100F06D00268936823F48053F8
:1034E000816B0B439360436A13F0200F06D0026890
:1034F000936823F40053C16B0B439360436A13F04A
:10350000400F0AD00268536823F48013016C0B4308
:103510005360036CB3F5801F0BD0436A13F0800F28
:1035200006D00268536823F40023816C0B43536078
:1035300070470268536823F4C003416C0B43536027
:10354000EBE72DE9F84305460E4617469946DDF8A8
:1035500020802B68DC6936EA04040CBF01240024B7
:10356000BC423AD1B8F1FF3FF3D0FDF73BFCA0EBF2
:103570000900404534D8B8F1000F33D02B681A68E1
:1035800012F0040FE5D0B6F1400218BF0122802EE0
:10359000DFD0002ADDD0DA6912F0080F11D1DA6924
:1035A00012F4006FD5D04FF400621A622846FFF77C
:1035B000A6FD2023C5F88430002385F87830032049
:1035C0000CE008241C622846FFF799FDC5F88440EA
:1035D000002385F87830012000E00020BDE8F88362
:1035E0000320FBE70320F9E72DE9F04182B01E46F6
:1035F000C36F202B57D104460D469046002A18BFB2
:10360000002901D101204FE00023C0F8843021239C
:10361000C367FDF7E7FB0746A4F85080A4F8528083
:10362000A368B3F5805F02D04FF0000815E023696E
:103630003BB34FF0000810E02023E367032033E0A2
:1036400038F8023B2268C3F308039362B4F85220AF
:1036500092B2013A92B2A4F85220B4F852309BB21E
:1036600093B100963B46002280212046FFF769FF78
:103670000028E1D1002DE3D015F8012B23689A62D0
:10368000E4E7A8460025E8E700963B4600224021F3
:103690002046FFF756FF10B92023E36704E02023FC
:1036A000E367032000E0022002B0BDE8F08130B5FE
:1036B00083B004460023C0F88430FDF793FB054631
:1036C0002268126812F0080F0FD123681B6813F0EC
:1036D000040F26D12023E367C4F880300020206641
:1036E000606684F8780003B030BD6FF07E430093CD
:1036F000034600224FF400112046FFF722FF002866
:10370000E3D0226852E8003F23F0800342E8003112
:103710000029F6D12023E367002384F878300320C2
:10372000E1E76FF07E4300932B4600224FF48001C7
:103730002046FFF706FF0028CCD0226852E8003F61
:1037400023F4907342E800310029F6D1226802F197
:10375000080353E8003F23F00103083242E8003138
:103760000029F3D12023C4F88030002384F8783076
:103770000320B8E768B310B50446C36F03B324232E
:10378000E3672268136823F001031360636AE3B9F7
:103790002046FFF7DDFC012811D02268536823F48E
:1037A000904353602268936823F02A039360226851
:1037B000136843F0010313602046FFF778FF10BD44
:1037C00080F87830FDF78EF9D9E72046FFF754FEF0
:1037D000DEE70120704782B000230193019B013393
:1037E0000193019BB3F1706F1CD80369002BF5DACC
:1037F0000A23019302E0019B013B0193019B002BF3
:10380000F9D1036943F001030361019B0133019383
:10381000019BB3F1706F08D8036913F0010FF4D165
:10382000002000E0032002B070470320FBE7000007
:1038300084B010B5044603A880E80E009DF811304E
:10384000012B1FD1A36B23F48033A363E268184BD1
:103850001340E360E36823F44013E3609DF81830FD
:10386000012B0AD02046FFF7B6FF9DF80E30012B42
:1038700014D0BDE8104004B07047E36843F48013EF
:10388000E360EFE7E36843F04003E3602046FFF7BF
:10389000A2FFA36B43F48033A363E6E7A36843F07E
:1038A0000603A360A36843F02003A360E1E700BF21
:1038B000BFFFBDFF836823F00103836000207047D2
:1038C00082B000230193019B01330193019BB3F16B
:1038D000706F15D80369002BF5DA00230193890175
:1038E00041F020010161019B01330193019BB3F180
:1038F000706F08D8036913F0200FF4D1002000E0A6
:10390000032002B070470320FBE782B0002301933D
:10391000019B01330193019BB3F1706F13D80369CD
:10392000002BF5DA0023019310230361019B01337F
:103930000193019BB3F1706F08D8036913F0100F66
:10394000F4D1002000E0032002B070470320FBE721
:10395000D0F800381943C0F8001800207047000064
:1039600084B0F8B5044607A880E80E00002306E0FE
:1039700003F1400204EB82020021516001330E2B5F
:10398000F6D99DF8266006BBD4F8043843F002034C
:10399000C4F80438A36B23F40013A363236843F033
:1039A00040032360236843F0800323600023C4F8AE
:1039B000003E9DF82130012B11D19DF81F304BB9ED
:1039C00000212046FFF7C4FF0DE0A36B43F4001372
:1039D000A363EBE701212046FFF7BAFF03E00321D1
:1039E0002046FFF7B5FF10212046FFF769FF054687
:1039F00000B101252046FFF788FF00B1012504F53D
:103A0000006C0023CCF81030CCF81430CCF81C300B
:103A10000AE0CBB94FF00060C2F8000900220A6149
:103A20004FF67F328A6001339DF81C10994210D9FD
:103A300004EB431202F51061D2F800090028E8DB1C
:103A40000020C2F80009E9E74FF09040C2F80009F1
:103A5000E4E700230AE0BBB14FF09047C2F8007BD7
:103A6000002202614FF67F3282600133994210D901
:103A700004EB431202F53060D2F8007B002FEADB42
:103A80000027C2F8007BEBE74FF00067C2F8007B2D
:103A9000E6E7DCF8103023F48073CCF81030002314
:103AA000A3616FF0804363619DF81E301BB9A36969
:103AB00043F01003A361A2690A4B1343A3619DF86D
:103AC00022301BB1A36943F00803A361012E04D087
:103AD0002846BDE8F84004B07047A269024B134382
:103AE000A361F5E700383C8004000040D0F8003EB8
:103AF00023F00303C0F8003ED0F8043843F002037B
:103B0000C0F8043800207047406900F00100704799
:103B100038B50546C36823F0C043C360012913D0FC
:103B200019BBC36843F08043C36000240A20FDF73B
:103B30005FF90A342846FFF7E7FF08B1C72CF5D92B
:103B4000C82C14D0002038BDC36843F00053C360B4
:103B500000240A20FDF74CF90A342846FFF7D4FF69
:103B60000128EDD0C72CF4D9EAE70120EBE70120CA
:103B7000E9E700207047000000B583B000230193FF
:103B8000054B1B781BB1019803B05DF804FB01A93C
:103B90000248FDF73CFEF6E794070220DC0602200F
:103BA00038B5054612E074B12846FFF7E5FF044634
:103BB0000028F8D02B69294698470028F3D02046E2
:103BC00008F004F9EFE70648FDF79AFE4FF0FF31E1
:103BD000044B186800F0A2FF0028F7D1E4E700BF0B
:103BE000DC0602209007022030B58DB00C4630254F
:103BF0002A46002168460FF090FA2A4600216846BE
:103C00000FF08BFA2246002303E01168F1B1013373
:103C1000126822B3032B4CD8516803EB430C0CA859
:103C200000EB8C0C4CF8301C51894CF82C1C002BF0
:103C3000EBD003F1FF3C03EB43010DEB81010CEBF7
:103C40004C0C00EB8C0C4CF8281CDEE703EB43011A
:103C50000CA800EB8101002041F8280CD7E722894D
:103C6000164B5A60C3F808D05C63204608F020FA6F
:103C700012491348FDF790FDE8B11148FDF7F2FF36
:103C800010F0020F09D064210E4B186800F046FFB7
:103C900048B90B48FDF734FEEAE7204608F096F8ED
:103CA0006FF00B0007E0204608F090F86FF002007C
:103CB00001E06FF00B000DB030BD00BFA406022084
:103CC000DC0602208C07022008B50146054807F0F3
:103CD00031FD054B1B78012B00D008BD024B0022A3
:103CE0001A70FAE7647801089407022008B5FDF716
:103CF00079F808BD08B50248FDF78AFF002008BD25
:103D0000DC06022008B513460A4601460348FDF7C3
:103D1000A5FE00B908BD4FF0FF30FBE7DC0602202E
:103D200008B513460A4601460348FDF7BFFE00B931
:103D300008BD4FF0FF30FBE7DC06022008B5FDF7B9
:103D400051F808BD08B5024B186800F02BFF08BDFC
:103D50009007022008B5024B186800F023FF08BD49
:103D60008C07022008B5FDF780FF10F0800F04D10A
:103D7000044B186800F016FF08BD034B186800F0EC
:103D800011FFF5E78C0702209007022070B58CB078
:103D900000230793089309930A930B930268414BFE
:103DA0009A4201D00CB070BDA3F590431A6B42F05B
:103DB00000721A631A6B02F000720092009A1A6B7A
:103DC00042F080621A631A6B02F080620192019ADB
:103DD0001A6B42F000621A631A6B02F000620292E0
:103DE000029A1A6B42F004021A631A6B02F0040280
:103DF0000392039A1A6B42F001021A631A6B02F0E3
:103E000001020492049A1A6B42F002021A631A6BBE
:103E100002F002020592059A1A6B42F040021A6300
:103E20001B6B03F040030693069B32230793022487
:103E300008940A940B260B9607A91B48FDF718FF58
:103E4000862307930894002509950A940B9607A9E1
:103E50001648FDF70DFF4FF400530793089409959A
:103E60000A940B9607A91248FDF702FF4FF420535E
:103E70000793089409950A940B9607A90D48FDF736
:103E8000F7FE2A4605213D20FDF71CF83D20FDF7F1
:103E900029F82A4605213E20FDF714F83E20FDF7BB
:103EA00021F87FE700800240000802400000024045
:103EB0000004024000180240F0B59BB004466422A2
:103EC000002101A80FF029F92248FCF713FF94F80C
:103ED000393013F0040F01D001280BDD13F0040F6B
:103EE0002AD1012828DD831E032B25D8DFE803F023
:103EF0000C2A262E1848FDF7FFFB204607F0C4FDCC
:103F0000204607F013FE17E04FF400664FF4804799
:103F1000114D01A92846FDF7EFFD0796069701A967
:103F20002846FDF767FE2846FDF79EFB204607F072
:103F300089FD204607F0D2FD1BB0F0BD4FF40066AE
:103F40000027E5E700264FF48047E1E700263746E3
:103F5000DEE700BF84060220DC06022070B58CB0CC
:103F60000446444D444B2B600AAE304600F09DF9A8
:103F70006E604FF40003AB60404BEB60404B2B6135
:103F80004FF4C0636B612846FDF7FAFA06463D4DD3
:103F90003822002128460FF0C0F821232B604FF46F
:103FA00040036B61384807F071FB00221146012085
:103FB00000F04AFD354D286000221146012000F036
:103FC00043FD334B18602B68002B42D0002840D0B3
:103FD0002422002101A80FF0A0F82E4B01934FF4EA
:103FE000806306933023079301AA21462A4800F0F4
:103FF0005BFB88B3062384F838301E4B5B681A7865
:1040000084F832205A7884F833209A7884F834205F
:10401000DA7884F835201A7984F836205B7984F8C8
:10402000373040F2DC53238694F8393043F00A03EA
:1040300084F83930194D1A492846FCF70DFE2846F8
:10404000FCF729FE58B98EB92046FFF735FF0CB0B2
:1040500070BDFCF7BDFBBBE7FCF7BAFBCAE7204627
:1040600007F064FD204607F00FFDF0E7FCF7B0FB1A
:10407000EDE700BFDC06022000800240A0C0072060
:1040800000C00720A40602206478010890070220DF
:104090008C070220B4400108A13B000884060220DE
:1040A0000C00022010B5044680B10C4BE362732370
:1040B00084F83A30742384F83B30094B6361094B30
:1040C000A3612046FFF74AFF002010BD064B4FF4C6
:1040D000FB72064906480EF06BFFE6E768410108EF
:1040E000999F0008E93B0008C040010830410108E1
:1040F0004041010810B582B004460E4807F0EAFAC4
:1041000088B1034600F1200222600B4A02614FF49D
:10411000C06201922268009241220021084607F005
:10412000EBFD02B010BD054B01221A700023236085
:10413000F7E700BF64780108C93C00089407022033
:1041400030B4A2F12004002542F8205C22F8185C6B
:1041500022F8163C056825B10D682C600C600168DA
:1041600005E00460FAE70889184408810968002915
:10417000F9D1BFF34F8F04E00649C1F85C22203229
:10418000203B002BF8DCBFF34F8FBFF36F8F30BCA9
:10419000704700BF00ED00E008B507F017FE08BD4E
:1041A00000487047704101087047000002280FD88E
:1041B00008B503460A46074951F8300001EBC30130
:1041C00089881AB10122FDF755FE08BD0022FAE7E1
:1041D000704700BF70780108022800D9704708B501
:1041E000044B03EBC002918853F83000FDF748FE02
:1041F00008BD00BF7078010810B5002409E0064B27
:1042000003EBC4010022898853F83400FDF732FE25
:104210000134022CF3D910BD70780108002918BFB1
:10422000002800D1704708B564238AB201460248CD
:10423000FFF7DAF908BD00BF1801022040B110B540
:104240000446FCF707F801462046FFF7E7FF10BDDC
:104250007047000008B5FFF7F1FF02210148FFF7A2
:10426000DDFF08BDD04701080120704700487047B6
:10427000A540000808B5FFF71FFE08BD38B5054684
:10428000FCF7CAFD0446FCF7CDFD4440FCF7D0FD29
:1042900084EA000302222A7000226A70AA701A0CB3
:1042A000EA701A0A2A716B7138BD08B5FFF7E6FF8C
:1042B00008BD0000084B1868084BA3FB00308009BC
:1042C000074BA3FB0023C21A03EB52039B08C3EB6B
:1042D000C303C01A704700BF445102201F85EB5131
:1042E00025499224054B186880EA4030186080EA1E
:1042F0005040186080EA401018607047200002208B
:1043000010B504460CF0CCFE001B10BD08B5114BD7
:104310001B7803B908BD104B1868FFF7F1FFC823DD
:1043200003FB00F00D4BA3FB00239B09B0F57A7F44
:10433000F0D30B490A681A440A604FF47A7202FB00
:1043400003F3084AA2FB032303490A6802EB931212
:104350000A60DFE7515102204C510220D34D621018
:10436000445102201F85EB51F8B50CF099FE2B4B00
:104370001E6836B1861B4FD0284B186000231846A4
:1043800002E0186048E00133062B08D8244AD25CCA
:10439000002AF8D0234A52F823201044F3E70022E1
:1043A0004FF47A7408E004EB440304EB43131E4912
:1043B000A1FB03135C0901329042F4D8002529E0E7
:1043C0001A4B53F8257006FB07F7194BA3FB072779
:1043D000BF0904FB07F7A3FB0737BF09FFF782FFFD
:1043E000144BA3FB0023C21A03EB52031B0903EB7C
:1043F0004303C3EBC303C31A0F4951F825205A33B3
:1044000007FB03F30848A0FB030302EB531241F838
:1044100025200135052DD3D9F8BD00BF205102203C
:104420003C510220A07801081F85EB5188780108D3
:10443000D34D6210876118862451022001207047F5
:10444000034A00231360C2F80330024A1360704726
:104450003C5102204451022038B506283AD804467F
:1044600001290CD002291FD0002936D1FFF74EFFB9
:10447000FFF720FFA04214BF002501252BE0184BB9
:104480001D7845B3174B1B780BB1002523E0164B65
:104490001868FFF735FFB0F5967F01D200251AE0C6
:1044A000124B01221A5516E00D4B1D789DB10D4B94
:1044B0001B78012B01D000250DE00B4B1868FFF78E
:1044C0001FFFB0F5967F01D2002504E0074B0022C4
:1044D0001A5500E00025284638BD0025FBE700BF3F
:1044E0005051022024000220485102203C51022059
:1044F00008B5064B1B781BB1044B01221A7008BD8E
:104500000CF0CEFD024B1860F6E700BF51510220BF
:104510004C51022008B5FFF7F9FE024B00221A7039
:1045200008BD00BF5151022010B50446084B1B784E
:104530001BB1084B1B78834203D00CF0B1FD064B36
:104540001860044B1C70024B01221A7010BD00BF92
:10455000505102202400022048510220014B002229
:104560001A7070475051022008B5FFF7CFFE0023A4
:10457000024A1370024A137008BD00BF5151022055
:104580005051022008B5FFF7C1FE014B186808BD65
:1045900044510220C8207047C8207047012070474E
:1045A00008B5064B00221A605A609A60DA601A61F8
:1045B0005A610CF075FD024B186008BD24510220B1
:1045C0002051022088B110B50446FFF7CDFE00232C
:1045D00008E0064A52F8231044F82310002142F85C
:1045E00023100133052BF4D910BD7047245102204C
:1045F000EFF305837BB9EFF3108313B9EFF3118366
:104600001BB1094B1B68022B08D0074B186840B937
:1046100001221A6070476FF0050070476FF00500C7
:1046200070474FF0FF3070470C58022008B5EFF389
:104630000583A3B9EFF3108313B9EFF311831BB113
:104640000B4B1B68022B0DD0094B1B68012B0CD1A7
:10465000074B02221A6001F04DFD002008BD6FF0EB
:104660000500FBE76FF00500F8E74FF0FF30F5E7D6
:104670000C58022008B5EFF3058363B9EFF31083FC
:1046800013B9EFF311831BB1044B1B68022B02D04B
:1046900001F088FD01E001F08BFD08BD0C580220FF
:1046A0004FF47A7070470000F0B587B0002405948D
:1046B000EFF3058454BBEFF3108313B9EFF31183C9
:1046C0001BB12B4B1B68022B20D0F8B1002A34D031
:1046D000156893692BB11E46013B372B02D9002088
:1046E00015E01826536813F0010F3FD1546984B1C7
:1046F0004FEA940C93682BB1D7685B2F02D91769E6
:1047000007B184B943B14FF0FF330BB3059807B03D
:10471000F0BD4FF0800CEDE7D368A3B91369ABB1DE
:104720004FF0FF33F1E70293019700960B46624684
:10473000294601F0C5FB0590E8E715460023182639
:104740004FF0800CE1E74FF0FF33DEE70023DCE7BA
:1047500005AB019300960B461FFA8CF2294601F037
:10476000F0FB0128D2D000230593CFE70020CEE74D
:104770000C58022008B5002001F016FCFEE70000EE
:10478000EFF30583B3B910B50446EFF3108313B903
:10479000EFF311831BB10D4B1B68022B0DD07CB1C5
:1047A000204601F05FFC04280DD0204601F0FCFB00
:1047B000002010BD6FF0050070476FF00500F8E7AE
:1047C0006FF00300F5E76FF00200F2E70C580220EB
:1047D00008B5EFF3058383B9EFF3108313B9EFF353
:1047E00011831BB1084B1B68022B09D008B90020AC
:1047F00008BD01F049FE0020FAE76FF00500F7E779
:104800006FF00500F4E700BF0C580220EFF30583BA
:10481000C3B910B582B00446EFF3108313B9EFF3B8
:1048200011831BB10C4B1B68022B0ED001F0BAFC9C
:104830000190211A00290BDD01A801F0CDFD002017
:1048400002B010BD6FF0050070476FF00500F7E78C
:104850006FF00300F4E700BF0C58022070B5EFF3CF
:104860000586002E4DD10446EFF3108313B9EFF304
:1048700011831BB1264B1B68022B45D024B3636800
:1048800013F0010600D0012613F0080F3ED16CB3DF
:10489000A16811B1E3684F2B1DD8B9B14FF0FF33B8
:1048A0006BBB3EB3042000F0F8FD05462DB104B10A
:1048B00024682146284601F00BF9002D18BF002E70
:1048C00020D045F001051DE03346DDE7E3687BB10C
:1048D0004FF0FF33E4E726B1042000F0E9FD054680
:1048E000E4E7012000F0E4FD0546DFE70023D7E719
:1048F0000023D5E7012000F0D0FD0546D6E70025CE
:10490000DBE70025284670BD0025FBE70025F9E719
:104910000C580220EFF305822ABB10B503460C4663
:1049200020F0010003F00101EFF3108212B9EFF360
:1049300011821AB1154A1268022A17D0012B18D910
:1049400041B1214601F044F8012815D0B4B16FF00F
:10495000010012E0214600F060FF012811D094B15F
:104960006FF0010009E06FF0050070476FF005007F
:1049700003E06FF0030000E0002010BD6FF00200C4
:10498000FBE70020F9E76FF00200F6E70C58022081
:10499000EFF305820ABB08B5034620F0010003F0DF
:1049A0000101EFF3108212B9EFF311821AB1124A2A
:1049B0001268022A14D0012B15D929B100F087FD05
:1049C000012813D1002008BD00231A46194600F023
:1049D0008CFC01280DD10020F5E76FF00500704731
:1049E0006FF00500EFE76FF00300ECE76FF00200F7
:1049F000E9E76FF00200E6E70C580220EFF30583C9
:104A0000B3B910B520F00104EFF3108313B9EFF33D
:104A100011831BB10B4B1B68022B0CD001280DD945
:104A2000204601F069F8204601F07CF8002010BD16
:104A30006FF0050070476FF00500F8E76FF00300B6
:104A4000F5E700BF0C58022070B582B0EFF3058384
:104A5000002B57D10E461446EFF3108313B9EFF332
:104A600011831BB12C4B1B68022B4FD0B04234BFBB
:104A70000023012300284BD0002B49D04CB1A5685E
:104A800015B1E3684F2B14D8002D43D1E3680BB167
:104A900039E0002301280ED073BB314600F003FC3F
:104AA000054685B304B124682146284601F010F874
:104AB00029E00123EEE7B3B903220021012000F031
:104AC000A2FB0546002D18BF002EEAD000231A468F
:104AD0001946284600F009FC0128E2D0284601F0DA
:104AE00021F800250FE0A36803220092002211465E
:104AF00000F02CFB0546E5E7A268314600F0ACFB70
:104B00000546CEE70025284602B070BD0025FAE72D
:104B10000025F8E70025F6E70C58022090B310B501
:104B200082B00C468446EFF305839BB9EFF3108304
:104B300013B9EFF311831BB1194B1B68022B09D07A
:104B40002146604600F069FE012824D02CB36FF0A6
:104B5000010015E0CCB90021019101AA604600F0E6
:104B600059FF012814D1019850B14FF0E0234FF0C4
:104B70008052C3F8042DBFF34F8FBFF36F8F002017
:104B800002B010BD6FF0030070476FF00300F7E74D
:104B90006FF00200F4E70020F2E76FF00200EFE7A9
:104BA0000C58022090B300B583B08446EFF3058320
:104BB000ABB9EFF3108313B9EFF311831BB1184BAB
:104BC0001B68022B0BD000231A461946604600F0E2
:104BD0008CFB012820D1002003B05DF804FB0023EA
:104BE000019301A9604600F002FD012811D101984E
:104BF0000028F1D04FF0E0234FF08052C3F8042D8D
:104C0000BFF34F8FBFF36F8F0020E5E76FF0030016
:104C100070476FF00200DFE76FF00200DCE700BFD3
:104C20000C580220EFF30583A3B910B50446EFF347
:104C3000108313B9EFF311831BB10B4B1B68022BCD
:104C40000BD06CB1204600F057FF204600F06AFF01
:104C5000002010BD6FF0050070476FF00500F8E709
:104C60006FF00300F5E700BF0C58022070B582B06A
:104C7000EFF30583002B47D11446EFF3108313B9EC
:104C8000EFF311831BB1254B1B68022B40D00B1E89
:104C900018BF012300283DD0002B3BD06CB3A36884
:104CA0004BB1E2684F2A06D9226922B101FB00F517
:104CB0006669AE421BD273B14FF0FF3363BB002273
:104CC00000F0A1FA054605B304B124682146284640
:104CD00000F0FEFE19E0E3688BB9236913B14FF0D1
:104CE000FF33EBE763696BB14FF0FF33E6E7002575
:104CF000009500F02BFA0546E5E70023DEE74FF0CC
:104D0000FF33DBE70023D9E70025284602B070BD5A
:104D10000025FAE70025F8E70025F6E70C58022001
:104D200010B582B01C46EFF30583BBB9EFF31083D7
:104D300013B9EFF311831BB11E4B1B68022B0DD06F
:104D4000002918BF00282DD00023224600F0CDFAFC
:104D500001282AD05CB36FF0010018E0002918BFC9
:104D6000002816D0C4B90023019301AA00F0D1FB9A
:104D7000012814D1019850B14FF0E0234FF0805238
:104D8000C3F8042DBFF34F8FBFF36F8F002002B025
:104D900010BD6FF00300FAE76FF00300F7E76FF064
:104DA0000200F4E76FF00300F1E70020EFE76FF097
:104DB0000200ECE70C58022010B582B01C46EFF35D
:104DC0000583B3B9EFF3108313B9EFF311831BB16C
:104DD0001E4B1B68022B0CD0002918BF00282CD0BA
:104DE000224600F065FC01282AD05CB36FF0010078
:104DF00018E0002918BF002816D0C4B90023019379
:104E000001AA00F007FE012814D1019850B14FF01B
:104E1000E0234FF08052C3F8042DBFF34F8FBFF350
:104E20006F8F002002B010BD6FF00300FAE76FF043
:104E30000300F7E76FF00200F4E76FF00300F1E71B
:104E40000020EFE76FF00200ECE700BF0C580220F3
:104E5000EFF30583A3B910B50446EFF3108313B93C
:104E6000EFF311831BB10B4B1B68022B0BD06CB102
:104E7000204600F041FE204600F054FE002010BD08
:104E80006FF0050070476FF00500F8E76FF0030062
:104E9000F5E700BF0C580220034B0360034B0B6087
:104EA00080231360704700BFB0570220B055022026
:104EB000034B0360034B0B604FF480731360704728
:104EC000545502205451022000F1080343604FF072
:104ED000FF328260C36003610023036070470023D8
:104EE0000361704743684B609A688A6051609960BB
:104EF0000861036801330360704730B40D68B5F191
:104F0000FF3F11D000F108031C465B681A68AA42F3
:104F1000FAD963684B6099608C60616008610368CE
:104F20000133036030BC70470469F2E703694168EC
:104F300082688A60416851605A68824206D00022C5
:104F400002611A68013A1A601868704782685A60EC
:104F5000F5E70346406A18B11B6B1868C0F13800CA
:104F6000704710B5044601F095FFA26BE36B9A42BF
:104F700004D0002401F0B4FF204610BD0124F9E75D
:104F800010B5044601F086FFA36B23B9012401F09C
:104F9000A7FF204610BD0024F9E770B5044615466A
:104FA000866B026C5AB903681BB100200136A663F8
:104FB00070BD806801F018FC0023A360F6E76DB9AE
:104FC00040680EF064F96368226C13446360A26861
:104FD000934219D3236863602846E7E7C0680EF060
:104FE00056F9E368226C51429B1AE36022689342AF
:104FF00002D2A3680B44E360022D01D00020D5E764
:1050000026B1013E0020D1E72846CFE70020CDE7BA
:105010000346026C6AB110B50846D9681144D960DC
:105020009C68A14201D31968D960D9680EF02FF9A4
:1050300010BD704738B5054601F02CFF95F8454086
:1050400064B201E0013C64B2002C0ADD6B6A43B13A
:1050500005F1240001F0C6FA0028F3D001F05CFB52
:10506000F0E7FF2385F8453001F03AFF01F012FF29
:1050700095F8444064B201E0013C64B2002C0ADDC2
:105080002B6943B105F1100001F0ACFA0028F3D010
:1050900001F042FBF0E7FF2385F8443001F020FFE8
:1050A00038BD38B5E0B10D46044601F0F3FE236883
:1050B000E26B216C01FB0230A0600020A063636002
:1050C000013A02FB0133E360FF2384F8443084F8A3
:1050D00045300DBB236973B901F002FF012038BDD3
:1050E0004FF0500372B683F31188BFF36F8FBFF395
:1050F0004F8F62B6FEE704F1100001F073FA00284A
:10510000EAD04FF0E0234FF08052C3F8042DBFF3F4
:105110004F8FBFF36F8FDFE704F11000FFF7D4FE6E
:1051200004F12400FFF7D0FED6E738B51D46049CF5
:105130000B4649B92460E063236401212046FFF750
:10514000B0FF84F84C5038BD2260F4E750B94FF0FE
:10515000500372B683F31188BFF36F8FBFF34F8F85
:1051600062B6FEE710B584B01C4693B10B1E18BFA3
:105170000123002A08BF43F00103ABB94FF05003ED
:1051800072B683F31188BFF36F8FBFF34F8F62B690
:10519000FEE74FF0500372B683F31188BFF36F8FB1
:1051A000BFF34F8F62B6FEE7B1FA81F35B09002AC5
:1051B00018BF43F0010353B94FF0500372B683F3A5
:1051C0001188BFF36F8FBFF34F8F62B6FEE7502396
:1051D0000393039B502B0AD04FF0500372B683F316
:1051E0001188BFF36F8FBFF34F8F62B6FEE7039B4B
:1051F000012384F8463000949DF81830FFF795FF9E
:10520000204604B010BD50B94FF0500372B683F37E
:105210001188BFF36F8FBFF34F8F62B6FEE7F0B513
:1052200083B00C4615460746A1B101FB00F0503093
:1052300001F0CCFF064650B1002380F846300090C4
:105240002B4600F1500221463846FFF76EFF3046EC
:1052500003B0F0BD0846EAE750B94FF0500372B60C
:1052600083F31188BFF36F8FBFF34F8F62B6FEE7F2
:1052700010B582B00C4688420AD24FF0500372B685
:1052800083F31188BFF36F8FBFF34F8F62B6FEE7D2
:1052900002230093134600221146FFF757FF00B187
:1052A000846302B010BD50B94FF0500372B683F35F
:1052B0001188BFF36F8FBFF34F8F62B6FEE710B553
:1052C0000C4688420AD24FF0500372B683F311881D
:1052D000BFF36F8FBFF34F8F62B6FEE7022200214C
:1052E000FFF791FF00B1846310BDF0B585B0019266
:1052F00098B10F461D460446D1B1022D26D1E36B6D
:10530000012B23D04FF0500372B683F31188BFF303
:105310006F8FBFF34F8F62B6FEE74FF0500372B648
:1053200083F31188BFF36F8FBFF34F8F62B6FEE731
:10533000036C002BE1D04FF0500372B683F3118859
:10534000BFF36F8FBFF34F8F62B6FEE701F0F0F946
:10535000064668B9019B002B4AD04FF0500372B645
:1053600083F31188BFF36F8FBFF34F8F62B6FEE7F1
:1053700000263DE02A4639462046FFF70EFE636AC6
:105380007BB948B14FF0E0234FF08052C3F8042DB1
:10539000BFF34F8FBFF36F8F01F0A2FD012005B067
:1053A000F0BD04F1240001F01DF90028F4D04FF005
:1053B000E0234FF08052C3F8042DBFF34F8FBFF3AB
:1053C0006F8FE9E701F08CFD0020E8E702A801F00B
:1053D00051F9012619E0002384F8443021E000232C
:1053E00084F8453023E02046FFF724FE00F076FFE6
:1053F00001F050FDA26BE36B9A42BBD3022DB9D0F2
:10540000019B002BDED0002EE0D001F069FD00F002
:10541000C1FE01F03FFD94F8442052B2B2F1FF3FCB
:10542000D9D094F8452052B2B2F1FF3FD7D001F065
:1054300057FD01A902A801F029F9D8B92046FFF7C4
:1054400090FD0028CFD0019904F1100001F092F8EE
:105450002046FFF7EFFD00F041FF0028C8D14FF0D4
:10546000E0234FF08052C3F8042DBFF34F8FBFF3FA
:105470006F8FBDE72046FFF7DDFD00F02FFF002016
:105480008DE748B108B5002181600160C1600B461D
:105490000A46FFF72AFF08BD704710B502460021F3
:1054A0000120FFF7B0FE0446FFF7EBFF204610BDDA
:1054B00010B582B00B460090002211460120FFF784
:1054C00045FE0446FFF7DDFF204602B010BD38B5AB
:1054D00038B10446856801F025F985420CD00020DA
:1054E00038BD4FF0500372B683F31188BFF36F8F4E
:1054F000BFF34F8F62B6FEE7E368013BE3600BB199
:105500000120EDE71A4619462046FFF7EEFE01207E
:10551000E6E72DE9F843A0B10F4616461C460546BE
:10552000D1B1022C26D1EB6B012B23D04FF05003CD
:1055300072B683F31188BFF36F8FBFF34F8F62B6DC
:10554000FEE74FF0500372B683F31188BFF36F8FFD
:10555000BFF34F8F62B6FEE7036C002BE1D04FF034
:10556000500372B683F31188BFF36F8FBFF34F8F71
:1055700062B6FEE701F094FDEFF311884FF050039F
:1055800072B683F31188BFF36F8FBFF34F8F62B68C
:10559000AA6BEB6B9A4206D3022C04D0002088F34E
:1055A0001188BDE8F88395F845904FFA89F92246AD
:1055B00039462846FFF7F1FCB9F1FF3F06D009F163
:1055C00001035BB285F845300120E8E76B6A0BB94F
:1055D0000120E4E705F1240001F004F818B126B138
:1055E00001203060DBE70120D9E70120D7E778B15F
:1055F00070B50C460546036CABB14FF0500372B664
:1056000083F31188BFF36F8FBFF34F8F62B6FEE74E
:105610004FF0500372B683F31188BFF36F8FBFF35F
:105620004F8F62B6FEE70368FBB101F039FDEFF37F
:1056300011864FF0500372B683F31188BFF36F8F5A
:10564000BFF34F8F62B6AA6BEB6B934228D995F8E4
:1056500045305BB20132AA63B3F1FF3F13D001338F
:105660005BB285F8453001201BE08368002BDCD05D
:105670004FF0500372B683F31188BFF36F8FBFF3FF
:105680004F8F62B6FEE76B6A0BB9012009E005F1A6
:10569000240000F0A7FF38B144B10120206000E0F1
:1056A000002086F3118870BD0120FAE70120F8E799
:1056B000F0B585B00192A0B10F460446E1B101F00A
:1056C00037F8064630BB019B002B64D04FF05003E7
:1056D00072B683F31188BFF36F8FBFF34F8F62B63B
:1056E000FEE74FF0500372B683F31188BFF36F8F5C
:1056F000BFF34F8F62B6FEE7036C002BDFD04FF095
:10570000500372B683F31188BFF36F8FBFF34F8FCF
:1057100062B6FEE700263EE039462046FFF778FCF9
:10572000013DA563236923B901F0DAFB012005B02F
:10573000F0BD04F1100000F055FF0028F4D04FF048
:10574000E0234FF08052C3F8042DBFF34F8FBFF317
:105750006F8FE9E701F0C4FB0020E8E702A800F042
:1057600089FF012621E0002384F8443029E000234A
:1057700084F845302BE02046FFF75CFC00F0AEFDDE
:1057800009E02046FFF756FC00F0A8FD2046FFF791
:10579000F7FB00283FD101F07DFBA56B002DBBD1AD
:1057A000019B002BD6D0002ED8D001F099FB00F041
:1057B000F1FC01F06FFB94F844305BB2B3F1FF3FB2
:1057C000D1D094F845305BB2B3F1FF3FCFD001F0B8
:1057D00087FB01A902A800F059FF0028D1D120467B
:1057E000FFF7CEFB0028C6D0019904F1240000F099
:1057F000C1FE2046FFF71EFC00F070FD0028CAD154
:105800004FF0E0234FF08052C3F8042DBFF34F8FC9
:10581000BFF36F8FBFE7002089E770B584B00191B7
:1058200068B10446036CABB14FF0500372B683F31A
:105830001188BFF36F8FBFF34F8F62B6FEE74FF053
:10584000500372B683F31188BFF36F8FBFF34F8F8E
:1058500062B6FEE700F06CFF054660B9019B6BB1D4
:105860004FF0500372B683F31188BFF36F8FBFF30D
:105870004F8F62B6FEE70026354657E0064655E0F4
:10588000013BA36323683BB123694BB901F028FBBB
:105890000126304604B070BD01F046F8A060F3E781
:1058A00004F1100000F09EFE0028EFD04FF0E0233E
:1058B0004FF08052C3F8042DBFF34F8FBFF36F8FAB
:1058C000E4E756B14FF0500372B683F31188BFF38B
:1058D0006F8FBFF34F8F62B6FEE701F001FBD8E791
:1058E00002A800F0C7FE01252AE0002384F8443016
:1058F00032E0002384F8453034E001F0CBFAA068B0
:1059000000F026FF064601F0EBFA3BE02046FFF7E9
:1059100091FB00F0E3FC09E02046FFF78BFB00F071
:10592000DDFC2046FFF72CFB002842D101F0B2FA43
:10593000A36B002BA4D1019B002BC2D0002DCFD094
:1059400001F0CEFA00F026FC01F0A4FA94F84430FD
:105950005BB2B3F1FF3FC8D094F845305BB2B3F10E
:10596000FF3FC6D001F0BCFA01A902A800F08EFEEC
:105970000028D1D12046FFF703FB0028C6D02368BA
:10598000002BBAD0019904F1240000F0F3FD204669
:10599000FFF750FB00F0A2FC0028C7D14FF0E02336
:1059A0004FF08052C3F8042DBFF34F8FBFF36F8FBA
:1059B000BCE70EB900266CE701F06CFA2046FFF751
:1059C000C8FA0146A06800F05BFF01F089FAF1E730
:1059D00080B170B50C460546866800F0A3FE86428D
:1059E00013D021462846FFF718FF90B1EB6801332A
:1059F000EB600EE04FF0500372B683F31188BFF3F3
:105A00006F8FBFF34F8F62B6FEE7EB680133EB6039
:105A1000012070BD2DE9F843C0B10D469046044603
:105A2000F9B101F03DFBEFF311874FF0500372B66F
:105A300083F31188BFF36F8FBFF34F8F62B6A66BEE
:105A4000EEB9002087F31188BDE8F8834FF05003CA
:105A500072B683F31188BFF36F8FBFF34F8F62B6B7
:105A6000FEE7036C002BDCD04FF0500372B683F3DB
:105A70001188BFF36F8FBFF34F8F62B6FEE794F8C4
:105A800044904FFA89F929462046FFF7C1FA731E60
:105A9000A363B9F1FF3F06D009F101035BB284F8BB
:105AA00044300120CEE723690BB90120CAE704F195
:105AB000100000F097FD30B1B8F1000F05D00120C3
:105AC000C8F80000BEE70120BCE70120BAE70000EB
:105AD0000023072B0CD8074A52F833200AB10133B0
:105AE000F7E7044A42F8331002EBC30250607047F4
:105AF000704700BF105802200023072B0FD8084A18
:105B000002EBC3025268824201D00133F5E7044A36
:105B1000002142F8331002EBC30251607047704716
:105B20001058022038B110B50446FFF7E5FF94F88D
:105B300046305BB110BD4FF0500372B683F311884D
:105B4000BFF36F8FBFF34F8F62B6FEE7204601F0C1
:105B5000BDFBEFE770B504460D46164601F09AF915
:105B600094F844305BB2B3F1FF3F0DD094F8453068
:105B70005BB2B3F1FF3F0BD001F0B2F9A36B5BB1A5
:105B80002046FFF757FA70BD002384F84430EDE754
:105B9000002384F84530EFE73246294604F124001B
:105BA00000F002FDECE70000084B1B681B6823B9FE
:105BB000074B4FF0FF321A607047044B1B68DB68DD
:105BC000DB685A68024B1A60704700BFC058022059
:105BD000585802202DE9F04780460D461746994651
:105BE000089EDDF824A00A9C9200A521206B0DF0F0
:105BF00094FA236B6FF040423A4403EB820727F09C
:105C00000707A5B34FF0000CBCF10F0F09D815F82A
:105C10000C3004EB0C0282F8343013B10CF1010C9F
:105C2000F2E7002384F84330372E00D93726E662A6
:105C3000E66400252565201DFFF751F904F11800E1
:105C4000FFF74DF92461C6F13806A6616462656507
:105C500084F858504A464146384601F0F1F8206031
:105C6000BAF1000F01D0CAF80040BDE8F087002368
:105C700084F83430D8E7000038B5002407E004EB9E
:105C8000840293000E481844FFF71EF90134372CA4
:105C9000F5D90C4D2846FFF717F90B4C2046FFF7B6
:105CA00013F90A48FFF710F90948FFF70DF90948F9
:105CB000FFF70AF9084B1D60084B1C6038BD00BF98
:105CC000EC580220D8580220C4580220A8580220BC
:105CD000945802207C580220C0580220BC58022050
:105CE00010B5044601F0D6F8224A13680133136058
:105CF000214B1B685BB1214B1B686BB91E4B1B68AA
:105D0000DA6AE36A9A4207D81B4B1C6004E01A4B1C
:105D10001C601368012B29D0194A136801331360E2
:105D20006364E06A174B1B68984201D9154B1860F1
:105D300000EB8000211D144B03EB8000FFF7D2F82D
:105D400001F0CEF80D4B1B687BB10B4B1B68DA6A78
:105D5000E36A9A4209D24FF0E0234FF08052C3F831
:105D6000042DBFF34F8FBFF36F8F10BDFFF784FF7C
:105D7000D2E700BF785802204C5D02206C58022008
:105D80005C58022070580220EC58022010B50446DE
:105D900090F8593073B1012B13D0022B10D04FF073
:105DA000500372B683F31188BFF36F8FBFF34F8F29
:105DB00062B6FEE7006B01F089FA204601F086FA30
:105DC00010BD01F083FAFBE70F4B1B68D3B110B590
:105DD00001F060F80D4BDB68DC68201DFFF7A6F8CA
:105DE0000B4A1368013B1360074A1368013B1360B9
:105DF00001F076F82046FFF7C9FF034B1B68002B24
:105E0000E6D110BD704700BF905802209458022080
:105E10007858022008B5FFF7D7FF074B1B68012B06
:105E2000F9D94FF0E0234FF08052C3F8042DBFF3AF
:105E30004F8FBFF36F8FEEE7EC58022070B504462A
:105E40000D46194B1E68194B18680430FFF76EF8A1
:105E5000B4F1FF3F14BF00230123002D08BF00232E
:105E60006BB93444114B1B685C60A6420ED9104BD1
:105E700018680E4B19680431FFF73FF870BD0B4BE3
:105E8000196804310B48FFF72DF8F7E70A4B18683B
:105E9000064B19680431FFF730F8084B1B68A34222
:105EA000ECD9064B1C60E9E7745802204C5D0220D7
:105EB000BC5802207C580220C058022058580220AA
:105EC00030B587B00B9C8CB10C9DD5B15C25049589
:105ED000049D5C2D20D04FF0500372B683F31188DF
:105EE000BFF36F8FBFF34F8F62B6FEE74FF05003E3
:105EF00072B683F31188BFF36F8FBFF34F8F62B613
:105F0000FEE74FF0500372B683F31188BFF36F8F33
:105F1000BFF34F8F62B6FEE7049D0C9D2C630224F5
:105F200085F8594000240394029505AC01940A9C1D
:105F30000094FFF74FFE0C98FFF7D2FE059807B0CC
:105F400030BD2DE9F04385B00746884614461E460D
:105F5000900001F03BF908B381465C2001F036F96E
:105F60000546A8B1C0F83090002380F8593003935B
:105F700002900D9B01930C9B0093334622464146B1
:105F80003846FFF727FE2846FFF7AAFE012007E064
:105F9000484601F09BF94FF0FF3001E04FF0FF3031
:105FA00005B0BDE8F083000038B5044600F072FF8C
:105FB00024B3251D2846FEF7B9FFA36A1BB104F1DF
:105FC0001800FEF7B3FF204A1368013313601F4B1C
:105FD0001B68A34215D01E4A1368013B136020467C
:105FE000FFF7D4FEFFF7E0FD00F07AFF194B1B68C6
:105FF0001BB1164B1B68A3420CD038BD134B1C6859
:10600000D7E729461448FEF76DFF144A1368013399
:106010001360E9E7124B1B6853B14FF0500372B69F
:1060200083F31188BFF36F8FBFF34F8F62B6FEE724
:106030004FF0E0234FF08052C3F8042DBFF34F8F91
:10604000BFF36F8FD9E700BF5C5802204C5D022080
:10605000785802206C580220945802209058022050
:1060600050580220F8B5D0B104461D4B1B6883423E
:106070002FD000F00FFF65691A4B1F681A4B1E687E
:1060800000F02EFFB54218BFBD4224D0174B9D42F1
:1060900010D0174B9D4220D0CDB101201AE04FF017
:1060A000500372B683F31188BFF36F8FBFF34F8F26
:1060B00062B6FEE7A36A0BB102200BE094F85830F9
:1060C000DBB2012B01D0032004E0022002E0042017
:1060D00000E00020F8BD0220FCE70420FAE700BF42
:1060E0004C5D0220C0580220BC5802207C5802207F
:1060F0009458022010B588B000240594069407AA8D
:1061000006A905A8FEF7C8FE059B0293069B01930E
:1061100000942346079A19491948FFF7D1FE194BF5
:106120001860D0B100F07EFC012817D14FF0500369
:1061300072B683F31188BFF36F8FBFF34F8F62B6D0
:10614000114B4FF0FF321A60104B01221A60104BB6
:1061500000221A6000F03AFF03E00020B0F1FF3F98
:1061600001D008B010BD4FF0500372B683F3118810
:10617000BFF36F8FBFF34F8F62B6FEE78041010818
:10618000155E000854580220585802206C5802200E
:1061900074580220024A136801331360704700BF2D
:1061A00050580220014B1868704700BF74580220F5
:1061B00008B500F075FF014B186808BD745802203F
:1061C000F8B53B4B1B68002B66D13A4B1D68013577
:1061D0001D60D5B9384B1B681B6853B14FF0500395
:1061E00072B683F31188BFF36F8FBFF34F8F62B620
:1061F000FEE7314A1168314B186810601960304A67
:10620000136801331360FFF7CFFC2E4B1B68AB42C2
:1062100038D900272C4B1B68DB6A03EB83039A00F9
:106220002A4B9B58012B3CD901273AE00127224BEE
:106230001B681B6843B3204B1B68DB68DC68636822
:106240009D4226D3261D3046FEF770FEA36A1BB181
:1062500004F11800FEF76AFEE36A1D4A12689342D1
:1062600001D91B4A136003EB83039A003146174898
:106270001044FEF737FEE26A134B1B68DB6A9A4252
:10628000D4D2D4E70027D2E70E4B4FF0FF321A608A
:10629000C0E70C4A1360BDE70E4A13680133136070
:1062A00000270D4B1B6803B101273846F8BD00BF1E
:1062B0005058022074580220C0580220BC580220B6
:1062C00060580220585802204C5D0220EC580220F1
:1062D00070580220685802206458022038B5364BA6
:1062E0001B6853B94FF0500372B683F31188BFF3A4
:1062F0006F8FBFF34F8F62B6FEE700F0CBFD2E4BE2
:106300001A68013A1A601B68002B4FD12B4B1B688F
:106310000BB900244BE00024294B1B681BB3284B0E
:10632000DB68DC6804F11800FEF700FE251D284636
:10633000FEF7FCFDE06A234B1B68984201D9214B14
:10634000186000EB800029461F4B03EB8000FEF72E
:10635000C9FDE26A1D4B1B68DB6A9A42DCD31C4B09
:1063600001221A60D8E70CB1FFF71EFC194B1C681C
:1063700084B9174B1C68D4B14FF0E0234FF0805222
:10638000C3F8042DBFF34F8FBFF36F8F01240EE0CE
:10639000013C07D0FFF714FF0028F9D00C4B012275
:1063A0001A60F5E70B4B00221A60E2E7002400F0C8
:1063B00097FD204638BD00BF505802207858022073
:1063C000A858022070580220EC5802204C5D022090
:1063D000645802206858022038B568B10C4605465A
:1063E000A9B94FF0500372B683F31188BFF36F8FD2
:1063F000BFF34F8F62B6FEE74FF0500372B683F3E0
:106400001188BFF36F8FBFF34F8F62B6FEE71C4B4F
:106410001B6853B14FF0500372B683F31188BFF37A
:106420006F8FBFF34F8F62B6FEE7FFF7B3FE154BDA
:1064300018682B681C44834209D9A34201D82C60F8
:106440000EE0A04201D32C600AE02C6004E0A342DD
:1064500001D8A04212D22C600021201AFFF7EEFCD6
:10646000FFF73CFF48B94FF0E0234FF08052C3F8EC
:10647000042DBFF34F8FBFF36F8F38BD2C60EFE754
:10648000505802207458022010B5B8B10446114B80
:106490001B6853B14FF0500372B683F31188BFF3FA
:1064A0006F8FBFF34F8F62B6FEE7FFF773FE0021D9
:1064B0002046FFF7C3FCFFF711FF48B94FF0E02378
:1064C0004FF08052C3F8042DBFF34F8FBFF36F8F8F
:1064D00010BD00BF50580220214B1B681BB1214B3F
:1064E00001221A6070471F4B00221A601E4B1B6866
:1064F00003EB83018A001D498A586AB90BB1013B3D
:10650000F6E74FF0500372B683F31188BFF36F8F35
:10651000BFF34F8F62B6FEE7084603EB83018A00A4
:10652000024451684968516003EB830C4FEA8C02C6
:106530000832024491420BD003EB830291000B4AD4
:106540000A445268D1680A4A1160074A13607047CA
:10655000486862469100054A0A445060ECE700BF73
:10656000505802206458022070580220EC58022033
:106570004C5D022058B110B50C460A4A116818311A
:10658000FEF7BBFC01212046FFF758FC10BD4FF081
:10659000500372B683F31188BFF36F8FBFF34F8F31
:1065A00062B6FEE74C5D022038B570B10D46144668
:1065B0000B4A11681831FEF795FC0CB14FF0FF350E
:1065C00021462846FFF73AFC38BD4FF0500372B61B
:1065D00083F31188BFF36F8FBFF34F8F62B6FEE76F
:1065E0004C5D022038B5C368DC6824B304F118059B
:1065F0002846FEF79BFC194B1B683BBB251D284614
:10660000FEF794FCE06A164B1B68984201D9144BC4
:10661000186000EB80002946124B03EB8000FEF768
:1066200061FCE26A104B1B68DB6A9A4213D90120B5
:106630000E4B186038BD4FF0500372B683F31188CB
:10664000BFF36F8FBFF34F8F62B6FEE7294608484E
:10665000FEF748FCE5E70020ECE700BF50580220B9
:1066600070580220EC5802204C5D02206458022031
:10667000A8580220034B1B680360034B1B68436050
:10668000704700BF6058022074580220F8B5C8B1A6
:106690000C46054609B300F0FDFB1D4B19686B68FD
:1066A000C81A2268B2F1FF3F2AD01A4E36682F6806
:1066B000B74201D08B4228D9824219D800232360E7
:1066C00001241EE04FF0500372B683F31188BFF32C
:1066D0006F8FBFF34F8F62B6FEE74FF0500372B675
:1066E00083F31188BFF36F8FBFF34F8F62B6FEE75E
:1066F0005B1A134423602846FFF7BCFF002400E028
:10670000002400F0EDFB2046F8BD0124F9E700BFAE
:106710007458022060580220014B01221A60704711
:1067200064580220014B1868704700BF4C5D02207E
:10673000054B1B6833B1054B1B680BB1002070473C
:1067400002207047012070476C58022050580220E8
:1067500000283ED038B50446C36A204A1268D26A7F
:1067600093422ED28269002A05DB1C4A1268D26A43
:10677000C2F138028261616903EB8303184A02EBBC
:106780008303994205D0154B1B68DB6AE362012045
:1067900038BD251D2846FEF7C9FB104B1B68D86A7B
:1067A000E062104B1B68984201D90E4B186000EB59
:1067B000800029460A4B03EB8000FEF793FB012083
:1067C000E6E7C26C054B1B68DB6A9A4203D30020E4
:1067D000DEE7002070470120DAE700BF4C5D0220B1
:1067E000EC5802207058022000283FD038B50446EB
:1067F000204B1B6883420AD04FF0500372B683F3DC
:106800001188BFF36F8FBFF34F8F62B6FEE7036D42
:1068100053B94FF0500372B683F31188BFF36F8FF3
:10682000BFF34F8F62B6FEE7013B0365C16AC26CDE
:1068300091421DD00BB1002038BD051D2846FEF742
:1068400075FBE06CE062C0F13803A3610A4B1B6882
:10685000984201D9084B186000EB80002946074B8D
:1068600003EB8000FEF73EFB0120E5E700207047C8
:106870000020E1E74C5D022070580220EC58022015
:1068800000284AD038B50446036D53B94FF0500381
:1068900072B683F31188BFF36F8FBFF34F8F62B669
:1068A000FEE7C26C8A4200D20A46E16A914201D0F8
:1068B000012B00D038BD194B1B68A34222D0E262E5
:1068C000A369002B02DBC2F13802A261626901EB0D
:1068D0008101134B03EB81039A42EBD1251D28461E
:1068E000FEF724FBE06A0F4B1B68984201D90D4B61
:1068F000186000EB80002946094B03EB8000FEF78F
:10690000F1FAD7E74FF0500372B683F31188BFF363
:106910006F8FBFF34F8F62B6FEE770474C5D02206A
:10692000EC58022070580220054B1B6823B1044B21
:106930001A68136D01331365014B1868704700BF67
:106940004C5D0220064B1A6813682BB901230360C3
:1069500023B9D368186870470023F8E70020704710
:10696000505E022008B54160006191420CD8D21AF5
:1069700083699A4201D3012008BD011D0B4B1868A1
:10698000FEF7BBFA0020F7E79A422CBF0022012253
:10699000994238BF00220AB10120EDE7011D044BE6
:1069A0001868FEF7AAFA0020E6E700BF4C5E022056
:1069B000505E022030B583B000F06CFA114B1B68BA
:1069C0001BB100F08DFA03B030BD0F4D2846FEF725
:1069D0007BFA0E4C2046FEF777FA0D4B1D600D4BEF
:1069E0001C60002300930C4B0C4A10210A20FEF778
:1069F000ADFB044B18600028E3D00949FFF768F8A5
:106A0000DFE700BF485E0220685E0220545E02207D
:106A1000505E02204C5E0220505D0220A05D0220EC
:106A20008841010810B588B0FFF7C4FF134B1B68FD
:106A3000CBB100240594069407AA06A905A8FEF781
:106A400037FA059B0293069B01930223009323468A
:106A5000079A0B490B48FFF733FA0B4B186010B13C
:106A6000012008B010BD4FF0500372B683F31188B7
:106A7000BFF36F8FBFF34F8F62B6FEE7485E022011
:106A800090410108A56D0008445E0220B8B19C4603
:106A900003461948006868B300B585B000910192BB
:106AA000029305291EDCFFF743FE022812D00023C3
:106AB0001A46694610480068FEF717FC17E04FF0C9
:106AC000500372B683F31188BFF36F8FBFF34F8FFC
:106AD00062B6FEE70023069A694607480068FEF79B
:106AE00004FC04E0002362466946FEF712FD05B08F
:106AF0005DF804FB00207047485E022070B582B04C
:106B00001C4B1B681A6872B3DB681E68DC68251DA5
:106B10002846FEF70BFA236A2046984794F8283057
:106B200013F0040FECD0A36933449E4207D2636094
:106B3000246129460F4B1868FEF7DFF9E0E70021D2
:106B400000910B4632462046FFF7A0FF0028D7D120
:106B50004FF0500372B683F31188BFF36F8FBFF30A
:106B60004F8F62B6FEE7044A10680249086013605E
:106B700002B070BD505E02204C5E022038B5054662
:106B8000FFF710FB0446074B1B68834205D8002320
:106B90002B60044B1C60204638BDFFF7AFFF01237C
:106BA0002B60F6E7405E022070B582B006460D46C7
:106BB00018490968C968CC68201DFEF7B7F994F830
:106BC00028C01CF0040F08D12CF0010C84F828C058
:106BD000236A2046984702B070BDA16933462A4611
:106BE00031442046FFF7BEFE0028F1D0002100917D
:106BF0000B4632462046FFF749FF0028E8D14FF008
:106C0000500372B683F31188BFF36F8FBFF34F8FBA
:106C100062B6FEE7505E022070B582B006460C46B2
:106C2000FFF7B8FA01A8FFF7A9FF019B3BBB054698
:106C3000B04228BF002C19D024B1134A1268126840
:106C4000DAB901242246711B104B1868FEF782FF47
:106C5000FFF744FBA8B94FF0E0234FF08052C3F890
:106C6000042DBFF34F8FBFF36F8F0AE0FFF736FBA2
:106C700029463046FFF798FF03E01C46E2E7FFF79E
:106C80002DFB02B070BD00BF4C5E0220485E0220AA
:106C900010B588B002E0049B002B0FDA002204A993
:106CA0003F4B1868FEF704FD002877D0049B002BAB
:106CB000F1DA07990698059B9847ECE7069C63690B
:106CC00013B1201DFEF732F903A8FFF757FF049B0D
:106CD000092BE3D8DFE803F0050505323954050533
:106CE000323994F8283043F0010384F82830059BAA
:106CF000A169024619442046FFF734FE0028CDD092
:106D0000236A2046984794F8283013F0040FC5D022
:106D1000A269002100910B46059802442046FFF726
:106D2000B5FE0028BAD14FF0500372B683F3118834
:106D3000BFF36F8FBFF34F8F62B6FEE794F8283032
:106D400023F0010384F82830A8E794F8283043F0B2
:106D5000010384F828300599A16131B10346024648
:106D600001442046FFF7FEFD98E74FF0500372B64E
:106D700083F31188BFF36F8FBFF34F8F62B6FEE7C7
:106D800094F8283013F0020F04D023F0010384F8A4
:106D9000283083E7204600F099FA7FE708B010BD5D
:106DA000485E022000B583B001A8FFF7CBFD019932
:106DB000FFF732FFFFF76CFFF6E7000082B0002319
:106DC00001930F4B1B68B3F1FF3F0AD04FF0500304
:106DD00072B683F31188BFF36F8FBFF34F8F62B624
:106DE000FEE74FF0500372B683F31188BFF36F8F45
:106DF000BFF34F8F62B6019B002BFCD002B07047EF
:106E00002800022008480068006880F308884FF0D6
:106E1000000080F3148862B661B6BFF34F8FBFF3F2
:106E20006F8F00DF00BF000008ED00E0DFF80C000E
:106E3000016841F4700101607047000088ED00E0D6
:106E40004FF0807340F8043C21F0010140F8081C29
:106E5000054B40F80C3C40F8202C6FF0020340F842
:106E6000243C4438704700BFBD6D0008000000009E
:106E7000074B19680868B0E8F04F80F30988BFF342
:106E80006F8F4FF0000080F311887047AFF30080E0
:106E90004C5D02204FF0500372B683F31188BFF3AC
:106EA0006F8FBFF34F8F62B60C4A136801331360C4
:106EB000012B00D070474FF0E023D3F8043D13F0CE
:106EC000FF0FF7D04FF0500372B683F31188BFF372
:106ED0006F8FBFF34F8F62B6FEE700BF280002201E
:106EE0000A4B1B6853B94FF0500372B683F31188F5
:106EF000BFF36F8FBFF34F8F62B6FEE7013B034ACC
:106F000013600BB983F31188704700BF280002207B
:106F1000EFF30980BFF36F8F154B1A681EF0100F47
:106F200008BF20ED108A20E9F04F10602DE909001C
:106F30004FF0500072B680F31188BFF34F8FBFF34C
:106F40006F8F62B6FFF7C8FA4FF0000080F3118828
:106F500009BC19680868B0E8F04F1EF0100F08BFB0
:106F6000B0EC108A80F30988BFF36F8F704700BFC1
:106F70004C5D022008B54FF0500372B683F31188C0
:106F8000BFF36F8FBFF34F8F62B6FFF719F928B1C8
:106F90004FF0E0234FF08052C3F8042D002383F319
:106FA000118808BD4FF0E022002313619361054B67
:106FB0001B680549A1FB03139B09013B5361072390
:106FC0001361704700000220D34D621030B583B0CA
:106FD0002F4B1A78D2B20192FF221A701B78DBB2C3
:106FE0008DF803309DF8033003F05003294A1370E5
:106FF000294B07221A6009E0274A1368013B1360F6
:107000009DF803305B00DBB28DF803309DF8033050
:1070100013F0800FF0D1204B1B68032B0AD04FF0E8
:10702000500372B683F31188BFF36F8FBFF34F8F96
:1070300062B6FEE71B02184A136003F4E0631360B4
:10704000019BDBB2124A13704FF0E024D4F8203DCC
:1070500043F47003C4F8203DD4F8203D43F070435E
:10706000C4F8203DFFF79EFF00250C4B1D60FFF785
:10707000DDFED4F8343F43F04043C4F8343FFFF71B
:10708000C1FEFFF729FAFFF799FE284603B030BD8D
:1070900000E400E0805E02207C5E022028000220E6
:1070A000EFF305830F2B11D9134A9B5CDBB2134A14
:1070B00012789A420AD94FF0500372B683F31188BE
:1070C000BFF36F8FBFF34F8F62B6FEE74FF0E02341
:1070D000D3F80C3D03F4E063094A126893420AD9DD
:1070E0004FF0500372B683F31188BFF36F8FBFF375
:1070F0004F8F62B6FEE77047F0E300E0805E02204B
:107100007C5E0220124A12F0070F1ED0D11D21F022
:107110000701C1F5C04313440A460E48026000212E
:1071200041601344083B23F007030B480360596098
:107130001960991A51601360084B1960084B196067
:10714000084B4FF000421A6070474FF4C043E4E729
:107150009C5E0220945E0220905E0220885E0220E7
:107160008C5E0220845E0220164B1A461B68834206
:10717000FBD3516802EB010C844509D0416800EB58
:10718000010C634509D00360904219D0106070472C
:107190004068014451601046F0E710B40A4C24687E
:1071A000A3420BD05B681944416013681B680360FD
:1071B000904200D010605DF8044B70470460F7E720
:1071C000704700BF945E0220905E022038B50446EE
:1071D000FEF7E0FF384B1B68B3B1384B1B681C420D
:1071E0004ED1002C4ED004F1080214F0070F02D04B
:1071F00022F007020832002A55D0314B1B68934217
:1072000053D330490C6804E0FFF77CFFE5E72146E3
:107210001C466368934202D22368002BF7D1264BA9
:107220001B68A34243D00D68083523680B60636870
:107230009B1A102B12D9A01810F0070F0AD04FF08C
:10724000500372B683F31188BFF36F8FBFF34F8F74
:1072500062B6FEE743606260FFF786FF6268184926
:107260000B689B1A0B60184909688B4201D21649BA
:107270000B60124B1B68134363600023236002E022
:10728000002500E00025FFF729F815F0070F10D0C2
:107290004FF0500372B683F31188BFF36F8FBFF3C3
:1072A0004F8F62B6FEE70025EDE70025EBE70025EE
:1072B000E9E7284638BD00BF905E0220845E0220C8
:1072C0008C5E0220945E0220885E0220002834D06A
:1072D00038B50446A0F1080550F8043C174A126876
:1072E00013420AD14FF0500372B683F31188BFF3F3
:1072F0006F8FBFF34F8F62B6FEE750F8081C51B195
:107300004FF0500372B683F31188BFF36F8FBFF352
:107310004F8F62B6FEE723EA020340F8043CFEF713
:1073200039FF54F8041C064A13680B4413602846BE
:10733000FFF71AFFFEF7D2FF38BD7047845E0220C8
:107340008C5E0220F8B506460F460EE0144C20462F
:1073500009F027FE00223946304609F0DEFD2046BE
:1073600009F018FEF8BD09F087F909F0A5F90446FF
:10737000B0F1FF3FEAD00028F5D0094D284609F0CA
:1073800010FE22463946304609F0C7FD044628461D
:1073900009F000FEB4F1FF3FE4D109F06DF9E4E734
:1073A0009CBE022010B504460378012B10D0022B9E
:1073B00016D0CBB9C36881684068984720B9214688
:1073C000092004F0D3F910BD606804F0FFFCF6E773
:1073D0004368806898472146082004F0C7F9F2E71F
:1073E000436880689847EEE7034BCF22034904487F
:1073F0000BF0DEFDE7E700BF9841010804420108F9
:107400004041010800B583B00C4809F0C3FD0C4BA6
:107410001B682BB10B4A1068984701E0FFF7C2FFC9
:1074200001A90948FFF78EFF01980028F6D1074B04
:107430009122074907480BF0BBFDF1E79CBE0220F3
:10744000A8BE0220A4BE0220A0BE022098410108CE
:107450000442010840410108F8B507460E461546AA
:10746000124809F07BFD78B1092004F049F904467F
:10747000C0B10023037047608660C56001460B48B9
:1074800009F03BFD38B9F8BD094BFC2209490A480F
:107490000BF08EFDE8E72146092004F067F94FF074
:1074A000FF30F0E74FF0FF30EDE700BFA0BE022055
:1074B00098410108244201084041010808B591F8AB
:1074C000393013F0180F03D0034AFFF7C5FF08BD8A
:1074D000024AFFF7C1FFFAE7A90D0108E5A300087A
:1074E00038B505460C460E4809F038FD68B108204D
:1074F00004F006F9014680B1012303704560846001
:10750000074809F0EBFC002038BD064B40F2391269
:10751000054906480BF04CFDE9E74FF0FF30F3E773
:10752000A0BE022098410108244201084041010800
:1075300070B506460D46124809F010FD70B10820DE
:1075400004F0DEF80446C0B1012303704660856094
:1075500001460B4809F0D1FC40B970BD094B40F21F
:107560005D12094909480BF023FDE8E72146082090
:1075700004F0FCF84FF0FF30EFE74FF0FF30ECE79E
:10758000A0BE0220984101082442010840410108A0
:1075900030B583B005460C4600F070FE134B1D60FD
:1075A000134B1C600821134809F08AFC70B912487B
:1075B00009F0E4FC90B9282300934FF48053002293
:1075C0000E490F4809F0F2FC03B030BD0D4B40F2FC
:1075D00061220D490D480BF0EBFCE8E7094B40F246
:1075E00065220B4909480BF0E3FCE4E7A8BE022042
:1075F000A4BE0220A0BE02209CBE0220057400088A
:107600007C420108984101083442010840410108C8
:107610005842010830B338B50C460546012105F043
:107620001DF922461049284604F0AEFF50B9FF214B
:10763000284605F07BF8044660B10C49204605F069
:1076400095F938BD0A4B40F657220A490A480BF013
:10765000AFFCECE7064B40F65922084906480BF010
:10766000A7FCEAE7704700BF8C790108A1800008F9
:1076700084420108F4420108404101081043010816
:1076800038B50446436B33B1144B4FF46E72144952
:1076900014480BF08DFC6369D3B11A7C12F0020F11
:1076A00000D138BD04F140055A680C21284600F08D
:1076B0009FFD2846F8F7CEFD0928F2D84030221861
:1076C000094B19889B7821529370A563012300E030
:1076D0000023002BE5D0054B6363E2E784420108F9
:1076E0003043010840410108D047010844430108E4
:1076F0002DE9F04105460E461F4690467AB1B8F88E
:107700000030002B3AD0B5F86420934200D81A46D6
:107710006C8E6400A4B2A24212D8144610E0194B39
:1077200040F21922184919480BF042FCE7E70124FE
:10773000012C94BF00220122B0F1FF3F16D1AAB163
:107740003B4622463146284607F012FFB0F1FF3F84
:10775000EED1B5F86430002BE9D0B5F866300F2BC8
:1077600002D8C4F34F04E3E70124E1E710B9A8F815
:10777000004004E00023A8F8003000E00020BDE84D
:10778000F08100BF844201085843010840410108CC
:1077900010B582B00C464B6A4FF6FE72934214D875
:1077A0009BB2ADF8063001230DF10602A169FFF787
:1077B0009FFF68B9A369BDF806201344A361636AFB
:1077C0009B1A6362012002B010BD4FF6FF73E8E719
:1077D0000020F8E710B50446406918B10AF0BAF87D
:1077E00000236361206A18B104F0F0FA00232362D9
:1077F00010BD38B110B50446FFF7ECFF204603F08A
:10780000F7FC10BD7047000070B504460D461646E3
:10781000002105F059F80021204605F059F8002113
:10782000204605F089F800221146204605F0A6F80A
:107830000021204605F066F815B12846FFF7D9FF6C
:1078400036B9204605F016FC054630B9284670BD0D
:10785000204605F01DFA0025F8E7042202492046DB
:1078600005F08CF8F2E700BF6B7A000808B500223B
:10787000FFF7CAFF08BD08B5FFF7F8FF08BD000015
:1078800038B505460C46486960B10AF092F8002800
:107890000DDD0A4B40F29D4209490A480BF088FB76
:1078A000012038BD2846FFF7E6FF0020F9E7214612
:1078B0002846FFF7E0FF0020F3E700BF84420108FD
:1078C00068430108404101082DE9F04F83B00646A6
:1078D0000C464B6B2BB1B6F86450ADF80650002740
:1078E00014E00846FFF7CCFEF5E7032335E000235C
:1078F000ADF80630B4F84C30BDF8062013449BB206
:10790000A4F84C30AA1A95B2434533D0002D49D083
:10791000B4F84EB0BBF1040F44D8BDF80630002BCC
:1079200040D00BF10A0304EB8303D3F804A05046C4
:10793000F8F790FC1FFA80F8B4F84C30A8EB030974
:10794000A945A8BFA9461FFA89F9ADF806900AEB28
:107950000301BBF1030FC8D901230DF10602304624
:10796000FFF7C6FE0028C2D1BDF806309945C1D048
:107970000127BFE7B4F84E300133A4F84E3002E0DF
:107980000133A4F84E30B4F84E30042B06D803F17E
:107990000A0204EB82025268002AF1D00023A4F804
:1079A0004C30B3E7B4F84E30042B01D9A3694BB186
:1079B000B4F84E30042B0ED9A36973B1384603B026
:1079C000BDE8F08F21463046FFF75AFF08B1022785
:1079D000EEE70327F2E70227F0E70227EEE770B5AC
:1079E00069B306460C46B1F84E30042B10D9636AD1
:1079F0002BB921463046FFF743FF054630B12146FB
:107A00003046FFF7C5FE0546636A6BB1284670BD78
:107A1000FFF75AFF05460328F8D00128E7D0B4F84D
:107A20004E30042BE3D8F1E7606909F0C2FF00286B
:107A3000ECDC21463046FFF71EFF0025E6E7002577
:107A4000E4E750B108B50B460146002280F8282033
:107A50001846FFF7C4FF002008BD0020704718B18A
:107A600008B5FFF7C6FE08BD704710B50C4680B1DB
:107A7000014690F828300133DBB280F82830042B1F
:107A80000CD043691BB12046FFF7A9FF50B9002075
:107A900010BD00212046FFF7E9FEF8E72046FFF77A
:107AA000E5FEF4E7204608F005FBF0E770B5064672
:107AB0000C460C492160054609F0F0FE08B928463D
:107AC00070BD09492160304609F0E8FE0028F6D073
:107AD00006492160304609F0E1FE0028EFD000257C
:107AE0002560ECE7A0430108AC430108B843010856
:107AF00070B5002935D00C460B78A3B300250FE0F4
:107B0000202120460BF011FB10B1002202701AE078
:107B1000064618E0154B002243F82520013534466F
:107B20000F2DCCBF00230123F4B1EBB1104B43F870
:107B30002540262120460BF0F8FA06460028DFD023
:107B4000002306F8013B3D2120460BF0EEFA0346E8
:107B50000028DFD0002203F8012B044A42F8253028
:107B6000DCE7002500E00025284670BDACBE022001
:107B7000ECBE0220F8B50646324B03630023436394
:107B80008363A9B10C46304920460BF0EDFAC8B129
:107B90002E4BF3623F2120460BF0C7FA074608B18F
:107BA000002303702E2120460BF0BFFA002521E0B0
:107BB000264BC362264BC3630023A0F84E30A0F8C7
:107BC0004C3036E0234920460BF0CEFA10B1224B60
:107BD000F362DFE7214920460BF0C6FA10B1204BD3
:107BE000F362D7E71F4BF362D4E7451C2E212846EA
:107BF0000BF09BFA0028F8D15DB10024132C09D8B2
:107C00002946194B53F8340000F0D5FA10B101346D
:107C1000F4E714240FB13F233B70132C0AD8124B06
:107C200003EBC4035B68F3630023A6F84E30A6F8A9
:107C30004C30F8BD15B10D4BF363F5E70C4BF36316
:107C4000F2E700BFC443010874440108044401087A
:107C500024440108784401087C4401089844010840
:107C60009C440108BC440108E4780108FC44010874
:107C7000D0440108F0B583B004461E46002940D028
:107C800017460D460B6863B36561099B5BB11946E6
:107C90002046FFF72DFF0246234B0093234B31462E
:107CA000284609F062FE2B68A3616B68002B20DB7D
:107CB0006A686262002384F8283047B363691B7CDA
:107CC00013F0010F23D01A49A06900F04CFA0346C3
:107CD000E8B10433A2699A1AA361636A9B1A6362CA
:107CE00015E0144B40F60B12134914480BF060F9E1
:107CF000CAE7104B40F63412114910480BF058F9FE
:107D0000D6E7002343618361436280F828306269CB
:107D10001AB1137C13F0010F03D131462046FFF74F
:107D200029FF002003B0F0BDACBE0220ECBE022053
:107D3000D4460108844201081C450108404101085D
:107D4000304501082DE9F04F85B0044603911646F1
:107D50000D460846F8F77EFA20B18046471EEB5DD7
:107D60002F2B1DD03F2103980BF0DFF9074610B1F0
:107D7000002307F8013B25460399204609F08EFDB4
:107D800000285BD1002D5FD0019700230093039B57
:107D9000324629462046FFF76DFF05B0BDE8F08F5B
:107DA0002C4B9D4208D03F2F28BF3F27B8F1010F31
:107DB00005D14FF000092DE00128D3D1F3E7DFF81A
:107DC00094903A46294648460BF061FA002309F898
:107DD0000730EEE7204B53F839A05046F8F73AFA4F
:107DE000834528BF83461B4D5A465146E8190BF080
:107DF0004EFABB44002305F80B30AA4602E0164BAE
:107E000053F839A025465146204609F047FD68B190
:107E100009F10109B9F1040F0BD8B8F1010FEED047
:107E2000D7F13F0BD6D1DFF82CA0EBE7CDF80CA0B3
:107E300000E00025002D95D00027A5E703A92046E6
:107E4000FFF734FE05469DE703A92046FFF72EFE07
:107E5000054699E72CBF0220BC7801082DE9F047C0
:107E60000C460546002853D0002C59D06369002BDE
:107E700040F08380A369002B40F08280206A0028B4
:107E800056D0294604F030F9284604F011F9206A4A
:107E90000368002B4ED0058940F2FF339D4228BF76
:107EA0001D463C4E00232A46314604F0F5F9062DC6
:107EB00020D9A8462A463849304600F054F9C8B1BE
:107EC0000422364930460BF03DF98146002834D172
:107ED000F71C043DADB206F1040A2A46304950466B
:107EE00000F041F9034668B3A3EB0A05002B18BF65
:107EF000BB4230D8206A04F0D1F8236A1B89B3F55D
:107F0000806F40D2052841D96FF00F00BDE8F0879F
:107F1000244B40F2AE72244924480BF049F8A3E701
:107F2000204B40F2AF72224920480BF041F89DE708
:107F30002562A9E76E686D89B9E7002333716FF098
:107F40000F00E3E72A461449504600F00CF90346B7
:107F50004FF00109C8E742461649304600F003F9E0
:107F60000028C7D00023F370ADB20AF805304A46A6
:107F700051462046FFF7E6FEC8E76FF00700C5E769
:107F80006FF00700C2E76FF00F00BFE76FF004006B
:107F9000BCE700BF6CBF0220D04701085C45010868
:107FA0006445010884420108BC49010840410108B8
:107FB00050450108D4460108F8B504460D4616465A
:107FC000B2FA82F25209002B18BF42F0010252B9F4
:107FD00048B13189284604F0EBFB63698BB1304628
:107FE00003F0F4FE0BE036B13189284604F0E0FBE3
:107FF000304603F0EBFE21462846FFF737FC002011
:10800000F8BD2A4621463046FFF728FF07460028DC
:1080100018BF10F1050F0ED010F1080318BF01238F
:1080200010F1100F0AD04BB1104B40F6042210494A
:1080300010480AF0BDFF17F1050F05D0206A18B1EE
:1080400003F0C4FE00232362304603F0BFFE3FB1BD
:1080500017F1100FD3D121462846FFF707FCCEE7D2
:1080600021462846FFF7BBFCC9E700BF8442010850
:10807000684501084041010810B50446502200211E
:108080000BF04BF80523A4F84E3010BD10B550206E
:1080900003F0F8F9044608B1FFF7EEFF204610BDE3
:1080A00010B50C46B1FA81F14909002A18BF41F018
:1080B0000101F1B90121204604F0D0FBFFF7E6FFF2
:1080C0000146C8B1C461204604F0FEFB0C492046BD
:1080D00004F0FEFB0B49204604F02EFC04220A4962
:1080E000204604F04BFC0949204604F00BFC00201C
:1080F00010BD6FF00500FBE74FF0FF30F8E700BF61
:10810000B97F00085F7A00086B7A0008437A00089C
:1081100010B52E2004F001FF044620B15021204666
:10812000FFF778FA10BD044B40F672220349044869
:108130000AF03EFFF2E700BF8442010894450108BF
:1081400040410108030243EA102080B27047030255
:1081500003F47F0343EA0063020A02F47F421343FD
:1081600043EA106070472DE9F84307460E469146F2
:108170000846F8F76FF8C0B180463C4600E001348D
:108180002578B5B104EB080307EB090293420AD83E
:108190003378AB42F3D14246314620460AF0D2FF53
:1081A0000028ECD102E0002400E03C462046BDE877
:1081B000F8830024FAE700B500E0A2B102780130AC
:1081C0000B7801319A42F8D042F0200EAEF1610CEA
:1081D0005FFA8CFCBCF1190F08D843F020039E45D0
:1081E000EBD0012000E000205DF804FB0120FBE75C
:1081F00010B584468E464B1EC11882EAE274A4EB89
:10820000E274BEF1010F05D9002A07DB00220CF849
:10821000032017E028D10023037025E02D2200F869
:10822000012BF3E7144A82FB0432E317C3EBA203EA
:108230001A4603EB8303A4EB4303DBB2303301F8AC
:10824000013D144688422CBF002301230CB1002BB2
:10825000E8D134B90B7843B930230370002343705D
:1082600002E000238CF8003010BD0CEB0E02521A15
:108270000AF039FFF8E700BF6766666608B508F0E0
:1082800073FE02F081FF03F015FA03F009FB08F01A
:10829000ADFA04F055F908F0DBF908BD43798B42DB
:1082A00003D04171002383710381704770B5044688
:1082B0000D461646831C442B07D8631C9BB2320A1A
:1082C0002A55A01CEE5480B270BD044B40F2AE5251
:1082D000034904480AF06CFEEFE700BF2448010898
:1082E0009448010840410108F8B504460D46174678
:1082F0001E4603440233442B06D8631C9BB22F5501
:10830000A01CEE5480B2F8BD034B40F29A520349D0
:1083100003480AF04DFEF0E724480108D048010860
:108320004041010870B504460D461646432803D85F
:10833000601C2E5580B270BD034B40F2A65203491B
:1083400003480AF035FEF3E7244801081449010800
:108350004041010870B504460D461646031D442BE6
:1083600011D8631C9BB2320E2A55A21C92B2C6F3DE
:108370000741E954E31C9BB2C6F30721A954201D11
:10838000EE5480B270BD044B40F2B752034904482A
:108390000AF00EFEE5E700BF244801084C49010839
:1083A000404101082DE9F8438046002841D0894624
:1083B00015461E46002945D04FF420724FF49A719D
:1083C000362003F06BFD0746002879D04389B3F5CA
:1083D0009A7F40D3032D46D099F80630002B47D022
:1083E000394B1B68C9F800307C684FF49A72002141
:1083F00020460AF092FE01232370637098F838300B
:10840000A370D9F80000FFF7A2FE6060042D18BF2A
:10841000082D09D0072D07D0032D08D199F8053074
:10842000043BDBB2012B02D8D8F80430E360002013
:108430002BE0264B40F26972254926480AF0B8FD28
:1084400047463DE0214B40F26A72234921480AF039
:10845000AFFD4F4634E01D4B40F271721F491D487D
:108460000AF0A6FDB6E799F80530032BBCD1B3E7B7
:108470000AF026FC144B1860B2E708EB000393F8EF
:10848000323021180B77013080B20528F5D96323EB
:1084900084F8EC306FF07D0284F8ED20532284F8EC
:1084A000EE2084F8EF30F0340123352221460020FD
:1084B000FFF71AFF2A462146FFF734FF06B1308046
:1084C0003846BDE8F88300BF84C302202448010871
:1084D0008849010840410108A8490108C849010824
:1084E00010B5846A0023236263621A4BDB7813B1F0
:1084F000194BDB68A362174B1B799BB1164B1B69A9
:10850000E362144B5B798BB1134B5B6923630B699B
:10851000E361104B9B797BB90023E3710D4BDB7951
:1085200093B910BDA36A5B08E362EAE7A36AC3EBF1
:10853000C303DB082363EAE7074B9869FFF707FEED
:1085400020620123E371E9E7034BD869FFF7FFFDE0
:108550006062E6E790C3022098C302202DE9F04153
:108560000646D56A8DB388462846F7F773FE04465B
:1085700058B3C6F14107B8420CD8BC4228BF3C46AC
:10858000FF2C0FD8E3B20C2241463046FFF7ACFE79
:10859000064617E00E4B40F2CB520E490E480AF049
:1085A00007FDEAE70A4B40F2CD520A490A480AF0B1
:1085B000FFFCE7E715F8012B41463046FFF7B2FE16
:1085C00006463C46671E002CF4D13046BDE8F081DB
:1085D00024480108084A01084041010808B58446BA
:1085E00010460CF101039BB2FF2201F80C2007E0BA
:1085F00003F1010C4FF0000E01F803E01FFA8CF3B9
:10860000432BF5D903F1F00189B203F0F3FC08BD67
:108610002DE9F04184B00746856A04212846FFF71A
:108620003DFE0DF10E03032229463846FFF7BAFE40
:1086300000284ED080464668F03602233922314663
:10864000BDF80E00FFF750FEADF80E003A8E314631
:10865000FFF72CFEADF80E00032337223146FFF75B
:1086600043FEADF80E0000240AE0234B1A5D3146AC
:10867000BDF80E00FFF756FEADF80E000134E4B26F
:10868000022CF2D93A463146BDF80E00FFF766FFDC
:10869000ADF80E0042463146FFF7A0FF0097432396
:1086A000164A41461648006808F080FA04464046DB
:1086B00003F08CFBAB79FF2B01D00133AB71AB79AD
:1086C000092B09D8C3EB431203EB8203DB009BB2F7
:1086D00004E04FF0FF34EDE742F2107303F2F313BE
:1086E000084A82FB0312DB17C3EB62132B8120467F
:1086F00004B0BDE8F08100BF8479010888790108E1
:108700008CC30220D34D621010B5846A6379013B9B
:10871000DBB2092B06D840F2192222FA03F313F038
:10872000010F00D110BDFFF773FFA38A628A9B1A65
:10873000012BF7DD1A46002B03DBC2F34F02228226
:10874000F0E75A1CF9E700002DE9F04184B0074634
:10875000856A03212846FFF7A1FD0DF10E030322D0
:1087600029463846FFF71EFE002861D0804646683D
:10877000F036022339223146BDF80E00FFF7B4FD72
:10878000ADF80E004FF410723146FFF78FFDADF8D3
:108790000E00042332223146FFF7A6FD0446ADF851
:1087A0000E00E869FFF7D3FC024631462046FFF78A
:1087B000D1FDADF80E00032337223146FFF794FDBB
:1087C000ADF80E0000240AE0224B1A5D3146BDF8D8
:1087D0000E00FFF7A7FDADF80E000134E4B2022C45
:1087E000F2D93A463146BDF80E00FFF7B7FEADF8B4
:1087F0000E0042463146FFF7F1FE00974323164A2A
:1088000041461648006808F0D1F90446404603F096
:10881000DDFAAB79FF2B01D00133AB71AB79092BBA
:1088200009D8C3EB431203EB8203DB009BB204E0E5
:108830004FF0FF34EDE742F2107303F2F313084AEE
:1088400082FB0312DB17C3EB62132B81204604B0BB
:10885000BDE8F08184790108887901088CC3022081
:10886000D34D62102DE9F04184B0002850D0074666
:10887000846A002C56D001212046FFF70FFD0DF130
:108880000E03032221463846FFF78CFD8046002860
:1088900000F096804668F036022339223146BDF852
:1088A0000E00FFF721FDADF80E003A8E3146FFF7BE
:1088B000FDFCADF80E00042332223146FFF714FD13
:1088C0000546ADF80E00E069FFF741FC024631466F
:1088D0002846FFF73FFDADF80E000423362231464F
:1088E000FFF702FD0546ADF80E00A069FFF72FFC6B
:1088F000024631462846FFF72DFDADF80E00032352
:1089000037223146FFF7F0FCADF80E0000251EE0DF
:108910002E4B40F277122E492E480AF049FB6FF099
:108920000F0549E0294B40F279122B4929480AF0FA
:108930003FFB6FF005053FE0284B5A5D3146BDF81F
:108940000E00FFF7EFFCADF80E000135EDB2022D81
:10895000F2D93A463146BDF80E00FFF7FFFDADF8FB
:108960000E0042463146FFF739FE1D4B019300973A
:1089700043231C4A41461C48006808F061F805463C
:10898000404603F023FAA379FF2B01D00133A371F2
:10899000A279052A17D801239340C3EB431203EBB6
:1089A0008203DB009BB203F2F313104A82FB031233
:1089B000DB17C3EB62132381284604B0BDE8F081C6
:1089C0004FF0FF35DFE74EF66023ECE7244801085F
:1089D000244A010840410108404A010884790108FD
:1089E0008C790108887901088CC30220D34D62106C
:1089F00070B5866A094B9B7803B970BD04460D4675
:108A000000233381064B9868FFF7A1FBB0612B6907
:108A1000F3612046FFF726FFEFE700BF90C3022077
:108A200098C302202DE9F04184B00646846A0023F1
:108A3000E36106212046FFF731FC0DF10E03012210
:108A400021463046FFF7AEFC00283AD08046476802
:108A5000F037022339223946BDF80E00FFF744FCF7
:108A6000ADF80E00328E3946FFF720FCADF80E004F
:108A7000032337223946FFF737FCADF80E000025F7
:108A80000AE0204B5A5D3946BDF80E00FFF74AFC5C
:108A9000ADF80E000135EDB2022DF2D9424639464D
:108AA000BDF80E00FFF79AFD174B01930096432384
:108AB000164A41461648006807F0C2FF404603F0D8
:108AC00085F9A379FF2B01D00133A371A279052A7F
:108AD00014D801239340C3EB431203EB8203DB0062
:108AE0009BB203F2F3130B4A82FB0312DB17C3EBB7
:108AF00062132381002004B0BDE8F0814EF66023AC
:108B0000EFE700BF847901088C79010888790108B2
:108B10008CC30220D34D62102DE9F04184B005468C
:108B2000846A0C212046FFF7B9FB0DF10E030422E5
:108B300021462846FFF736FC98B307464668F036CC
:108B4000042332223146BDF80E00FFF7CDFB8046EC
:108B5000ADF80E00E069FFF7FAFA024631464046EA
:108B6000FFF7F8FBADF80E003A463146FFF736FD49
:108B70000D4B0193009543230C4A39460C4800687D
:108B800007F05EFF0546384603F020F9A379FF2B76
:108B900001D00133A37114232381284604B0BDE81A
:108BA000F0814FF0FF35F1E78C79010888790108F1
:108BB0008CC3022038B50546846A08212046FFF799
:108BC0006DFB002204F11C01284601F019F9A3797C
:108BD000FF2B01D00133A3710123238138BD000095
:108BE00030B583B0002865D00546846A002C69D072
:108BF00000236382A26AB2F1FF3F0FD01E32A3F1BD
:108C00007733A3FB02135B09B2F5701F01D34FF654
:108C1000FF739BB2A3820BB90123A382E26AB2F174
:108C2000FF3F10D01E32344BA3FB02135B09B2F599
:108C3000701F01D34FF6FF739BB263810BB9012301
:108C400063816389E381226BB2F1FF3F10D01E3252
:108C5000294BA3FB02135B09B2F5701F01D34FF63A
:108C6000FF739BB2A3810BB90123A381A389238244
:108C70006289A3899A4202D30BB100236381E3790D
:108C800043B3236A0193636A009333B9E369019A9A
:108C90001340009343F0807300930A212046FFF7AE
:108CA000FDFA6B4601AA04F11C01284602F0FAFD08
:108CB00003B030BD114B40F21542114911480AF082
:108CC00077F9F5E70D4B40F217420F490D480AF0CE
:108CD0006FF9EDE7227F94F91C30002B02DBFF23B4
:108CE0000193D0E7BF2A03D96FF07F430193CAE70E
:108CF0004FF6FF730193C6E78988888824480108E6
:108D00005C4A010840410108784A010810B5044650
:108D10000C21806AFFF7C2FA04490B460A46204636
:108D200002F0C0FD2046FFF77DFE10BD8C790108E2
:108D300010B50C4B1B7833B10A4A1378013BDBB2F8
:108D400013703BB110BD084BFF22084908480AF0D8
:108D50002FF9F1E7074C206807F0D2FF00232360CA
:108D6000F0E700BF88C3022024480108904A0108A8
:108D7000404101088CC3022038B5174B1B780BBB50
:108D8000164B1B682BB1164BE522164916480AF004
:108D90000FF907F0DFFF114B1860C8B1437A43F0B9
:108DA00020034372114D4422294607F0EFFD0B4C7E
:108DB00043222946206807F04DFF00220C49206815
:108DC00007F08AFF044A137801331370002038BD7E
:108DD0004FF0FF30FBE700BF88C302208CC30220A6
:108DE00024480108B44A0108404101088C7901086F
:108DF0007D920008BD4B00221A605A6043892B2BDC
:108E000040F21A822DE9F04F87B004899046F0278E
:108E10000290029D04E0FF1ABFB2E41AA4B22D68CA
:108E2000002D00F00C826B89BB42F4D96B68019372
:108E30003E46C34621E02A6812B15268127838E0F3
:108E4000002236E0042A40F0B38090464FF0060935
:108E5000002940F038810136B6B26B89B3420CD894
:108E6000F61AB6B2E31A9CB2A64280F0F3812D68DE
:108E7000002D00F0B6816B680193002D18BFA6424B
:108E800080F0B981B446019B995DFF2900F0B38160
:108E9000B31C1FFA83FA564500F2D6813046721C85
:108EA000B5F80AE07245C6DA0CF1010C019B13F823
:108EB0000C203B2900F203810FF2040C5CF821F036
:108EC000578E0008458E0008BF900008C58F000827
:108ED000BF900008BF900008BF900008BF90000836
:108EE000BF900008BF900008BF900008BF90000826
:108EF000BF900008BF900008BF900008BF90000816
:108F0000BF900008BF900008BF900008BF90000805
:108F1000BF900008BF900008BF900008BF900008F5
:108F2000BF900008BF900008BF900008BF900008E5
:108F3000BF900008BF900008BF900008BF900008D5
:108F4000BF900008BF900008BF900008BF900008C5
:108F5000BF900008BF900008BF900008BF900008B5
:108F6000BF900008BF900008BF900008BF900008A5
:108F7000BF900008BF900008BF900008BF90000895
:108F8000BF900008BF900008BF900008E78F00085E
:108F9000079000083F9000085F900008BF9000080D
:108FA000BF900008BF9000087F9000089F900008C5
:108FB0004F4B40F22E624F494F4809F0F9FF6FF0D6
:108FC00005003EE1032A04D94FF007094FF00408D9
:108FD0003EE7474B40F233624849474809F0E8FF13
:108FE0006FF005002DE1042A03D190464FF00309EC
:108FF0002EE73F4B40F241623E493F4809F0D8FF1F
:109000006FF005001DE1012A05D1F02F0DD190462A
:109010004FF000091CE7364B40F24F6238493648A2
:1090200009F0C6FF6FF005000BE1314B40F25162D1
:109030003449314809F0BCFF6FF0050001E1012A15
:1090400003D190464FF0010902E7294B40F25562E7
:109050002B49294809F0ACFF6FF00500F1E0042A24
:1090600003D190464FF00209F2E6214B40F25962DB
:109070002049214809F09CFF6FF00500E1E0042A37
:1090800003D190464FF00409E2E6194B40F25D62CD
:109090001849194809F08CFF6FF00500D1E0042A47
:1090A00003D190464FF00509D2E6114B40F26162C0
:1090B0001049114809F07CFF6FF00500C1E04FF046
:1090C000FF394FF0000810444FF6FD71884200F35D
:1090D000BE80324492B2023296B2B8F1000F3FF431
:1090E000BCAE0022059203963CE000BF90C3022074
:1090F00024480108DC4A010840410108E84A010807
:10910000FC4A0108084B0108544B13F80930002BA6
:1091100065D14646042E28BF0426F6B25346324691
:1091200005A9284603F0B8F8B04252D1B8F1040FAF
:109130002DD918F0030F20D1484B012203F8092044
:109140000598FFF704F8464B43F82900A8F10408F6
:109150005FFA88F80AF104039BB29A453CD809F1FA
:1091600001099A46B9F1070FCED93E4B4FF4CF62B1
:109170003D493E4809F01CFFC6E73A4B40F2816288
:109180003B493A4809F014FF6FF0050059E0039E8F
:10919000B8F1040F0ED0B8F1010F10D19DF81430C2
:1091A00005932E4B012203F809202D4B059A43F815
:1091B000292052E60598FEF7CAFF0590F1E7294BF2
:1091C0004FF4D2622B49294809F0F2FE6FF00500F6
:1091D00037E06FF0010034E06FF0010031E0039EF2
:1091E0003BE6204B40F29D622349204809F0E0FE17
:1091F0006FF0050025E0D846184B1B7853B1184B8B
:109200001B68164A00211170012B12D0022B09D0C5
:10921000032B0CD0B8F1000F07D04FF000086C24DE
:109220002C27F6E54FF00108F4E7002009E04FF0A5
:109230000108EC246C27ECE56FF0010070476FF03B
:10924000010007B0BDE8F08F6FF00100F9E76FF0A3
:109250000100F6E76FF00100F3E700BF90C30220C2
:1092600098C3022024480108204B0108404101080E
:10927000344B01084C4B0108604B010870B5144693
:10928000364B5D68AE6A5268F6B13379E3B16389F3
:109290002B2B19D91378022B16D1002395F83810EF
:1092A00099420BD9052B09D8E91891F83200D11849
:1092B000097F884208D10133DBB2EFE75068FEF73F
:1092C00046FF3368984203D0204602F07FFD70BD10
:1092D00031462046FFF78EFD0028F5D1204B5B7804
:1092E000002BF1D061681F4B1B79052B0AD0062B90
:1092F00026D0022BE8D17379062BE5D12846FFF75B
:1093000077FBE1E77379012B0AD0033BDBB2022B39
:10931000DAD82846FFF7E4F82846FFF761FCD3E7E0
:109320002846FFF7DDF895F8393013F0080F03D021
:109330002846FFF73FFCC7E72846FFF751FCC3E785
:109340007279012A18BF032A03D0042A01D0052A02
:10935000CFD12846FFF7DAFCB6E700BF6CC3022086
:1093600090C3022098C3022038B5856AADB1044687
:109370006B79052B0AD8032B0AD273B10C2B0DD8AD
:109380000023AB712046FFF74DFB06E00A2BF5D119
:109390000023AB712046FFF7D7F938BD034B40F2ED
:1093A0006D320349034809F003FEE9E72448010848
:1093B000A84B01084041010808B530B10246836A54
:1093C00013B15879082808D008BD084B40F28B32F9
:1093D0000749084809F0ECFDF6E70968DB6999429E
:1093E000F2D11046FFF798FBEEE700BF24480108D2
:1093F00030410108404101082DE9F04184B00746A1
:10940000856A05212846FEF749FF0DF10E03032268
:1094100029463846FEF7C6FF00284FD080464668EA
:10942000F036022339223146BDF80E00FEF75CFF0C
:10943000ADF80E003A8E3146FEF738FFADF80E005B
:10944000032337223146FEF74FFFADF80E0000240C
:109450000AE0234B1A5D3146BDF80E00FEF762FFAD
:10946000ADF80E000134E4B2022CF2D93A4631468E
:10947000BDF80E00FFF772F8ADF80E004246314617
:10948000FFF7ACF80097432305F118024146154851
:10949000006807F08BFB0446404602F097FCAB796E
:1094A000FF2B01D00133AB71AB79092B09D8C3EB8A
:1094B000431203EB82031B019BB204E04FF0FF3425
:1094C000EDE744F6206303F2F313074A82FB03122D
:1094D000DB17C3EB62132B81204604B0BDE8F0819B
:1094E000847901088CC30220D34D621010B5846AC0
:1094F0006379013BDBB2092B06D840F2112222FA34
:1095000003F313F0010F00D110BDFFF775FFA3891E
:10951000628A9B1A012BF7DD1A46002B03DBC2F38C
:109520004F02E281F0E75A1CF9E788B1836A8BB1F8
:109530005B79052B06D00A2B06D0042B06D101201F
:10954000C0B270470120FBE70120F9E70020F7E7F0
:1095500000207047002070472DE9F04184B0846AF4
:10956000FCB105466379E3B1A36903930023A361CA
:10957000E361236263622363E362A362A382638283
:109580002382E381FFF7D1FF70B922490B460A46D7
:10959000284602F087F900212046FEF77FFE237956
:1095A00093BB04B0BDE8F0810DF10A030722214608
:1095B0002846FEF7F7FE07460028E6D04668F03654
:1095C000042336223146BDF80A00FEF78DFE8046A0
:1095D000ADF80A000398FEF7BAFD02463146404650
:1095E000FEF7B8FEADF80A003A463146FEF7F6FF40
:1095F0000095432303AA39460748006807F0D6FAC6
:10960000384602F0E3FBC0E7FFF792FB002323712B
:10961000C7E700BF8C7901088CC3022070B528B35E
:10962000044690F8393013F0010F29D0856A038E73
:10963000B3F5107F43D36DB32B7993BB3422002154
:10964000284609F06AFDFFF797FB064600283CD143
:1096500001232B7194F8393013F0040F24D02046E5
:10966000FFF7E0F9064620BB304670BD184B40F2CC
:10967000E7221849184809F09BFC6FF00F06F3E742
:10968000134B4FF43A721549134809F091FC6FF0EF
:109690000F06E9E7342001F0F5FE054690B1A0621F
:1096A000CCE7FFF745FBC9E702212846FEF7F6FDA8
:1096B000DAE72046FFF750FF4FF0FF36D4E74FF0D0
:1096C000FF36D1E74FF0FF36CEE74FF0FF36CBE75E
:1096D000244801083041010840410108BC4B010801
:1096E00010B5174B1C6806E02046FFF735FF2046F3
:1096F000FFF794FF246814B3A36A002BFAD05A79B9
:10970000002AF7D0998A29B15A8A013292B25A8234
:109710009142E9D01A8A1AB1511E1982012A0AD03F
:10972000DA89002AE6D0511ED981012AE2D12046E9
:10973000FFF7DCFEDEE72046FEF7E6FFDAE710BDC6
:109740001C5A032010B50446826A5379013B0B2B47
:1097500009D8DFE803F009081E08080608150808FC
:109760000806FFF75FF910BD9379052B02D8FFF7C4
:1097700079F8F8E7FFF7F0FE2046FFF74FFFF2E732
:109780009379012B02D9FFF72BFAECE7FFF712FAD6
:10979000E9E79379012B02D9FFF744F9E3E7FEF7F4
:1097A000D3FFE0E710B50B4B1C6802E0012A0AD09A
:1097B000246874B1A36A002BFAD01A89012AF5D95A
:1097C000013A1A81F4E7013A1A812046FFF7BAFFFD
:1097D000EEE710BD1C5A032008B5FFF7BDFE08BD1B
:1097E00010B5044600EB4002094B53F8320038B183
:1097F00002F0ECFA04EB4403DB00054A0021D150EF
:1098000004EB4404024B03EBC40300221A7510BDA1
:10981000BCC302202DE9F04F85B0064617464FF035
:109820000009CDF80C90CB464FF00A0A4B4655463E
:10983000D046CDF808A0019129E0002F00F0AD80BE
:109840005A4A02EBCE029268BA423AD11D467EE0F5
:1098500004EB4402554850F832204AB104EB44046A
:1098600000EBC402528A5A450FD393469A460CE045
:1098700004EB44044D4A02EBC402528A03998A4223
:1098800003D30392029300E01D4601331BB2092B60
:1098900026DC1C4603EB4300444A02EBC002107D69
:1098A0000A2D08BF0028EFD00028EED04EB103EB00
:1098B000430E3E4A02EBCE0CDCF8042031689142A4
:1098C000BBD00128C4D00128DFD904EB4404374AB7
:1098D00002EBC402528A4A45D7D391469846D4E750
:1098E000019911F0020F5AD10A2D34D0092D16DD3D
:1098F000B8F1090F35DC08EB48032C4A52F8333035
:10990000002B36D02A4B40F26D122A492A4809F022
:109910004FFB45462846FFF763FF092D2DDC2C46FB
:1099200005EB4502214B03EBC2031B7D6BBB36B13C
:10993000316804EB44021D4B03EBC20359601B4B1F
:1099400004EB440203EBC2020021518297602846D7
:1099500005B0BDE8F08F11F0010FC7D14FF0FF3512
:10996000F5E7029B092B06DDBAF1090F1ADC554613
:10997000D0E74546CEE7029DCCE70D4B40F283127F
:109980000E490D4809F014FBC9E7094B4FF4C272A8
:109990000B49094809F00CFBC9E71D46D7E74FF012
:1099A000FF35D4E74FF0FF35D1E700BFBCC302203D
:1099B000E04B0108504C010840410108684C010887
:1099C0007C4C0108F0B583B005460C4616461F4690
:1099D00090F83820062A3DD1002C43D0206800287A
:1099E00040D0294600F06DFE00283BD1226802F0ED
:1099F000F002E02A36D02A4639462046FFF70AFF11
:109A0000B0F1000C31DB1C4B0CEB4C0003EBC00243
:109A1000022111759560C1000831194434684C6009
:109A2000B4880C810021518253F830700FB3C30009
:109A30000C46114AD1504FF400630093334605F1B0
:109A400032023946284607F003FA384602F0BEF9DA
:109A500020460CE0094B40F2A9120949094809F0D7
:109A6000A7FAB9E76FF00F0001E04FFA8CF003B0EE
:109A7000F0BD0020FBE700BFBCC30220E04B0108A3
:109A8000A84C0108404101082DE9F04782B00F467B
:109A900090461D46DDF82CA08146002842D04FF4A8
:109AA00020721C210E2002F0F9F90646002851D040
:109AB00043891B2B3ED97468BDF83400FEF742FB86
:109AC000E08099F83830062B3CD12B68A360AB8836
:109AD000A381DAF80030C4F81230BAF80430E38217
:109AE0000A9B1B68C4F80E300C9B1B68A361002501
:109AF0002570012363700823A370E570062323718A
:109B00000423637140F60603009343463A46314608
:109B1000484607F09DF9304602F058F9284602B051
:109B2000BDE8F0870D4B40F257420D490D4809F052
:109B30003FFAB4E7094B40F262420B49094809F089
:109B400037FAB8E7054B40F269420849054809F081
:109B50002FFABAE74FF0FF30E1E700BFE04B010812
:109B60003041010840410108CC4C0108004D01087A
:109B700030B585B000F13203041D01250395029133
:109B80000349019100941946FFF77EFF05B030BDEF
:109B9000B07A010838B50546002400E00134092CEC
:109BA00011DC04EB4402084B03EBC2031B7D002BCA
:109BB000F4D0054B03EBC2039B68AB42EED12046C9
:109BC000FFF70EFEEAE738BDBCC302202DE9F041E5
:109BD00086B0A9B104460E4645682B88B3F5807F50
:109BE00008D12B79062B05D16B79042B02D16B8818
:109BF000082B0DD0204602F0E9F806B0BDE8F08150
:109C0000204B40F28A222049204809F0D1F9F4E79C
:109C1000D5F80E300593AA694F68B7B905F1080861
:109C20000223424605A93046FFF7CCFEEB88B3F588
:109C3000807F15D0B3F5007F03D105A93046FFF72B
:109C4000BBFB204602F0C2F8D7E7974214BF0027BB
:109C5000012705F108080FB10123E2E70223E0E73D
:109C6000002FEED006F13201331D0222039205AA25
:109C70000292CDF8048000930B4642463046FFF72F
:109C800003FFDEE7E04B01083041010840410108D5
:109C900008B5024AFFF76CFF08BD00BFB87A01089B
:109CA00010B5002405E0042B1BD92046FFF798FDD2
:109CB0000134092C35DC04EB4403DA00194B13445E
:109CC0001A7D002AF4D004EB4401CB001549194455
:109CD0004B8A01339BB24B82B3F5967FE5D2012AC2
:109CE000E1D0032A0DD0042A13D0012AE0D104EBDD
:109CF0004402D3000B4A1344191D9868FFF7C8FFAC
:109D0000D6E704EB4403DA00064B134404221A7529
:109D1000CEE704EB4403DA00024B134402221A7527
:109D2000C6E710BDBCC3022070B582B005460E4622
:109D3000144602EB42022E4B03EBC2031B7D012BA8
:109D400019D904EB44022A4B03EBC2031B7D022BFF
:109D500019D004EB4403DB000833254A13444FF4C5
:109D600000620092043305F132023146284607F0C2
:109D70006FF802B070BD1F4B40F2EE221E491F4823
:109D800009F016F9DDE71A4B03EBC2035B8AB3F562
:109D90008E7F1BD8B3F5877FDBD304EB4401144BD4
:109DA00003EBC10104EB4402D20008321A4404322E
:109DB00004312846FFF7DCFE0028CAD104EB440238
:109DC0000B4B03EBC20303221A75C2E7084901EBF0
:109DD000C20104312846FFF75BFF0028B9D104EB2C
:109DE0004402034B03EBC20303221A75B1E700BF21
:109DF000BCC30220E04B0108644D0108404101084A
:109E00002DE9F04383B005468846164600F1320737
:109E10000146D8F8000000F054FC002840F0A18072
:109E2000D8F8003003F0F002E02A00F09D80002B0B
:109E300000F09D802A4601214046FFF7EBFC041EFE
:109E400013DBA3B27E2B12D8E4B204EB44024B4BDB
:109E500003EBC2031B7D93B9484B03EBC2034FF0E6
:109E6000010983F814909D600BE060B242E0444B1E
:109E700040F2C1324349444809F09AF8E4E74FF010
:109E8000000904EB44023D4B03EBC2031B7D9BB175
:109E9000002E14BF4B4649F00103ABB94FF0FF3021
:109EA00004EB4402354B03EBC2031B7D012B12D89C
:109EB000012B1FD1354625E0314B40F2CD323349DD
:109EC000314809F075F8E3E741462846FFF7E0FE20
:109ED000002EE5D10EE02E4B1C70D3000833274A2C
:109EE00013444FF40062009204333A463146284648
:109EF00006F0AEFF03B0BDE8F0832B7B13F0400FFC
:109F000029D12D6875B16A892B899A42F5D12B68C0
:109F1000002BF2D01A4B40F2F1321E491A4809F0D8
:109F200047F8EAE70023C3B132464FF420710E2010
:109F300002F000FA0646EEB104EB44030F4A52F871
:109F4000330008B101F042FF04EB44040B4B43F82B
:109F500034600020CEE70123E5E7304602F0A8F8A0
:109F6000E9E76FF00F00C5E76FF00F00C2E76FF091
:109F70000F00BFE74FF0FF30BCE700BFBCC30220BB
:109F8000E04B0108944D010840410108A44D01082F
:109F9000B8C30220CC4D010870B584B00E461446FB
:109FA000054600283DD0002E43D0002C49D029463C
:109FB000206800F086FB0346002840F0818022687C
:109FC00002F0F001E02944D06968A86851400142DC
:109FD00009D092B24FF6A9618A4204D0EA68002AF9
:109FE0007AD005F10C043E4A127802EB42003D495A
:109FF00001EBC001097D012943D93A4901EBC001B8
:10A000008968A9423DD1206802EB420C354901EB39
:10A01000CC014968884234D131462846FFF784FE96
:10A0200058E0314B40F21E323049314808F0C0FF51
:10A03000B9E72D4B40F21F322E492D4808F0B8FFEA
:10A04000B3E7294B4FF448722B49294808F0B0FF79
:10A05000ADE701238DF8083000238DF809305E2329
:10A060008DF80A30637803F07F038DF80B30A37806
:10A070008DF80C30E3788DF80D3002AB21E0013320
:10A08000DBB2092B16D803EB430C164800EBCC00CF
:10A09000027D012AF3D98268AA42F0D12168426880
:10A0A0009142ECD10E4A13701A4631462846FFF70A
:10A0B0003BFE0FE0324621462846FFF7A1FE09E0AD
:10A0C0000E4B4FF40062009205F1320231462846F1
:10A0D00006F0BEFE04B070BD6FF00300FAE700BFEB
:10A0E000B8C30220BCC30220E04B01083041010884
:10A0F00040410108E84D0108444D0108B87A0108C3
:10A100002DE9F04186B00646884617464FF4207286
:10A110002421222001F0C2FEA0B305464389232B4F
:10A1200033D9D6F804C06C6884F8008067700023C7
:10A1300023716371A371E3716B687268166850686C
:10A140009168D7689E60D86019615F61166950692F
:10A1500091699E61D8611962DCF80C30059305A8FD
:10A1600000F0EAF858B10021A170E17002900123DB
:10A1700001930091FF2305AA284600F08DFA284696
:10A1800001F024FE06B0BDE8F081044B4FF4B47238
:10A190000349044808F00CFFC3E700BFF44D010871
:10A1A000644E0108404101082DE9F04184B00546A4
:10A1B000494B9E68347804F00F04A400132C15D981
:10A1C0000F464389032B11D943681B78082B61D1B3
:10A1D000414B586900F0F003E02B1AD03E4B196850
:10A1E00000F06FFAA8B92B89072B05D8284601F093
:10A1F000EDFD04B0BDE8F08104F10E0841462846AB
:10A2000001F099FD00283AD02B89191989B28B42A7
:10A2100003D9284601F0DAFDEBE74FF420720E2057
:10A2200001F03CFE80460028F3D0428904F1080387
:10A230009A4213D322463146406809F028F8214655
:10A24000404601F07DFD60B92946404601F090FF8F
:10A2500088B9284601F0BAFD454615E001F0B6FD83
:10A26000D7E71E4BB6221E491E4808F0A1FE404605
:10A2700001F0ACFDCDE7404601F0A8FDC9E741463D
:10A28000284601F05DFD48B96E682146284601F078
:10A2900052FD50B1284601F099FDAAE70F4BC722A5
:10A2A0001149104808F084FEB3E768680A494B6911
:10A2B000C3600B69036100223270B270F270FF2339
:10A2C00003728272C27202970120019000921431CF
:10A2D000284600F0E1F9DDE76CC30220F44D0108E7
:10A2E000904E010840410108C84E010808B50A46D1
:10A2F0000321FFF705FF08BD08B50A460B21FFF74C
:10A30000FFFE08BD08B590F8393013F0010F0DD0ED
:10A310000146436863B1074A5069834204D000F0A4
:10A32000D0F908B9002002E0012000E0002008BDBB
:10A330000020FCE76CC302208446284B18682DE0FF
:10A340000068B8B190F8393013F0010FF8D013F06D
:10A35000040FF5D04268002AF2D0DCF800104A4021
:10A360008468224216D013F0020FE9D1C3689942E3
:10A37000E6D10FE01A4B1B6863B193F8392002F065
:10A380000502052A06D15A6822B19CF800207F2ACE
:10A3900000D018465DF8044B7047006860B190F833
:10A3A000393013F0010FF8D013F0040FF5D04268E4
:10A3B000002AF2D010B4D0E7094B1B686BB193F8B8
:10A3C000392002F00502052A07D15A682AB19CF803
:10A3D00000207F2A01D01846704770471C5A03207E
:10A3E000185A03202DE9F041044647683B781A09C2
:10A3F000042A04D001F0EAFC0020BDE8F0810E46FA
:10A4000003F00F039D007888FDF79CFE80462389AA
:10A4100083421BD86389AB421DD3238943451AD39A
:10A42000132D18D93B695A4A5361F968116103F039
:10A43000F003E02B13D196F8393013F0010F2CD034
:10A440007368002B70D14FF0000828E001462046C9
:10A4500001F0D0FDDEE7204601F0B8FCCCE7304645
:10A46000FFF750FFA0B94A4B1B7D7F2B52D0494BC1
:10A47000D3F8008001E0D8F80080B8F1000F08D0D0
:10A48000B045F8D04046FFF73DFF0028F3D000E08C
:10A49000B046B8F1000F05D101E04FF000087B7A1B
:10A4A000112B3AD03A4B186900283FD1B8F1000F70
:10A4B0004AD0FB8823F0C0039BB233B1204600F0A2
:10A4C000A1FB0446002897D04768314AC2F80080B3
:10A4D000566097603B7803F00F039B0093812946F9
:10A4E000204601F02DFC7B7A062B3ED0112B2FD07D
:10A4F000012B3FD04146264B586900F0E2F828B9BD
:10A50000234B5B6903F0F003E02B38D1204601F0C8
:10A510005DFC21E04FF00008C1E77B195B88B3F5D3
:10A52000884FBFD1B046C1E7B046BBE7314600F027
:10A53000C8F828B9164B1B6903F0F003E02BB5D11E
:10A54000204601F043FC57E7204601F03FFC53E76B
:10A550003146204606F056F90D4B00221A605A602B
:10A560009A609A811A615A6146E73146204604F0A2
:10A570006DFAF1E731462046FFF716FEECE7294673
:10A58000204601F01DFC02212046FFF7AFFEBDE78B
:10A590006CC302201C5A03202DE9F04383B004460B
:10A5A0000F4616469946DDF83080827B012A3FD15E
:10A5B000002E51D01421204601F0BDFB002859D1B6
:10A5C00065686389132B3BD985F808909DF82C307A
:10A5D0006B7233682B6145232B709DF828306B70AC
:10A5E0002089FDF7AFFD68800023AB71EB71DFF8C8
:10A5F000A490B9F80000FDF7A5FDA880B9F80030D7
:10A600000133A9F800301FB33B68EB600023AB7245
:10A61000EB72B8F8303013B12289934224D3D8F8C2
:10A620001430324621464046984703B0BDE8F083D7
:10A63000134B4FF455721349134808F0B9FCB7E7B0
:10A640000F4B4FF4627211490F4808F0B1FCBBE7A1
:10A650000F4B1B68EB60D9E76389132B0DD9636837
:10A660001B69019301AED4E732464146204600F013
:10A67000D1FBDAE76FF00100D7E76FF00100D4E714
:10A68000FC4E01086C4F010840410108784F010859
:10A690008C790108ACC4022010B584B0089C9446A3
:10A6A0001AB109B10A6802B9211D02949DF81C2053
:10A6B00001929DF8182000926246FFF76DFF04B0EA
:10A6C00010BD0346421E12F1030F12D891F8390053
:10A6D00010F0020014D04A689A420CD089685A409F
:10A6E0000A420AD1CA4323EA01039A4207D0002052
:10A6F00070470120704700207047002070470120FC
:10A70000704700002DE9F04182B08846036801934C
:10A710000C460026304601AF03283BD800233D7885
:10A720002049A1FB05CE4FEADE0E0EEB8E0CA5EB09
:10A730004C0C5FFA8CFC87F800E09E460133DBB2DC
:10A740000CF1300C0EF108010DEB010E0EF808CCE7
:10A75000092DE4D809E005F108010DEB010616F812
:10A76000086C04F8016B1E462B465D1EEDB233B13A
:10A77000731C9642EFDB002002B0BDE8F081731C31
:10A7800096420CDA2E2504F8015B01370130C0B285
:10A790001E46C1E7002304F8013C4046ECE70020D8
:10A7A000EAE700BFCDCCCCCC38B504460C4B1B68D7
:10A7B000834208D00D4651B123682B602146042006
:10A7C00000F0D4FF38BD0268054B1A60F6E7054B70
:10A7D00040F245120449054808F0EAFBECE700BFE7
:10A7E000B0C40220A84F01081C50010840410108D4
:10A7F0002DE9F84380468946814215D0B9F1000F12
:10A8000009D0D9F80030434505D0314BAD2231494C
:10A81000314808F0CDFBD8F8044063689A8852B1FB
:10A820000026D8F804502BE0294BAB222B492A48AC
:10A8300008F0BEFBE2E71B68C8F804306368D8F88C
:10A840000820D8F80C50D8F81000D8F814101A6066
:10A850005D609860D960D8F818201A6101212046FF
:10A86000FFF74AFD204601F019FC0646204601F09C
:10A87000ADFAD6E73444A6B2284601F0A7FA3D4621
:10A8800085B16B681F68284601F008FC0446331840
:10A89000B3F5803FEEDB0E4BCC2211490E4808F099
:10A8A00087FBE7E749464046FFF77EFF0D4B1B88D5
:10A8B000B34206D30B4A13889B1B13803046BDE876
:10A8C000F883034BD2220849034808F071FBF1E7F3
:10A8D000A84F0108445001084041010838500108C0
:10A8E00058500108AEC4022078500108F8B505465A
:10A8F0000F4600262EE09A69D5F810E0724511D176
:10A90000B3F80CE0AA8896450CD101E061461846E0
:10A910001A6892B19C4613468BB15A69D5F80CE07F
:10A920007245E8D001340028F0D093F81FE0C27FD0
:10A930009645EDD861461846EAE76346EAE710B166
:10A94000FFF756FF0644012CD4BF00240124BE4269
:10A9500007DA34B1044B1B6800242146A446204684
:10A96000DAE73046F8BD00BFB0C4022010B5044697
:10A9700020B12146052000F0F9FE10BD034B4FF435
:10A9800031720349034808F013FBF2E7A84F0108AE
:10A99000BC4901084041010810B5044638B160695E
:10A9A00008B101F013FA2046FFF7E0FF10BD044B99
:10A9B00040F2CE220349044808F0FAFAEFE700BF5C
:10A9C000A84F01089C500108404101082DE9F843B7
:10A9D00080460D4691464C686088FDF7B3FB2378AE
:10A9E00003F00F03B0EB830F03D24FF0FF30BDE84D
:10A9F000F8839A00801A87B2E088FDF7A3FBC0F3C2
:10AA00000C0C4FEACC0C6E68002333707370B3707B
:10AA1000F370A6F804C007EB0C001FFA80FEF0806C
:10AA2000E645C0F08580D8F8041001271C461FE0D9
:10AA30003160ACB1E28862457DD89B889E457DD867
:10AA40002560B3889A4200D0002719B3B9F1000FEE
:10AA500041D198F81E3013F0010F3CD14846C6E7AB
:10AA60009B889E456DD8C8F80450EEE719681C46CF
:10AA70000029EAD04B689A886245D9D8624563D0EC
:10AA8000D988614563D8002CF0D0E1888A42EDD0A6
:10AA90000027EBE794B1E288B3889A4206D8256094
:10AAA000E288B3889A42D1D00027CFE7294B4FF4F0
:10AAB000DB722949294808F07BFAF0E7D8F804301E
:10AAC00033B1244B4FF4DF722549244808F070FA63
:10AAD000C8F80450BAE74FB3D8F804301BB358682D
:10AAE000838813BB32684AB15368F1889A889142CF
:10AAF00002D11A681E46F6E71E460027B7B1B042DB
:10AB000009D0336893B1134B4FF4F17215491348D0
:10AB100008F04EFA0AE00F4B4FF4F07212490F485A
:10AB200008F046FAEDE7002700E0002738465EE728
:10AB30004FF0FF305BE74FF0FF3058E74FF0FF304A
:10AB400055E74FF0FF3052E74FF0FF304FE74FF03F
:10AB5000FF304CE7A84F0108A85001084041010808
:10AB6000C8500108105101080051010808B505201E
:10AB700000F0C6FD08BD000070B505460E46042075
:10AB800000F0BEFD0446B0B120220021204608F0AE
:10AB9000C4FA0F23E3770F4B1A6822601C602B68FE
:10ABA0006868A968EA68A360E060216162612B6956
:10ABB000A361204670BD31462846FFF797FEB0429C
:10ABC00002DA002CE0D1F4E7042000F099FD0446FD
:10ABD000F7E700BFB0C4022038B5094B186800245D
:10ABE00003E0013BC3770446006840B1C37F002BFC
:10ABF000F7D105682146FFF7FBFD2846F5E738BD8C
:10AC0000B0C402202DE9F843064645682B7803F0CE
:10AC10000F03052B40F0D180E888FDF793FAC0F3CD
:10AC20000C084FEAC8086888FDF78CFA2B7803F007
:10AC30000F039A00B0EB830FC0F0BF80801A87B279
:10AC4000304601F02BFA81466B4B1B8803440A2BDC
:10AC500002DC6A4B1C680DE001462846FFF746FE01
:10AC6000002800F0AA80644B1B884B440A2BF0DDBF
:10AC7000A3E024685CB16269EB689A42F9D1A269E9
:10AC80002B699A42F5D1A289AB889A42F1D174B36B
:10AC9000E888FDF757FAC0F30C0080B3ED8805F0A3
:10ACA0002005002D0CBF0122002208D108EB07036C
:10ACB0009BB24FF6EB718B4298BF98457AD83146DC
:10ACC0002046FFF783FEB0F1FF3F73D04A4B1A884E
:10ACD0009144A3F8009035B9B844A4F81C80A37F30
:10ACE00043F00103A37701281BD0002669E0494601
:10ACF0002846FFF741FF04460028CFD15DE0E089F8
:10AD0000FDF720FAC0F30C000028C7D02B68686854
:10AD1000A968EA68A360E060216162612B69A361B0
:10AD2000BCE7A08B143063685E683568A368E76889
:10AD30002169626933607760B160F260A369336151
:10AD400080B2FDF7FFF970800023B371F371B37225
:10AD5000F372666809E06F681421284600F0F0FF7E
:10AD60002946304601F0C0F93D68002DF3D1234B50
:10AD70001968A14205D029B10B68A34202D0194637
:10AD8000F9E729462046FFF70FFD304601F086F926
:10AD90000446194B1B88834204D3174A13881B1B94
:10ADA00013800EE0164B40F29B221649164808F01D
:10ADB000FFF8F2E744B1636873B1304601F006F87A
:10ADC00000263046BDE8F8830D4B4FF42A720F4938
:10ADD0000D4808F0EDF8EEE7084B1B68A34206D0DB
:10ADE000074B40F2AB220A49074808F0E1F800217E
:10ADF0002046FFF7D9FCE0E7AEC40220B0C4022031
:10AE0000A84F010834510108404101085051010880
:10AE10005C5101082DE9F04F8BB005460691089270
:10AE20000B8E143B21D4C3F3CF030593D5F80480D4
:10AE300098F8003003F00F03052B40F0D8806B89A1
:10AE4000132B14D9B8F80600FDF77CF9C0F30C03F6
:10AE5000049300F4005309932B89143B1FFA83FBDE
:10AE600014270024CDF808B092E00733DBE7634BEA
:10AE70004FF43F726249634808F09AF86FF005009A
:10AE800042E05E4B4FF449725F495E4808F090F82B
:10AE900094E05A4B40F22D325C495A4808F088F849
:10AEA00026E0FFF763FE834648B36B6801943B449A
:10AEB0000093034641222146002000F01DFF8046FA
:10AEC00028B3284601F0F4F8CBF81450504BCBF8D7
:10AED00010304146484601F007F9361BB6B2FEB1C4
:10AEE0002D680027E6B16B89DC1BA4B2BB42D0D32E
:10AEF000B44228BF3446002CD3D12D68F1E7484630
:10AF000000F064FF4FF0FF300BB0BDE8F08F584603
:10AF1000FFF72CFD484600F059FF4FF0FF30F3E7F4
:10AF2000DDF81C802744BFB2069B1A8E133A049B9F
:10AF3000C3F30C00099B003B18BF012302998A420E
:10AF4000D8BF43F001030BB140F40050FDF7FAF80D
:10AF5000AAF80600039E06F1140080B2FDF7F2F88D
:10AF6000AAF8020000238AF80A308AF80B30069803
:10AF70004369089A49469847484600F027FF029BD4
:10AF80009B1B9BB20293049B059A13449BB20493B0
:10AF9000029B53B3059BDB009BB2029A934228BFEE
:10AFA000134603934FF4207214210E2000F076FF15
:10AFB0008146F8B14389132B7FF663AFD9F804308B
:10AFC000D8F80020D8F80460D8F80800D8F80C1099
:10AFD0001A605E609860D960D8F810201A61D9F8BC
:10AFE00004A0039ECDF81C807CE700208CE76FF066
:10AFF000050089E74FF0FF3086E700BFA84F010842
:10B000007C5101084041010898510108B8510108DC
:10B0100099A90008014B1B6818447047C0C402205E
:10B02000024B1B68C01A80B2704700BFC0C4022028
:10B03000F8B50446FFF7F4FF074625882846FFF7D2
:10B04000E9FF064664882046FFF7E4FFB5F5804F28
:10B0500010D8B4F5804F0FD8BC4202D00388BB4251
:10B060000CD1094B1B68B3420AD07388BB4209D18B
:10B07000012000E00020F8BD0020FCE70020FAE7F6
:10B080000120F8E70020F6E7BCC4022038B50446EA
:10B09000344B1B6883423ED8334B1B68A34242D9D2
:10B0A0002379002B47D12388B3F5804F4BD82088D4
:10B0B000FFF7B0FF844215D003799BB92A4B1B6878
:10B0C00083420FD0294B1B68834244D000882080E4
:10B0D000B0F5804F06D0FFF79DFF05462046FFF7ED
:10B0E0009FFF68806088FFF795FF0546844211D076
:10B0F00003797BB91D4B1B68A3422FD02088288081
:10B10000B0F5804F06D0FFF785FF04462846FFF7CD
:10B1100087FF608038BD164B40F2DF121549164894
:10B1200007F046FFB8E7124B4FF4F072134912488C
:10B1300007F03EFFB4E70E4B40F2E11210490E4813
:10B1400007F036FFAFE70A4B4FF4F2720D490A4899
:10B1500007F02EFFABE7054B1C60B7E7034B186009
:10B16000CCE700BFC0C40220BCC40220B4C402208B
:10B17000C8510108305201084041010848520108F5
:10B18000645201088052010838B5114C24F00304C0
:10B19000104B1C604FF48045258000236380237191
:10B1A0002846FFF737FF0C4B186001230371058019
:10B1B00045800A4B1C600A4805F0E0FE00B938BD26
:10B1C000084B40F21F220849084807F0F1FEF6E755
:10B1D000C7C40220C0C40220BCC40220B4C40220E0
:10B1E000B8C40220C8510108AC520108404101080E
:10B1F000002860D038B5044610F0030F17D1A0F135
:10B2000008052D4B1B68AB4205D800F10C032B4AF7
:10B210001268934217D92A4B40F27F2229492A48C3
:10B2200007F0C6FE05F0D8FE05F0E2FE38BD244B5F
:10B2300040F273222549244807F0BAFE05F0CCFEFF
:10B2400005F0D6FEF2E7224805F0A4FE14F8043C0F
:10B250009BB12846FFF7ECFEF0B1002304F8043C54
:10B260001C4B1B68AB4201D91A4B1D602846FFF7E7
:10B270000DFF174805F095FED8E7114B4FF42372E8
:10B280001549114807F094FE114805F08AFE05F0B3
:10B29000A3FE05F0ADFEC9E7094B40F295220F4928
:10B2A000094807F085FE0A4805F07BFE05F094FE8C
:10B2B00005F09EFEBAE77047C0C40220BCC402205D
:10B2C000C8510108EC52010840410108C852010868
:10B2D000B8C40220B4C40220085301083053010846
:10B2E0002DE9F8430546CC1CA4B224F00304A4B213
:10B2F0000B2C00D80C248C422CBF00210121B4F56A
:10B30000804F88BF41F00101002940F0A280544BDA
:10B310001B68AB4203D8534B1B68AB4206D8524B59
:10B3200040F2D1225149524807F042FE4C4B1B6873
:10B33000AB4245D84B4B1B68AB4241D9A5F1080045
:10B34000FFF76EFE064635F8088CA8EB00081FFADA
:10B3500088F8A8F108081FFA88F8444537D844450A
:10B3600079D87AD0434805F015FE35F8087C384680
:10B37000FFF750FE81460379002B3ED1B7F5804F91
:10B380002DD0B9F800703444A4B20834A4B23A4BBA
:10B390001B684B452BD02046FFF73CFE0023037172
:10B3A0000780468025F8084C0088B0F5804F02D011
:10B3B000FFF730FE44802F4805F0F3FD284604E0F7
:10B3C00005F00AFE05F014FE2846BDE8F883264B7A
:10B3D0004FF439722949264807F0EAFDBFE7224BAE
:10B3E00040F2F5222649224807F0E2FDC9E720464F
:10B3F000FFF710FE204B1860CDE704F1140343451E
:10B40000D9D83444A4B20834A4B2B7F5804F18D0C8
:10B410002046FFF7FFFD184B1B68834201D9164BEE
:10B4200018600023037135F8083C0380468025F836
:10B43000084C0088B0F5804FBDD0FFF7EBFD44808D
:10B44000B9E7094B40F216320D49094807F0B0FD43
:10B45000DEE70020B9E70020B7E72846B5E700BFE0
:10B46000C0C40220BCC40220C851010864530108B2
:10B4700040410108B8C40220B4C402207C53010832
:10B480009C530108002800F0A7802DE9F0410346F5
:10B49000C61CB6B226F00306B6B20B2E00D80C2698
:10B4A0009E422CBF00230123B6F5804F88BF43F096
:10B4B0000103002B40F09280494805F06BFD494B99
:10B4C0001868FFF7ADFD05464FE0474B40F2873265
:10B4D0004649474807F06CFD65E001230371414B85
:10B4E0001868A04212D03E4805F05BFD274408379B
:10B4F000404B1B689F421FD814F0030524D15DBB4D
:10B5000004F1080066E00088FFF784FD03791BB1B1
:10B51000384A12688242F6D1324A1060354A1268BF
:10B520008242E0D0002BDED02F4B40F2B5323249C0
:10B530002F4807F03DFDD6E72B4B40F2B9322F499B
:10B540002B4807F035FDD7E7274B40F2BB322C499B
:10B55000274807F02DFDD2E7234B40F2BD322949A1
:10B56000234807F025FDCBE72588A8463746C6F5D2
:10B5700080439D422AD22846FFF74CFD04460379BA
:10B58000002BF1D10388A3EB0803083BBB42EBD3AC
:10B5900007F114029342A0D32E44B6B20836B6B2D5
:10B5A000B6F5804F91D03046FFF734FD002303718C
:10B5B0002388038045802680012323710088B0F50D
:10B5C000804F8CD0FFF726FD468088E7044805F0C1
:10B5D000E8FC0020BDE8F081002070470020F9E77A
:10B5E000B8C40220B4C40220C85101089C53010809
:10B5F00040410108BCC40220B0530108CC530108EB
:10B60000FC5301082C54010838B5044605F0E4FC4D
:10B610000546A3681C688CB122681A6014F0030FF9
:10B6200004D1284605F0E4FC204638BD054B4FF414
:10B630008C720549054807F0BBFCF2E705F0D8FC21
:10B64000F2E700BF50540108BC5401084041010812
:10B6500038B505460C4611F0030F09D105F0BCFCC6
:10B66000AB681B682360AB681C6005F0C1FC38BD8B
:10B67000034B4FF4B6720349034807F099FCEDE71A
:10B6800050540108E0540108404101088368002239
:10B690001A604368033323F0030307E081680968F5
:10B6A000196081680B6001880B4401324188914226
:10B6B000F4DC704710B5002406E0054B53F8240075
:10B6C000FFF7E4FF0134A4B20C2CF6D910BD00BF83
:10B6D0009079010810B5044610B1FFF795FF10BD31
:10B6E000044B4FF49E720449044807F061FC204665
:10B6F000F5E700BF5054010800550108404101081A
:10B7000008B50C2805D8074B53F82000FFF77CFF3D
:10B7100008BD054B40F257120449054807F048FCA4
:10B720000020F5E7907901085054010814550108EC
:10B730004041010838B50C46054620B1002C18BF21
:10B74000002D08D138BD064B40F295120549064838
:10B7500007F02EFCF2E721462846FFF779FFF1E7D4
:10B7600050540108005501084041010808B50C2853
:10B7700006D821B1064B53F82000FFF769FF08BD3A
:10B78000044B4FF4D5720449044807F011FCF6E766
:10B7900090790108505401083455010840410108CE
:10B7A0000B688268934202D08360012070470020BA
:10B7B00070470B68C268934202D0C3600120704793
:10B7C000002070476FF00B00704738B504460D46F7
:10B7D00001F0E2FA2946204605F0CAFA38BD000019
:10B7E00038B50C46054670B195F8393003F00502BE
:10B7F000052A07D114F0010F04D06A6812B113F0C2
:10B80000080F08D138BD064B40F26D320549064895
:10B8100007F0CEFBE8E7291D2846FEF739FAF1E7E5
:10B8200050550108BC5501084041010870B582B06F
:10B83000044615460E4639B175B1326863689A42BE
:10B8400012D1002002B070BD124B40F2CB1212494F
:10B85000124807F0ADFBEFE70E4B4FF4E6720E49CE
:10B860000E4807F0A5FBE8E701922B6001A92846E6
:10B87000FFF7ABFF5EB13368636001212046FFF73D
:10B88000AFFFE3690BB1204698470120DAE70023B8
:10B89000F2E700BF50550108E0550108404101089A
:10B8A000704700002DE9F04182B0044616461D465F
:10B8B0000F46D9B1E6B1EDB10FB13B68E3B901AACA
:10B8C00039462046FFF7B2FF4FF00108002231460B
:10B8D0002046FFF765FF002229462046FFF769FF53
:10B8E000B8F1000F0BD002B0BDE8F081074FE1E7DF
:10B8F000064EE0E7054DDFE74FF00008E6E701AA56
:10B9000039462046FFF792FFEDE700BF8C7901082A
:10B9100070B5059C064620B3002C2BD0002932D0F0
:10B92000002A32D0002B32D000207060B060F0606E
:10B93000374D7561308686F83900B062F06130624B
:10B94000049870623348007886F83C0006983061AD
:10B950003046FFF7A7FF3046A04700283ED0002022
:10B9600050E02D4B40F227122C492D4807F020FBC8
:10B97000304647E0284B4FF494722A49284807F094
:10B9800017FB00203EE02849CAE7274ACAE7264BB2
:10B99000CAE7002386F83C3024E01F4B40F28B12AC
:10B9A00022491F4807F004FB09E094F83C2096F870
:10B9B0003C309A420ED024687CB1B442EDD00135BF
:10B9C000FF2DF2DD144B40F28D121949144807F097
:10B9D000EFFAEAE7013386F83C303CB196F83C30A8
:10B9E000FF2BD6D0134B1C680025E5E796F83C30BA
:10B9F000FE2B08D00133074A13700E4B1A683260D1
:10BA00001E60304670BD034B00221A70F5E700BF80
:10BA1000C5B70008175A032050550108F055010812
:10BA2000404101080C5601088C7901083056010884
:10BA3000445601081C5A0320014B1860704700BF90
:10BA4000185A032010B588B1044690F8393013F025
:10BA5000010F0AD143F0010380F83930C36903B103
:10BA6000984703212046FFF7BBFE10BD034B4FF460
:10BA700054720349034807F09BFAF6E75055010852
:10BA8000745601084041010810B588B1044690F889
:10BA9000393013F0010F0AD003F0FE0280F839208C
:10BAA00013F0080F0CD1E3690BB12046984710BD85
:10BAB000054B40F29B320549054807F079FAF6E755
:10BAC000FEF768F8EFE700BF5055010890560108EF
:10BAD0004041010800B1C1617047000010B530B1AC
:10BAE000044690F8393013F0040F08D010BD0C4B09
:10BAF0004FF478720B490C4807F05AFAF6E743F016
:10BB0000040380F83930FDF72FFC03212046FFF7AE
:10BB100067FE236A002BE9D020469847E6E700BF7E
:10BB200050550108B05601084041010808B560B100
:10BB300090F8393013F0040F06D003F0FB0380F8BF
:10BB40003930036A03B1984708BD044B40F20642FE
:10BB50000349044807F02CFAF6E700BF50550108E6
:10BB6000D45601084041010800B10162704700004D
:10BB7000024658B1064B186838B190F83C30013392
:10BB8000DBB2934203D00068F6E7704700207047AD
:10BB90001C5A032010B400240460416002814381D8
:10BBA0009DF8043003739DF80830437301238373B9
:10BBB000C4735DF8044B704770B50C4616460546D5
:10BBC000C8B1002D18BFB4F5803F24D22CB3A2B267
:10BBD0002B8913449BB2934221D395F90C10002971
:10BBE00011DBF6B169680C1B6C6069890A446A81D3
:10BBF0002B81002010E00C4B40F2DF120B490C4867
:10BC000007F0D6F9DDE769680C1B05F11001A142C8
:10BC1000EAD9012000E0012070BD0020FCE70120EE
:10BC2000FAE70120F8E700BFF8560108BC4901080F
:10BC30004041010810B505F0CFF90B4B1C78E4B278
:10BC400001221A7005F0D4F904B110BD0021074893
:10BC5000FBF76EFC0028F8D005F0BEF9024B00227D
:10BC60001A7005F0C5F9F0E7205A0320A1BC0008BE
:10BC700008B505F0B1F9084B00221A7005F0B8F9C3
:10BC8000064B186800E0C06820B1436F002BFAD063
:10BC900000F0D4FE08BD00BF205A0320285A03201C
:10BCA00008B5FFF7E5FF08BDF0B583B006460D46C1
:10BCB0001446412A18BF012A0FD10B20FFF720FD9F
:10BCC000074638B10023019300942B462A4631469B
:10BCD000FFF760FF384603B0F0BD044B4FF4A57288
:10BCE0000349044807F064F9E7E700BFF856010884
:10BCF000645701084041010810B582B084468E4661
:10BD0000184604990CF1030C2CF0030C0EEB0C04F8
:10BD1000BDF814309C420CD801B1614404460223A2
:10BD20000193009273467246FFF734FF204602B03B
:10BD300010BD0024FAE708B50022FFF73DFF08BD5B
:10BD400038B50C46054698B1002D18BFB4F5803FB4
:10BD50001FD204B3A2B26B89934211D36968214404
:10BD600069609B1A6B812B899B1A2B81002038BD3F
:10BD70000A4B40F24B220A490A4807F019F9E3E757
:10BD8000064B40F255220849064807F011F90120F8
:10BD9000EDE70120EBE70020E9E700BFF8560108D6
:10BDA000BC490108404101087857010808B500293D
:10BDB00002DBFFF701FF08BD4942FFF7C1FFFAE7C9
:10BDC00008B50122FFF7F2FF08BD0000F8B510B179
:10BDD0000446002617E02B4B4FF437722A492B48B4
:10BDE00007F0E6F800263046F8BD264B40F2F12277
:10BDF0002749264807F0DCF80DE0236920469847DC
:10BE00000136F6B22C46002CEDD005F0E5F80746D9
:10BE1000A37B002BE9D0A57B013DEDB2A57338468D
:10BE200005F0E6F8002DDED12568237B03F00F0333
:10BE3000627B12F0020F0AD02369002BDDD1114B77
:10BE400040F2FF221349114807F0B2F8D5E7022B60
:10BE500006D0012B09D06BB92046FFF7C9F9CFE70F
:10BE600021460C20FFF782FCCAE721460B20FFF792
:10BE70007DFCC5E7034B40F20F320749034807F04A
:10BE800097F8BDE7F8560108BC4901084041010890
:10BE900098570108B0570108D45701082DE9F04719
:10BEA00082B00E469046B2F5C17F4DD004460DD803
:10BEB000012A3FD0412A3DD0494B40F2271249493F
:10BEC000494807F075F84FF0000939E0B2F5207FD6
:10BED000F2D1C11C01F4FE71F21C93B223F00303F2
:10BEE0000B449BB203F1100080B222F00302934294
:10BEF00070D3824271D8FFF7C5FA814600B304F1CE
:10BF000010010144033100230193CDF80080334632
:10BF1000324621F00301FFF73DFED9F8043013F05B
:10BF2000030F0DD02E4B4FF4917230492E4807F07D
:10BF30003FF805E0424631460020FFF7B5FE814656
:10BF4000484602B0BDE8F08705460027B94613E031
:10BF5000FFF770FEB9F1000F02D04846FFF736FF39
:10BF6000B946EDE7B9F1000F32D0CAF80070341BC2
:10BF7000A6B20025002EE3D0BA460C20FFF7C0FB86
:10BF800007460028E4D0EB1C23F003039BB240F2E9
:10BF9000EC54E41AA4B2B44228BF344605F11001AF
:10BFA0000144033100230193CDF80080234632463B
:10BFB00021F00301FFF7EEFD7B6813F0030FD1D0F2
:10BFC000074B4FF480720A49074806F0F1FFC9E7B2
:10BFD000B946CCE74FF00009B2E74FF00009AFE7F0
:10BFE000F856010878580108404101084C580108EA
:10BFF000E8570108F8B50E460446B8B12789B7429C
:10C000002ED935466389AB4218D2EB1A9DB22389EB
:10C01000F21B134423812468002CF3D11A4B40F205
:10C02000AF121A491A4806F0C3FFEBE7164B4FF45C
:10C03000CC721849164806F0BBFFDFE7227B12F0EE
:10C040000F0F05D1AB4203D0637B13F0020F08D072
:10C0500065812581206808B1FFF7B8FE00232360C1
:10C06000F8BD63681B1BE91889B22046FFF738F951
:10C0700004460028ECD1044B40F2BD1206490448A6
:10C0800006F096FFE4E700BFF8560108AC58010837
:10C090004041010894580108C45801080346002093
:10C0A00002E0013080B21B68002BFAD1704700001B
:10C0B00098B110B5044604F08FFFA37B0133A3733E
:10C0C00004F096FFA37B03B110BD044B40F2423253
:10C0D0000349044806F06CFFF6E77047F85601087C
:10C0E000E05801084041010838B504460D460029D2
:10C0F00018BF00280CD1154B40F25932144915488D
:10C1000006F056FF19E0238929890B442381144640
:10C110002268002AF7D1228963899A420ED12368C6
:10C1200033B10A4B40F263320B490A4806F040FF34
:10C1300023892A8913442381256038BD034B40F2AB
:10C1400062320649034806F033FFE8E7F856010873
:10C15000F4580108404101085C5901082C590108B4
:10C1600010B50C46FFF7C0FF2046FFF7A1FF10BD3A
:10C170002DE9F041002918BF002808D005460C46DB
:10C1800002890B899A4202D30027B8463CE03B4B18
:10C1900040F2C9323A493B4806F00AFF6FF00F00FF
:10C1A0006AE0364B40F2D9323749364806F000FF94
:10C1B0003EE0324B40F2DA323449324806F0F8FEC3
:10C1C00039E02D68B5FA85F35B09002C08BF002320
:10C1D00013B94FF0000836E0284B4FF479722C4920
:10C1E000284806F0E5FE6FF00F0045E023687BB3BA
:10C1F000224B40F2E9322749224806F0D9FE6FF07F
:10C20000050039E0002C36D06E89A6EB080663895C
:10C21000DB1B9E4200D31E46686861683246394483
:10C22000404407F034F8B04437446B894345B8D3F1
:10C230006389BB42BDD36389BB4201D82468002710
:10C240006B894345BDD01CB1628923899A42CDD008
:10C25000002DD7D06A892B899A42D3D12B68002B25
:10C26000D0D0064B40F2EE320A49064806F0A0FE56
:10C270006FF0050000E00020BDE8F081F8560108ED
:10C280006C590108404101089C590108B459010842
:10C29000D0590108E05901082DE9F84330B188462A
:10C2A0009146054669B100273E462AE01D4B40F203
:10C2B0000A421D491D4806F07BFE00273846BDE8AE
:10C2C000F883184B40F20B421949184806F070FEEB
:10C2D0000027F3E76C89E41AA4B2A14500D24C46CA
:10C2E00069682246194408EB060006F0D0FF27448F
:10C2F000BFB22644B6B2A9EB04041FFA84F90023A6
:10C300002D682A1E18BF0122B9F1000FD6D0002ACD
:10C31000D4D0002BDED06A899A42DBD89B1A9BB21C
:10C32000EEE700BFF85601080C5A01084041010829
:10C330002C5A010838B514460A462189FFF7AEFD8C
:10C34000054618B12146FFF713FF08B9284638BD46
:10C35000034B40F224520349034806F029FEF5E757
:10C36000F8560108505A0108404101084FF0000CEE
:10C370000BE0164B4FF440421A800FE00CF1010C19
:10C380001FFA8CFCBCF5804F1DD2104A1388013374
:10C390009BB213804FF6FF729342EAD0002003282D
:10C3A0000ED80B4B53F820301B6833B1D98A074A9B
:10C3B00012889142E2D0DB68F7E70130C0B2EEE7C5
:10C3C000024B188870470020704700BF30000220E1
:10C3D000607A010838B504460D4639B9074BFF228B
:10C3E0000749084806F0E4FD00E0E4682CB1E36F7B
:10C3F000AB42FAD10023E367F7E738BD645A01087E
:10C40000CC5A01084041010838B5054620B12B7DC2
:10C41000012B09D1012417E00D4B40F211120D49F7
:10C420000D4806F0C5FDF2E7094B4FF489720B4940
:10C43000094806F0BDFDEDE7094B53F824302946C5
:10C440001868FFF7C7FF0134032CF5D938BD00BFCA
:10C45000645A0108F45A010840410108005B0108D0
:10C46000607A010810B50446037D012B04D02146F3
:10C470000220FFF77BF910BD034BDF22034904487C
:10C4800006F096FDF3E700BF645A0108185B010847
:10C490004041010838B5044690B1237D042B17D0E4
:10C4A000072B1DD0032B2CD1204603F083FC05461F
:10C4B000F0B905232375204603F0FCFD284638BD5E
:10C4C000114B4FF4CE721149114806F071FDE4E7AB
:10C4D000204603F06FFC054650B905232375EAE7B3
:10C4E000204603F067FC054610B909232375E2E7EF
:10C4F000B5F1FF3FE2D1638B43F00803638300256E
:10C50000DCE70025DAE700BF645A0108F45A0108A5
:10C5100040410108094B186878B110B501E0204688
:10C5200054B1C468438B13F0080FF8D023F008030C
:10C530004383FFF7AFFFF2E710BD7047285A03208F
:10C5400008B506F0BDFB024B0343024A138008BD49
:10C5500000C0FFFF3000022010B50446037D012B10
:10C5600004D021460120FFF701F910BD034BD4226E
:10C570000349044806F01CFDF3E700BF645A0108B4
:10C58000345B01084041010870B506460D4659B1BB
:10C5900066B1337DA3B9EAB1002003281EDC244B29
:10C5A00053F820301B6827E0224DF1E7224B40F280
:10C5B000A9222249224806F0FBFC6FF00F0019E087
:10C5C0001D4B40F2AB221F491D4806F0F1FC6FF0F5
:10C5D00005000FE0FFF7CAFE0246E8B115B12B686F
:10C5E00003B13360F282184B1A68F2601E6003F0E8
:10C5F000F5FF002070BDDB6863B1D98A9142FAD1A2
:10C60000196861B175B12C687CB1A142F3D16FF0AA
:10C610000700EFE70130C0E76FF00100EAE76FF0D5
:10C620000700E7E76FF00700E4E76FF00700E1E7D6
:10C63000607A01088C790108645A0108485B010896
:10C6400040410108605B0108305A032070B516466E
:10C65000044640B3037D002B30D1012B51D0022082
:10C66000FFF74EF8054600284FD023690361E38A9F
:10C67000C38201230375637D4375637A437200238C
:10C680000372E37AC372A37A837223680360E38A36
:10C690003BB31F4B1B68A3421BD003B3DA68A24213
:10C6A0001BD01346F9E71B4B40F259321A491B487D
:10C6B00006F07EFC25466FF00F031EE0154B40F29E
:10C6C0005A321749154806F073FC6FF00E03002527
:10C6D00013E0DA680E4B1A6001E0E268DA600023CA
:10C6E000E3602046FFF738FF0E4BAB610E4B1A6834
:10C6F000EA601D6003F072FF002306B13370284624
:10C7000070BD05466FF00803F7E74FF0FF33F4E71D
:10C71000305A0320645A0108885B0108404101082F
:10C72000B85B01089DCC00082C5A032008B50022F4
:10C73000FFF78CFF08BD000038B5044698B1656A64
:10C74000218D6818E26AB4F832E040F6683CE645AC
:10C7500094BF02EB0E0302EB0C03C31A002B0ADB9F
:10C760006185801A38BD0E4B40F2A6320D490E4845
:10C7700006F01EFCE3E7AB1A002B03DD0023638504
:10C780000020EFE7551BB5F5803F01D26585F7E73F
:10C79000034B40F2B6320549034806F009FCF5E7C1
:10C7A000645A0108F05B010840410108145C01086B
:10C7B00038B5C0B10C460546037D012B1BD02B8D2F
:10C7C000191989B241F2D062914201D88B421AD92B
:10C7D00041F2D0632B852846FFF7AEFF40F2B353FA
:10C7E000984212D838BD0D4B40F2CF320C490D485B
:10C7F00006F0DEFBF6E7094B40F2D2320A4909485F
:10C8000006F0D6FBDBE72985E5E76B8B43F00203F7
:10C810006B83284603F04EFCE4E700BF645A01082E
:10C82000305C010840410108485C010850B110B576
:10C830000446406808B1FFF7C9FA21460320FEF715
:10C8400095FF10BD704738B110B50468FFF7EEFFD3
:10C850002046002CF9D110BD7047000008B508B182
:10C86000417508BD034B4FF4CE620349034806F0FF
:10C870009FFBF6E7645A0108705C0108404101081B
:10C8800038B5054688B10320FEF73AFF044650B19B
:10C8900028686968AA68EB6820606160A260E3604C
:10C8A0006068FFF705FC204638BD044B40F2826209
:10C8B0000349044806F07CFBE5E700BF645A010821
:10C8C0008C5C01084041010800B101617047000023
:10C8D00080B138B50C460546037D012B02D0C5F862
:10C8E000844038BD044B40F2DF720449044806F02E
:10C8F0005FFBF4E7704700BF645A0108A85C0108B9
:10C900004041010880B138B50C460546037D012B36
:10C9100002D0C5F8804038BD044B40F2F3720449A0
:10C92000044806F045FBF4E7704700BF645A01086D
:10C93000D05C01084041010880B138B50C4605467D
:10C94000037D012B02D0C5F8904038BD044B40F662
:10C950000D020449044806F02BFBF4E7704700BFC2
:10C96000645A0108F85C01084041010810B1027DD9
:10C97000012A00D070478161FCE7000070B548B122
:10C980000D4614460646037D012B0BD0C6F88C508D
:10C99000747770BD074B40F63D020749074806F023
:10C9A00007FBF6E7034B40F63E020549034806F055
:10C9B000FFFAEBE7645A0108205D010840410108D5
:10C9C000385D010808B530B1074B1868074A12688E
:10C9D0001044186008BD064B40F6AF0205490648F2
:10C9E00006F0E6FAF0E700BF2C000220345A0320DC
:10C9F000645A0108585D01084041010838B50546F0
:10CA00000C465AB144B1238E33B1282B0ED9283BA2
:10CA10009BB29D4228BF1D46284638BD044B40F6B8
:10CA2000C5020449044806F0C3FAEBE70023F0E727
:10CA3000645A0108745D01084041010810B50446BC
:10CA4000406F18B1FFF7FFFE0023636710BD0000C1
:10CA500010B508B30446037D002B18BF0A2B1AD06B
:10CA6000012B18D0806F18B1FFF7B0F90023A3672E
:10CA7000636F13B12046FFF7E1FF4FF6FF73238684
:10CA8000E06EFFF7E0FE206FFFF7DDFE0023E366B8
:10CA90002367A4F8683010BD034B40F651020349E8
:10CAA000034806F085FAF6E7645A01089C5D010820
:10CAB0004041010838B505460C4649B185B12B689F
:10CAC000A34215D0CBB1DA68A24214D01346F9E7DD
:10CAD000254B40F683022549254806F069FAEDE723
:10CAE000214B40F684022349214806F061FAE6E72B
:10CAF000DB682B6001E0E268DA600023E360204637
:10CB0000FFF7A6FF237D0A2B18BF012B03D0638BF1
:10CB100013F0010F21D1237D012B1AD0E36E33B125
:10CB2000114B40F693021449114806F041FA236F65
:10CB300033B10D4B40F6940210490D4806F038FA17
:10CB4000636F33B1084B40F696020D49084806F072
:10CB50002FFA00232375E38238BD43F00203638379
:10CB6000204603F0A7FAD6E7645A0108B85D010829
:10CB700040410108D45D0108F45D01080C5E010824
:10CB8000285E01082DE9F04784B0F8B10D4604464F
:10CB9000037D012B22D0237D0A2B27D0D4F850808F
:10CBA000D4F82490D4F890602769002B47D1B4F8CA
:10CBB00016A0BAF1000F4CD02D4B1B68A3421DD01C
:10CBC00013B3DA68A2421DD01346F9E7294B40F2AD
:10CBD0003D222949294806F0EBF92DE0254B4FF479
:10CBE00010722749254806F0E3F9D4E72146254885
:10CBF000FFF760FF2046FFF7AFFC1DE0DA681C4B33
:10CC00001A6001E0E268DA600025E560AA46206F5C
:10CC100008B1FFF718FEE06E08B1FFF714FE606F71
:10CC200008B1FFF710FEB5B92046FFF795FC1EB11D
:10CC30006FF00C013846B04704B0BDE8F087B4F897
:10CC400016A021461048FFF735FF104B01221A703D
:10CC5000DDE70025DBE7231D228B0292CDF804A03F
:10CC6000009323464A464146204603F0A1F9DBE7FC
:10CC7000305A0320645A0108405E0108404101080F
:10CC80005C5E0108245A0320285A0320235A0320FB
:10CC900008B50121FFF776FF08BD000010B50C466E
:10CCA00029B12046FFF7F4FF6FF00C0010BD044BD4
:10CCB00040F20F320349044806F07AF9F1E700BF69
:10CCC000645A0108905E01084041010808B50A4B0A
:10CCD0001B684FF0000C604600E0DB6843B1196A46
:10CCE000064A1268521A6245F7D394461846F4E78A
:10CCF00008B1FFF7CDFF08BD245A0320345A0320A2
:10CD000010F0800F01D108B970477F2038B5013885
:10CD1000C2B20F4B1B684FF0000C604607E00D4A93
:10CD20001268186AA2EB000C0A461846DB685BB171
:10CD3000597D9142F3D3F9D1064C24681D6AA4EBC6
:10CD4000050EE645F2D3EAE708B1FFF7A1FF38BDCB
:10CD5000285A0320345A032070B50C46054660B9A2
:10CD60000A4B4FF410620A490A4806F021F904E020
:10CD7000E6682046FFF78CFF34462CB122682B680A
:10CD80009A42F5D0E468F8E770BD00BF645A010824
:10CD9000B05E01084041010800B338B50D460446B5
:10CDA000036803B938BD0E4B1968FFF7D5FF0D4B6B
:10CDB00019682046FFF7D0FF002DF3D02B68002B19
:10CDC000F0D0094B1B6800E0DB68002BEAD0196843
:10CDD00022689142F8D12A681A60F5E7704700BFCF
:10CDE000285A0320305A03202C5A032038B5044611
:10CDF000A0F10803DBB2012B04D8104B1B68002103
:10CE0000084608E00E4B40F2DD620E490E4806F07F
:10CE1000CFF8F2E7DB685BB11A7DA242FAD10B4A88
:10CE200012681D6A521B8A42F4D311461846F1E774
:10CE300010B10021FFF7A6FE38BD00BF285A03201D
:10CE4000645A0108E45E010840410108345A032095
:10CE500038B505460120FEF753FC044650B39C222A
:10CE60000021204606F059F9657541F2D063A4F817
:10CE7000643063852385FF22E2724FF40672628676
:10CE80000622A4F84020E2874FF6FF722286012294
:10CE9000A4F848201A4A126822621A4A1278A27725
:10CEA000A4F84A30184BC4F88430184BC4F89430B6
:10CEB000204638BDFFF72EFBFFF708FF0120FEF7E5
:10CEC0001FFC04460028CAD10920FFF78FFF01206C
:10CED000FEF716FC04460028C1D10820FFF786FFA4
:10CEE0000120FEF70DFC04460028B8D12846FFF7C4
:10CEF00007FF0120FEF704FC04460028AFD1D7E766
:10CF0000345A0320215A0320B5D0000800DD6D00FB
:10CF100008B54020FFF79CFF08BD08B54020FFF78B
:10CF200097FF08BD30B585B00D46044630B3002DDF
:10CF300031D0237D072B18BF042B2CD1A36F2BB32B
:10CF4000638B13F0100F3AD0231D228B0292E28ADA
:10CF5000019200932346626A216D204603F028F86F
:10CF60002046FFF775FD3A4B1B68A3422FD0002BDC
:10CF700033D0DA68A2422ED01346F8E7354B4FF48F
:10CF8000AF723549354806F013F8D0E7228D41F2EB
:10CF9000D0639A42D4D1237D012B3DD0022B47D0C0
:10CFA000002B51D1E38A002B30D02D4B1B68A342BC
:10CFB00024D04BB3DA68A24224D01346F9E7254BBC
:10CFC0004FF4B2722749254805F0F2FFBCE7DA6852
:10CFD0001F4B1A6001E0E268DA600023E360224B35
:10CFE00001221A70214B1B68A34204D02046FFF790
:10CFF000B3FA00200EE001F0EDFFFAE7DA68184B13
:10D000001A6001E0E268DA600023E3602046FFF77F
:10D01000A3FA002005B030BD2046FFF7F5F9214600
:10D020001348FFF747FD2046FFF71CFA0020F1E701
:10D0300021460748FFF73EFD0B4B01221A702046A0
:10D04000FFF78AFA0020E5E72046FFF723FAE1E739
:10D05000285A0320645A0108F45E0108404101087F
:10D06000305A0320145F0108235A0320385A032042
:10D070002C5A032008B560B10346027D012A03D073
:10D08000428B42F01002428301211846FFF74AFF0B
:10D0900008BD054B4FF4F4720449054805F088FFBC
:10D0A0006FF00F00F4E700BF645A0108305F010819
:10D0B0004041010810B551B1144608468AB11189A2
:10D0C000FFF776FB2046FEF781FE002010BD084BDF
:10D0D0004FF4D3620749084805F06AFF6FF00F006C
:10D0E000F4E70BB10020F1E7FFF7C4FFEEE700BF64
:10D0F000645A0108485F010840410108F8B520B3AF
:10D100000446866F777B00238367D0F8845035B35D
:10D11000324601460069A847054645BB17F0200F77
:10D120002BD0238D41F2D062934201D0013323856D
:10D13000D4F884600EB300231A4621462069B04714
:10D1400010F10D0F19D1054617E00D4B40F20962A1
:10D150000C490D4805F02CFF6FF00F050DE0002382
:10D16000324601461846FFF7A5FF0546D5E715F1FB
:10D170000D0F02D0A6676FF004052846F8BD00BF6A
:10D18000645A0108645F01084041010870B51C4AF7
:10D190001378013313701B4B1C6813E043F0020338
:10D1A0006383204602F086FF638B23F003036383CF
:10D1B00013E023F0080363832046FFF76BF910E0C8
:10D1C000E5682C46DCB1A27F0D4B1B789A42F7D064
:10D1D000A377638B13F0010FE0D1638B13F0080F7B
:10D1E000E7D1E568A36F002BEBD0074E0023337027
:10D1F0002046FFF783FF3378002BE2D0CBE770BDEA
:10D20000215A0320285A0320235A03202DE9F041F4
:10D2100084B0994A136801331360984A1378013334
:10D220001370974B1C68002593E1964B40F2BE4269
:10D230009549964805F0BCFE91E1924B40F2BF4201
:10D240009349924805F0B4FE8DE18E4B4FF49862FD
:10D2500090498E4805F0ACFE89E12546E46878E106
:10D2600094F84230052B40F28D8101266EE0854B0B
:10D2700040F2D5428849854805F09AFE99E120465A
:10D2800002F00CFC58B1002384F8983094F89930DF
:10D29000062B7CD8013384F89930002656E02046CE
:10D2A00002F008FF0028EED100264FE0B4F930303C
:10D2B0009BB247F6FE72934201D801332386B4F93C
:10D2C0003020B4F940309A4240DB204602F0A4FD01
:10D2D00020B1236F002B39D1E36EBBB3237D022B2A
:10D2E00014D094F842200C2A28BF0C22B4F93C1028
:10D2F000B4F93E3003EBE10368498A5C934047F69A
:10D30000FE7293421EDC1BB2A4F840300023238639
:10D31000B4F86030B4F84820934228BF13465B0845
:10D32000A4F84A30618E4A0092B2934201D2A4F826
:10D330004A20A4F848100023A4F86A30204603F0DD
:10D3400005F803E047F6FF73DEE70126237D062B91
:10D350001FD0627A12F0080742D0072B18BF042BA7
:10D360003DD1454B1A68236AD21AD4F894104C4B1D
:10D370000B444C48A0FB0303B2EB531F16D90136F4
:10D38000F6B201272CE00126E0E70026DEE70026C2
:10D39000DCE7628B12F0100FDBD0216A364A12688C
:10D3A000521A282AD5D90136F6B2D2E794F89B3022
:10D3B0003D4800FB03113B4BA3FB0131B2EB511F76
:10D3C00001D800270CE0204602F0F6FF00283BD1F0
:10D3D00094F89B30013384F89B30002700E000274D
:10D3E000636F53B1236A244A1268D21AB4F94030E9
:10D3F00003EB4303B2EB430F28D2237D032B29D049
:10D40000092B30D0002E53D1E668237F0133DBB2E5
:10D410002377627F9342C0F09A8000232377234AC8
:10D420001370D4F88C30002B00F0898021462069DD
:10D4300098471E4B1B78002B7FF4F3AE002800F0BA
:10D4400080802546344684E00027C9E72046FFF760
:10D45000F5FAD2E7216A084A1268521A282ACFD967
:10D460000136F6B2CCE7226A034B1B689B1AF02BFD
:10D47000C8D90136F6B2C5E7345A0320215A032031
:10D48000285A0320645A01088C5F010840410108B2
:10D49000B85F0108E45F010848600108787A010874
:10D4A000B84C0A00D34D6210F8240100235A03201F
:10D4B000D4F890802046FFF7CBFA25B36F4B1B685A
:10D4C000A34218D0E368EB6067BB2669E768204693
:10D4D000FFF742F86A4B00221A70B8F1000F03D030
:10D4E0006FF00C013046C047654B1B78002B7FF472
:10D4F00098AE3C462DE0634B40F26D526249634862
:10D5000005F056FDDEE75D4B1B68A34206D05D4B80
:10D5100040F271525E495D4805F04AFDE268574BA2
:10D520001A60D1E7231D626A216D208B0290E08A88
:10D53000019000932346204602F03AFDC5E7002003
:10D5400077E7204602F0B6FD2546344601E0254641
:10D550003446002C50D0237D002B3FF466AE237D53
:10D56000012B3FF46AAE237D0A2B3FF46EAEA27FFF
:10D57000484B1B789A423FF470AEA377237D022B71
:10D580003FF46EAE94F842300B2B3FF6DEAE94F8CB
:10D590009960002E3FF48AAE236F33B1394B40F2CD
:10D5A000D4423D49394805F003FDE36E002B3FF4BA
:10D5B0005EAE94F89A300B2B3FF6E5AE94F89930B6
:10D5C000013B364AD25C94F89830934202D2013340
:10D5D00084F8983094F898309342FFF4D6AEB4F8BB
:10D5E000601000297FF44BAE204602F013FF0028A4
:10D5F0003FF449AE0026A9E6294B1D6807E02A6AD8
:10D60000284B1B689B1AF02B0ED82C46ED68002D7A
:10D6100031D02B7D0A2BF2D01A4B40F2A152224975
:10D620001A4805F0C5FCEAE72846FFF711FA9CB155
:10D630001B4B1B68AB4207D0EB68E360EE682846E3
:10D64000FEF78AFF3546E2E70E4B40F2AF5217492C
:10D650000E4805F0ADFCEFE7114B1B68AB4206D05E
:10D66000084B40F2B3521249084805F0A1FCEA68A1
:10D670000B4B1A60E2E704B0BDE8F081285A0320A2
:10D68000235A0320645A01088060010840410108C0
:10D69000AC600108215A032014600108707A010867
:10D6A000245A0320345A0320D86001080861010875
:10D6B0003061010808B5FFF769FD064A13780133A8
:10D6C000DBB2137013F0010F00D108BDFFF79EFD10
:10D6D000FBE700BF225A03200A4A1388591C118015
:10D6E000094A116819B1094A1288934204D2084ABA
:10D6F00012681344187D7047DBB2D2B29B1ADBB2BA
:10D70000C85C7047505A0320545A0320585A0320CB
:10D710005C5A032038B50446E8B1224B1B88002B25
:10D720003ED0214B00221A801F4B1A881D4B1B88AC
:10D730009A4235D2FFF7D0FF0128F5D0022812D047
:10D7400070B3FFF7C9FF01282AD9174B1A88104474
:10D7500002381880E8E7154B40F27D7214491548ED
:10D7600005F026FCD9E7FFF7B7FF042818D10E4BC8
:10D770001B8801330B4A1288934211DAFFF7ACFF82
:10D780000502ADB2FFF7A8FF284380B2431E9BB24B
:10D7900040F2B352934201D940F2B4506086C3E7DD
:10D7A00038BD00BF5A5A0320505A0320586101085F
:10D7B000C46101084041010810B5044630B1114B65
:10D7C0001B7813F0100F09D1002010BD0E4B40F252
:10D7D0005A220E490E4805F0EBFBF0E7638B13F07D
:10D7E000100F06D1D4F890301BB16FF00E012069F4
:10D7F000984721460748FFF75DF92046FEF7ACFE43
:10D800000120E2E7405A032058610108E061010865
:10D8100040410108285A0320234B1B7813F0040FC2
:10D8200041D130B585B00446A0B11F4B1B7813F031
:10D83000020F29D01D4B1A68636AD11A002904DB34
:10D84000218D0B44D31A002B0CDD194B1B8813BB05
:10D8500005B030BD174B40F2EE221749174805F0CE
:10D86000A7FBE2E7164B1968164B114800880D8894
:10D87000029549880191191F0091024412490968D3
:10D88000204602F095FBE3E713F0010FDDD00F4BCC
:10D890001B682362D9E7638B43F00203638320464E
:10D8A00002F008FCD4E77047415A03204C5A032089
:10D8B000425A0320586101080862010840410108EA
:10D8C0005C5A032080C30220485A0320345A0320A4
:10D8D000474B1B7813F0040F40F08880F0B585B0FB
:10D8E000044648B1424B1B7813F0100F0CD113F0D3
:10D8F000020F1DD105B0F0BD3E4B40F281223E49E2
:10D900003E4805F055FBEDE73D4B19683D4B3E4A5F
:10D9100010883E4A12680D88029549880191191FA6
:10D92000009102443A490968204602F041FBE1E7D0
:10D93000607DFFF78DFA0546002849D0354B5A69BE
:10D9400002601B694360E38AC3822D4E33681B88E3
:10D950000383032303752D4F3B6801334362C36286
:10D96000FFF730F8A86528656864E8653B68013B07
:10D970006B6523692B61EC67637A03F00C036B72B0
:10D98000237A2B72244B1A68EA601D6002F026FE8F
:10D99000224B01221A702846FFF7BCFE3368DB8950
:10D9A000A5F86030A5F862306E8E2C1D2046FCF77D
:10D9B000C3FC014622463046FFF720F86886122154
:10D9C000284602F047F960B9284602F073FB91E758
:10D9D000A369002B8ED04FF0FF32002120699847B9
:10D9E00088E700212846FFF7CDF883E7704700BF9E
:10D9F000415A03205861010828620108404101088A
:10DA00005C5A032080C30220425A03204C5A032050
:10DA1000485A03206CC30220285A0320235A0320AB
:10DA20002DE9F04106460C461F4608E0264B40F221
:10DA300057422649264805F0BBFA22E04446002C0E
:10DA40003FD0E3685868FAF782FB0546B4F80880CF
:10DA5000E3689889FAF776FB10F0030F2FD00123C3
:10DA6000984445441B4B1B68ED1A002D29DCD4F863
:10DA700000806068FEF712FB0546B6F86630834208
:10DA8000D4D3B6F866305B1BA6F866302389124AF9
:10DA900011880B4413802046FEF7C8FEB6F86630A6
:10DAA000002BCBD0B8F1000F08BF002FC6D1064B1A
:10DAB00040F261420949064805F07AFABEE70023C0
:10DAC000CEE72046BDE8F0815861010848620108B0
:10DAD00040410108485A0320445A0320706201085B
:10DAE00070B50C46054660B1EB689889FAF72AFBD9
:10DAF00010F0010F12D02046FEF7A5FE00242C6086
:10DB000070BD1D4B40F21F421C491D4805F050FAE4
:10DB1000EAE726682046FEF789FE3446CCB12B8919
:10DB2000184A12681344E1684A68208902449B1A23
:10DB3000002B0EDB8889FAF705FB10F0010FE8D007
:10DB4000EB689E890120FAF7FDFAEB6806439E8197
:10DB5000DFE7002CD3D02B890A4A11680B44E26816
:10DB600052689B1A002BCADD521A91B2298168684B
:10DB7000FEF740FAC3E700BF586101089062010850
:10DB8000404101084C5A0320F8B5044600286FD0E4
:10DB9000237D032B74D9A84B1B7813F0100F3CD0B6
:10DBA000B4F86000A26D8618616DA44B1B68CD1A95
:10DBB000002D0ADB99426BD0A14909688A4214D131
:10DBC000A04A1268D28990420FD29E4A1268D28926
:10DBD00090B2A4F86020B4F86210884201D9A4F889
:10DBE00062206365964B1B68A365954B1B68616C4F
:10DBF0005A1A002A52DD012A03D4226D9A1A002AE9
:10DC00007EDD204602F01CFA636B33B1A26B8C49B7
:10DC10000968521A002AC0F236818B4B1B88002BF0
:10DC200000F03584227D062A00F23184616A834A3D
:10DC300012688E1A012E05D41344CB1A0133002B1F
:10DC400040F34781521A002AC0F285817B4B1B6842
:10DC5000616A5A1A002A06DB228D0A449A1A013296
:10DC6000002A40F37D81204602F0EAF900F01FBC53
:10DC7000764B40F27B427649764805F099F987E782
:10DC8000724B40F27C427449724805F091F982E788
:10DC90006B490968511A00298EDA96E76A4A128898
:10DCA0002AB9A26DB4F860000244B24203D0002346
:10DCB00084F84330A8E7B4F93020002AF7DB8B4220
:10DCC000F5D194F84330FF2B02D0013384F8433070
:10DCD00094F84330032B08D9B4F84810628E0A44F4
:10DCE00092B2914207D8A4F84820022B8CD9204642
:10DCF00002F020F988E74FF6FF72A4F84820F4E715
:10DD0000628B12F0040F09D022F004026283B4F88F
:10DD10004A20A4F848200022A4F86A20002084F8B1
:10DD20004200B4F93C50E28F02EBE502A4F8402037
:10DD30009AB289B2521A92B284F843006364237D86
:10DD4000032B17D9B4F84830B4F84A108B424BD2A1
:10DD5000618B11F4006F40D00121608E11FB00F146
:10DD600089B2914294BF5818981882B2934236D81B
:10DD7000A4F84820E36E394A216F2046FFF750FE91
:10DD800003462067364AE16E2046FFF749FEE0660B
:10DD9000226F002A49D000232386002323770028FE
:10DDA00047D0B4F864302F4909880B44A4F8643094
:10DDB000638B13F4006F3FF427AF002A54D0E56C57
:10DDC000D3685868FAF7C3F92D1A002D3FF71CAF36
:10DDD000638B23F40063638316E70221BDE74FF6EC
:10DDE000FF73A4F84830C5E7B4F86A100A4492B249
:10DDF000914210D8A4F86A20B4F86A209342B9D8A6
:10DE0000D21AA4F86A20628E1A4492B2934207D8BA
:10DE1000A4F84820AEE74FF6FF72A4F86A20EBE7BB
:10DE20004FF6FF73A4F84830A4E74FF6FF7323863C
:10DE3000B3E7A4F86830B4E7415A03204C5A0320F2
:10DE4000485A03205C5A0320425A032058610108B3
:10DE5000B862010840410108D4620108F06201087B
:10DE6000F8620108445A032040B1E56CC368586861
:10DE7000FAF76DF92D1A002D3FF7C6AE638B23F428
:10DE800000636383C0E6884A16889BB2F21A92B296
:10DE9000B4F93C00C0F3CF05521B11B280B210FAA6
:10DEA00082F212B2A28700290FDBB4F93E30A1EB57
:10DEB000A3019BB213FA81F1E187D21012FA81F12A
:10DEC000A4F8401000236363A7E69B1B1D4429B2FE
:10DED000EBE7764B5D68DDB14FF6FE739E421FD8CF
:10DEE000B6B2724B5B681B89B34221D36F4B1A8960
:10DEF000921B1A815B681A89921B92B26B89B3429A
:10DF00001ED2F31A9EB22A8100236B812D68F5E799
:10DF1000674B40F294526749674805F049F8DBE7E0
:10DF2000634B40F295526549634805F041F8D7E7E5
:10DF30005F4B40F2975262495F4805F039F8D5E7E8
:10DF400031462846FDF7FCFE636A5E4A1360574A75
:10DF5000D26853607AE6638B43F00203638375E60D
:10DF60008B4205D0656F002D00F0AA810026CCE120
:10DF70004E4B1D89DB689889FAF7E4F810F0030F1F
:10DF800014D001232B449BB24F4A1380228D93421D
:10DF90000ED8636F002B5DD0444BDB689889FAF78D
:10DFA000D1F810F0010F52D1656F9EE00023E9E730
:10DFB0003E4BDB689889FAF7C5F810F0010F2FD1B6
:10DFC000228D3A4B1A81DB689889FAF7BBF810F07A
:10DFD000020F03D0354A1389013B1381334E318937
:10DFE0007068FEF707F83589F3689889FAF7AAF898
:10DFF00010F0030F25D001232B449BB2324A13802B
:10E00000304A12681344626A218D0A449342C0D098
:10E01000274B40F2CB522D49274804F0C9FFB8E7FF
:10E02000224EF3689D892846FAF78CF800F03E00EE
:10E03000FAF788F8F26825F47C5540EA05039381E5
:10E04000BEE70023D8E703686367FEF7EFFB606F66
:10E050000028F8D11C4B1A881A4B1B6813446362C2
:10E06000238D9A4200F2AD80238D174A12889B1AA5
:10E0700023852046FEF760FB0C4B5B681A8922B1B2
:10E08000134A1360094B00225A60084BDB689889D9
:10E09000FAF758F810F0010F00F0C1800D4A13781C
:10E0A00043F020031370BAE0345A0320605A03206F
:10E0B000586101080063010840410108106301082C
:10E0C000206301084C5A0320425A032030630108A0
:10E0D0003C5A0320405A032000231F449E4B1F80BC
:10E0E0002E682846FEF7A2FB354665B39A4B1B887F
:10E0F0009A4A12681344E9684A68288902449B1ABC
:10E10000002B20DB8889FAF71DF810F0010FE7D00B
:10E11000934BDB689889FAF715F810F0020FDFD1FE
:10E120008F4EF3689F890120FAF70CF8F3680743D4
:10E130009F813789F3689889FAF704F810F0030F84
:10E14000CAD00123C9E74DB1844B1968824B1B88A3
:10E150000B44EA6852689B1A002B01DC656779E77B
:10E16000521A7F4B1A81DB689889F9F7EBFF10F0A0
:10E17000020F03D07A4A1389013B1381784F398902
:10E180007868FDF737FF3E89FB689889F9F7DAFF71
:10E1900010F0030F13D0012333449BB26E4A138057
:10E1A0006E4A12681344EA6852689342D6D06D4BA7
:10E1B00040F2FC526C496D4804F0FAFECEE70023B1
:10E1C000EAE7684B40F207626949684804F0F0FEEC
:10E1D0004AE7002335E0002341E0624B40F22B6226
:10E1E0006449624804F0E4FE3CE0002343E0624BF3
:10E1F000196000236B60EB689889F9F7A3FF10F0B2
:10E20000010F07D05D4A137843F020031370237D7C
:10E21000042B42D02B6863672846FEF707FB656F27
:10E22000002D3DD0EA685368616A8B4238D14B4972
:10E230000B602E899089F9F785FF10F0030FC8D085
:10E2400001231E44636A33446362278D2E89EB6881
:10E250009889F9F777FF10F0030FBCD001231E4413
:10E26000B742BAD32E89EB689889F9F76BFF10F0A3
:10E27000030FBAD001231E44238D9B1B2385204608
:10E28000FEF75AFA69680B89002BB4D03A4B18682C
:10E290000028ACD0FDF728FFABE707232375B9E7CB
:10E2A000638B13F0010F07D023F001039BB263834C
:10E2B00043F002036383FAE043F001036383F6E073
:10E2C0002748FEF7DDFA606704E0254B1A892B89A1
:10E2D0009A4203D8204601F0B3FEE8E02048FEF75A
:10E2E000CFFA03460028F5D02EB1306029461846F3
:10E2F000FFF7F6FBEEE76067F8E7991A00293FDBC6
:10E3000029682E4600294CD00D46002DE2D0E86841
:10E3100042689342D9D0002EEFD0F1684968591A6B
:10E320000129EDD4991A01310029E9DC0C48FEF7E6
:10E33000A7FA07460028CDD0F368596833890B4403
:10E34000064A12689B1A002B24DC3760294638469F
:10E35000FFF7C6FBBEE700BF425A03204C5A03201A
:10E36000605A0320586101086863010840410108B0
:10E37000A4630108C46301083C5A0320405A0320E7
:10E380004B48FEF77DFA0028A4D060672946FFF7C6
:10E39000A7FB9FE7521A91B231817068FDF72AFE00
:10E3A000D3E79A1A002A01DC0D46AEE78089F9F717
:10E3B000C9FE10F0010F8DD13D48FEF761FA2860CB
:10E3C000002887D0EB6859682A890A44394B1B68B2
:10E3D000D21A002A40DC384B1B88364A1268134494
:10E3E000626A218D0A449B1A002B7FF773AF2B685A
:10E3F000DB689889F9F7A6FE10F0010F33D1626A45
:10E40000238D13449BB22A682A4909685B1A138139
:10E410002B6819895868FDF7EDFD2B681D89DB68AD
:10E420009889F9F78FFE10F0030F2ED001232B44AB
:10E430009BB2214A13801F4A12681344626A218DDD
:10E440000A4493423FF446AF1C4B4FF4DF621C4931
:10E450001C4804F0ADFD3DE75B1A99B2298168685C
:10E46000FDF7C8FDB7E72B68DB689E893046F9F7F2
:10E4700069FE00F03E00F9F765FE2B68DA6826F4C5
:10E480007C5640EA06039381B9E70023CFE7094BA6
:10E490001B68626A991A002905DB218D0A449B1AC0
:10E4A0000133002B03DD638B43F002036383F8BD6C
:10E4B000605A03204C5A0320425A03205861010835
:10E4C000306301084041010870B584B00446C8B10A
:10E4D000994B1B7813F0040F3AD0217D022919D0F3
:10E4E000626A964B1B689A421DD0991A002916DB66
:10E4F000218D0A449B1A002B11DC638B43F002032D
:10E5000063830CE08E4B4FF447728E498E4804F0C3
:10E510004FFDDDE7226D8D4B1B689A4203D000252D
:10E52000284604B070BD59B1894A137843F00803F6
:10E530001370638B23F0010363836FF00D05EFE726
:10E540007F4B4FF44E7283497F4804F031FDEBE777
:10E5500013F0020F04D0237D023BDBB2012B1DD848
:10E56000638B13F0100F02D17B4B1B6823620023D7
:10E5700084F89B3084F89A302046FFF7CBF8237D4F
:10E58000023B072B00F24082DFE813F00E00B200DE
:10E5900059016A01C1015901F0012402638B43F062
:10E5A000020363830025BBE7634B1B7803F0120271
:10E5B000122A04D013F0100F7BD10025B0E7626C53
:10E5C0000132624909688A42F4D15C4B1B685A1CCB
:10E5D0006262E2626164614A1268D289A4F86020D2
:10E5E000A4F86220013B636504232375668EE51859
:10E5F0002846FBF7A1FE01462A463046FEF7FEF903
:10E600006086420041F21C13934238BF1346B3EBBD
:10E61000800F2BD983009BB2A4F84830B4F8663041
:10E6200073B3B4F86630013BA4F86630256F7DB350
:10E630002B6823672846FEF7F9F8236F002B34D0A8
:10E640000023238684F84230D4F8883043B1002276
:10E65000214620699847054610F10D0F3FF460AF41
:10E66000638B43F002036383002559E741F21C13D7
:10E670009A4202D943009BB2CEE741F21C13CBE78A
:10E680002F4B4FF45B7236492F4804F091FCC8E7DA
:10E69000E56E15B12B68E366CCE7294B4FF45D724C
:10E6A0003049294804F084FCF4E74FF6FF732386D1
:10E6B000CAE72A4B19682C4B2C4A10881F4A12684B
:10E6C0000D88029549880191191F009102441F4944
:10E6D0000968204601F06CFC94F84230052B01D902
:10E6E00000251DE700252586204601F04BFE17E793
:10E6F000114B1B7813F0100F00F09080134B19682A
:10E70000636CCB1A012B03D4236DCB1A002B2FDDA6
:10E71000124B1868144B154A1588084A1268068867
:10E72000029640880190181F00902A44204601F06C
:10E730003FFC0025F4E600BF415A03204C5A032059
:10E7400058610108EC63010840410108485A032060
:10E75000405A032008640108345A03205C5A0320FD
:10E76000286401084064010880C30220425A032043
:10E7700004232375E36F002B37D09B696BB3E36FE2
:10E780009B69002B39D00022214620699847054615
:10E7900068BB2046FFF7F8F99C4B1B8813B1013B7F
:10E7A0009A4A1380638E590041F21C128A4238BF84
:10E7B0000A46B2EB830F27D99B009BB2A4F84830DE
:10E7C000934B1B7813F0200F3FF4AAAE638B43F0FA
:10E7D0000203638307232375A2E68E4B4FF46A720C
:10E7E0008D498E4804F0E4FBC9E76FF0050515F18B
:10E7F0000D0F05D16FF00C0592E66FF00F05F6E7EF
:10E800002046FEF745FAF5E741F21C12914202D983
:10E810005B009BB2D2E741F21C13CFE713F0020F6B
:10E8200000F00A81636A013B7D4A1268934201D07D
:10E83000002575E6204601F039FB002570E62046EC
:10E84000FFF7A2F9724B1B7813F0200F00F0F6804F
:10E85000638B43F0020363830723237500255FE680
:10E860002046FFF791F96A4B1B7813F0200F39D03F
:10E870006C4B1B7813F0100F04D0226D6A4B1B6891
:10E880009A4207D0638B43F0020363830823237506
:10E89000002545E6E36E002BF4D1638B43F00203C1
:10E8A00063832046FEF7D4F8604B1B68A34205D073
:10E8B00053B1DA68A24205D01346F9E7DA685B4B38
:10E8C0001A6001E0E268DA600025E560584B012239
:10E8D0001A700A232375574B1A68E2601C6001F016
:10E8E0007DFE1DE64F4B1B7813F0100F00F0A88043
:10E8F000226D4D4B1B689A4201D0002510E6E36E55
:10E900000BB100250CE606232375002508E62046FA
:10E91000FFF73AF93E4B1B7813F0200F01D1002589
:10E92000FEE5638B43F0020363832046FEF790F815
:10E930003E4B1B68A34205D053B1DA68A24205D012
:10E940001346F9E7DA68394B1A6001E0E268DA60E9
:10E950000025E560364B01221A700A232375354BDA
:10E960001A68E2601C6001F039FED9E52046FFF725
:10E970000BF92C4B1B7813F0100F63D0226D2A4B30
:10E980001B689A4201D00025CAE5E36E0BB1002551
:10E99000C6E52046FEF75CF8244B1B68A34205D071
:10E9A00053B1DA68A24205D01346F9E7DA681F4B83
:10E9B0001A6001E0E268DA600025E5601C4B012284
:10E9C0001A700A2323751B4B1A68E2601C6001F061
:10E9D00005FEA5E52046FFF7D7F8124B1B7813F08C
:10E9E000100F31D0226D104B1B689A4201D00025C8
:10E9F00096E5E36E0BB1002592E5054A137843F0E6
:10EA00001003137000258BE5002589E5445A032087
:10EA1000405A03205861010854640108404101082C
:10EA20004C5A0320415A0320485A0320285A0320F5
:10EA3000235A0320245A0320002571E500256FE5A1
:10EA400000256DE500256BE5002569E5F0B585B08D
:10EA5000054650B16A688B4B1A606B89132B0BD833
:10EA60002846FDF7B3F905B0F0BD874B83228749EF
:10EA7000874804F09DFAEDE7864B19685869FBF763
:10EA800020FE0028ECD1834B5B6903F0F003E02B00
:10EA9000E6D07C4B1B689889F9F754FBC0F307312B
:10EAA0008900C9B21329DBD92B899942D8D8A1F1A1
:10EAB00014039BB2784A1380784A002010606A8958
:10EAC00091422ED92B68002B67D014212846FDF7E0
:10EAD00037F96C89724B1C806F4B1F883E1BB6B296
:10EAE00021462846FDF72CF928684389B342B7D35D
:10EAF00042686A4B1A603146FDF722F92B89E41B04
:10EB000023442B816B89002B4ED12A892B681B89CA
:10EB10009A420BD05C4BE02262495D4804F048FA0F
:10EB200004E05F4A13802846FDF70AF9554C266831
:10EB30003088F9F707FB308026687088F9F702FB08
:10EB4000708026687068F9F702FB7060564B186099
:10EB50002668B068F9F7FBFAB060544B1860266875
:10EB6000F089F9F7EFFAF08123689889F9F7EAFA62
:10EB700000F03F024E4B1A702B894E4A138010F062
:10EB8000030F06D05A1C92B24A490A8093423FF6BC
:10EB900067AF494B1C6800262AE03B4BC22247491D
:10EBA0003B4804F005FA90E7374BDF2244493848E8
:10EBB00004F0FEF9A9E7344BFB224249344804F043
:10EBC000F7F91AE0304BFC223F49314804F0F0F9E4
:10EBD00016E02D4BFD223D492D4804F0E9F912E0E5
:10EBE000218B284B1B681A88914218D02646E4686E
:10EBF000002C76D0237D002BDDD0237D0A2BE1D0A5
:10EC0000237D012BE5D0227A002AE9D0214B5B68D5
:10EC100093F83C300133DBB29A42E1D0E6E7E28A76
:10EC20005B889A42E2D162681A4B1B699A42DDD135
:10EC30002268184B5B699A42D8D1E368A34218D086
:10EC40002EB1E368F3601C4B1A68E2601C60E36855
:10EC5000A3423FD0002C46D10A4B1B689889F9F794
:10EC600071FA10F0040F00F097812846FDF7AEF816
:10EC7000F9E6054B40F20D121549054804F098F9E4
:10EC8000DEE700BF5C5A0320586101087464010884
:10EC9000404101086CC302205A5A0320545A0320F1
:10ECA000585A0320A86401084C5A0320485A0320EC
:10ECB000415A0320425A0320285A03208C64010839
:10ECC0009C640108C8640108F06401081C6501081F
:10ECD00044650108954B40F215129549954804F09A
:10ECE00067F9002C53D0944A0023136029891181BD
:10ECF000556092490968D160914A1360914A137036
:10ED0000914A1380914B1B7813F0080F03D06B7B53
:10ED100043F001036B73A36F6BB12046FEF7EEF96E
:10ED200010F10D0F00F09A80A36F23B1884B1B8860
:10ED3000002B40F09380874B1C602046FFF7C4FBFC
:10ED400010F10D0F13D07F4B1B7813F0080F00F05C
:10ED50008C80D4F890301BB16FF00D01206998477A
:10ED600021467D48FDF7A6FE2046FDF7F5FB002372
:10ED7000784A1360724A13606F4B586800283FF45A
:10ED800072AEFDF723F86C4B00225A606BE6734BB2
:10ED90001C680EE0654B40F21F127149654804F093
:10EDA00007F90AE0218B654B1B681A88914210D045
:10EDB000E4681CB3237D0A2BECD1227A002AF1D01F
:10EDC000684B5B6893F83C300133DBB29A42E9D080
:10EDD000EEE7E28A5B889A42EAD16268614B1B697E
:10EDE0009A42E5D122685F4B5B699A42E0D12046A6
:10EDF000FEF712FD2846FCF7E9FF34E65A4B1E6881
:10EE00003046214607E0C28A4C4B1B685B889A4219
:10EE10000ED00146C06890B1027A002AF3D0514B5F
:10EE20005B6893F83C300133DBB29A42EBD0F0E7F9
:10EE300003684C4A5269934201D0002BE9D1002863
:10EE40003FF408AF21B1C368CB60C660464B186081
:10EE5000FEF73EFD2846FCF7B9FF04E6638D002B64
:10EE600085D1204601F0ECF881E7374B1A8862B172
:10EE7000D4F8803033B121462069984710F10D0F46
:10EE80003FF475AF304B00221A802046FEF794FC09
:10EE900000287FF46CAF2A4B1B68F3B1A36F33B12A
:10EEA000224B4FF4F3723149224804F081F8638B0E
:10EEB00013F0100F2AD1D4F88450002D2ED0002347
:10EEC0001F4A126821462069A84710F10D0F3FF430
:10EED0004EAF10B11A4B1B68A3671A4B1B7813F087
:10EEE000200F06D0A36F002B42D05A7B42F02002A5
:10EEF0005A73184B00221A602046FEF75DFC00286A
:10EF00007FF435AF204601F0D5F830E70C4B186898
:10EF1000FCF75CFF2046FDF7BBFE28E70023084A0C
:10EF2000126821461846FEF7C5F8CEE75861010879
:10EF30007065010840410108605A03205C5A0320B3
:10EF40003C5A0320405A0320445A0320415A0320CC
:10EF5000425A0320385A0320285A0320245A0320F7
:10EF60009C6501086CC302202C5A0320CC65010863
:10EF7000238D41F2D062934201D001332385D4F82E
:10EF80008450002DB5D000231A4621462069A84799
:10EF900010F10D0FADD1EAE6094B1968094B0A4A89
:10EFA00010880A4A12680C88029449880191191F36
:10EFB0000091024406490968002000F0F9FF54E678
:10EFC0005C5A032080C30220425A03204C5A03207B
:10EFD000485A0320024A137843F010031370704715
:10EFE000405A032038B50C460546B8B12B7D042B9A
:10EFF00018BF072B03D0022B01D0032B41D1002CCB
:10F0000042D0B5F86430A34210D3B5F866300F2B68
:10F0100013D833B32B6FBBB1002036E01B4B40F24B
:10F0200033121B491B4803F0C3FFDFE76B8B43F030
:10F0300080036B834FF0FF3027E06B8B43F080033E
:10F040006B834FF0FF3020E0EB6E0BB100201CE033
:10F050000E4B40F2551210490E4803F0A9FF002054
:10F0600013E02B6F43B1094B4FF4AC720B490948C5
:10F0700003F09EFF002008E0EB6E002BF3D1002090
:10F0800003E06FF00A0000E0002038BDE8650108E9
:10F09000546601084041010874660108B066010821
:10F0A00010B5044628B163689B7B012B09D1002071
:10F0B00010BD054B40F29A520449054803F078FF11
:10F0C000F1E70120F4E700BFE8650108E466010804
:10F0D0004041010838B514460D4689B16B6803F10B
:10F0E0001402A40004F0040414342344934206D010
:10F0F000074B40F275720749074803F059FF38BDC6
:10F10000034B40F256720549034803F051FFE5E70F
:10F11000E865010834670108404101080C670108EF
:10F120002DE9F84306460C461546089F9DF82890A1
:10F130009846CBB1FFB1AC4229D29DF8243013F0F0
:10F14000020F08D17B8B13F0400F3AD1B9F1000FB9
:10F1500001D0FB6EB3B104F2B75323F003039D4219
:10F1600028BF1D46A9B213E0174BE82217491848DB
:10F1700003F01EFFDEE7144BE9221649144803F0A2
:10F1800017FFD8E73B6F002BE5D1214600E0214671
:10F190004FF420723046FCF781FE054670B10368DB
:10F1A00033B1094B40F20B120B49094803F000FF41
:10F1B0006B891B1BA8F800302C816C812846BDE8A8
:10F1C000F8832146E4E700BFE865010848670108C5
:10F1D000404101086C6701088C6701082DE9F04780
:10F1E0000E46174698469DF820A0814600283ED03E
:10F1F000002E43D04FEA8A0505F004050320FCF7F2
:10F200007FFA0446002840D080F80AA0002303605B
:10F2100046603389AB423CD33189491B218114219B
:10F220003046FCF788FD00283AD163685E68E660E6
:10F23000B9F81600F8F786FF3080E668B9F81800CC
:10F24000F8F780FF7080E6684046F8F780FF70604E
:10F25000A8080530E56847EA0030F8F773FFA88191
:10F26000E36800229A74DA742046BDE8F0870F4BF9
:10F27000A3220F490F4803F09BFEB9E70B4BA422D2
:10F280000D490C4803F094FEB4E73046FCF79EFDB0
:10F29000EAE7064BB0220949064803F089FEBBE7BE
:10F2A0002046FDF7C3FA0024DEE700BFE865010849
:10F2B000A067010840410108C0670108E467010830
:10F2C0002DE9F04106460C469846114489B21431A6
:10F2D0004FF4207289B22220FCF7E0FD074648B3C4
:10F2E00004F113034289934227DA7D68BDF81800C0
:10F2F000F8F728FF2880BDF81C00F8F723FF688086
:10F30000C5F804803046F8F722FFA860A408053449
:10F310002403A4B29DF820002043F8F713FFA8812E
:10F32000BDF82400F8F70EFFE88100232B746B74FE
:10F33000AB74EB743846BDE8F081044B40F22372A5
:10F340000349044803F034FECFE700BFE865010835
:10F35000FC67010840410108F0B585B00D4616462E
:10F360001F460446A0B1638D039310230293238BA1
:10F370000193E38A00933B4632462946606AFFF7D1
:10F380009FFF18B1636A628D1344E36205B0F0BD5C
:10F39000034B40F242720349034803F009FEE2E7DF
:10F3A000E86501082C6801084041010808B508B16A
:10F3B000007A18B91046FAF7BFFF08BDFCF7D8FB72
:10F3C000FBE700002DE9F04184B00C4616460546E7
:10F3D00048B184B1BEB12846FFF762FED8B1002023
:10F3E00004B0BDE8F081404B4FF4B7623F4940485C
:10F3F00003F0DEFDEDE73C4B40F2B9523D493C489D
:10F4000003F0D6FDE6E7384B40F2BA523A493848A5
:10F4100003F0CEFDDFE7EF68606AF8F798FEB860AA
:10F42000EF68608DF8F78EFEF881636A628D134491
:10F43000E362D5F80C8008F11407AB7A13F0010FE2
:10F4400034D1B4F93030002B3FDB636B002B3FD05D
:10F45000EB686A6851685B1A9BB25189C91A51817D
:10F4600069680A89D31A0B816A68EB6853600022C5
:10F470001A745A74EB68AA7A12F0010F31D018226C
:10F480001344BB4206D0184B40F21C621B4918487B
:10F4900003F08EFD029606230193A37A0093E37A8C
:10F4A000221D21466868FBF7F7F899E7221D3146CF
:10F4B00040F2B450FDF7A2FA40F00170F8F747FEB1
:10F4C000C8F8140008F11807BBE700232386BCE73F
:10F4D0000B4B1B686363EB685868F8F738FEA06352
:10F4E000B6E71422CCE700BFE865010854680108BC
:10F4F00040410108746801089468010834670108F4
:10F50000345A0320F0B585B0044615461E460F4612
:10F51000C9B1324629462046FFF748FF0246E8B106
:10F52000CCB1E37AA17A029206220192009132468E
:10F5300029463846FBF7B0F804463846FCF746FC47
:10F54000204605B0F0BD074B40F2877206490748D8
:10F5500003F02EFDDDE70021FF23E4E76FF0030455
:10F56000EBE700BFE8650108B86801084041010801
:10F570002DE9F04F91B0089106930023ADF83E308D
:10F58000002800F0968092460746B0F862305B088B
:10F59000B0F832B05B4528BF5B4603B19B46089B81
:10F5A000002B00F0908051463846FFF71BFD804647
:10F5B000002840F08881B7F86660FB6E0B93002B43
:10F5C00000F0D58009931B68002BFBD10B93099B9E
:10F5D0009C7AA40004F004041B8923449B457CDB33
:10F5E000099B1B891C44A4B2ABEB0404A4B2B7F87A
:10F5F00068300A93ADF83E30002B7ED0A34274D819
:10F60000BDF83E301A46534528BF5246A24228BF95
:10F6100022460A929B1AADF83E30A41AA4B2DDF835
:10F620002490BDF83E300A9A002B18BF524567D18E
:10F630000A9B002C18BF534580F05381099A128908
:10F640000C92002A00F05581AAEB0303A342A8BF45
:10F6500023461FFA83F9069B13F0010F58D1099B2B
:10F660005A6813461268002AFBD10B921A7B3F2A74
:10F6700005D85A685B891344089A934268D00122DE
:10F6800049460020FCF70AFC0B90002800F0E981B5
:10F69000089B0A990B444360FCF700FD33189EB2A7
:10F6A00000230C930A9B03EB0904A4B2DDF8249019
:10F6B0001AE19F4B4FF4CF729E499F4803F078FCAC
:10F6C0006FF00F08FFE09A4B40F2AD129B499A4849
:10F6D00003F06EFC6FF00F08F5E0954B4FF4F372FA
:10F6E0009749954803F064FC7AE7914B4FF4FC721C
:10F6F0009449914803F05CFC82E7DDF82C9090E798
:10F700008B4B4FF4007290498B4803F051FC8FE70C
:10F7100001230293069B019300970DF13E032246BD
:10F7200049460020FFF7FCFC04460B90002800F03F
:10F7300096814A46089B0A995918406803F0A7FD2C
:10F740002046FCF7ABFC33189EB200230C93A9E7CC
:10F750000A9B13B9CDF83090A4E7754B40F23122E3
:10F760007A49754803F024FCCDF830909AE7B7F851
:10F7700068402CB90C940A940B9B99460993B3E00A
:10F780006B4B40F24A2272496B4803F011FC0B9B11
:10F790009946099300240C940A94A5E0B5FA85F3E0
:10F7A0005B090293069B019300970DF13E035A46B5
:10F7B00041463620FFF7B4FC8146002867D04389D4
:10F7C000434507D34246089B1919D9F8040003F0B2
:10F7D0005EFD1EE0564B40F266225E49564803F03D
:10F7E000E7FBEFE7012241463620FCF757FB079085
:10F7F00000284CD0089B234443604FF42072002122
:10F800003620FCF74BFB8146002839D00799FCF7DE
:10F810006BFC4846FCF742FC304486B2102E33D8CD
:10F82000FB6D00220092234449463846FFF7D6FC80
:10F83000814660B3002D52D0059B002B47D0059B1D
:10F84000C3F80090A0441FFA88F4CDF814905445F2
:10F8500051D2AAEB04081FFA88F8D84528BFD84629
:10F86000069B13F0010F99D1BDF83E30002BB9D0A3
:10F870002F4B40F2712238492F4803F099FBB1E732
:10F880000798FCF7A3FA02E04846FCF79FFA7B8B47
:10F8900043F080037B830B9B13B11846FCF796FA69
:10F8A00015B12846FCF7CFFFB7F86630002B00F003
:10F8B000E4803B6F002B40F0E380FB6E002B00F0F8
:10F8C000D2804FF0FF38404611B0BDE8F08F184BA2
:10F8D00040F2AB222149184803F06AFBAFE7054626
:10F8E000B0E70A9C00230C9300250595CDF83480E1
:10F8F000ADE70A9CF8E7DDF834800A9B002B34D092
:10F90000099A54689B4600E024684CB323895B4401
:10F9100023812368002BF7D1606863895A460899D0
:10F92000184403F0B4FC63895B446381ECE700BFD7
:10F93000E8650108E468010840410108FC68010825
:10F940003069010848690108686901088869010887
:10F95000B4690108E4690108246A0108346A0108ED
:10F96000099A13890A990B441381BDF83E30A7F810
:10F9700068300B9B002B3DD0099B002B32D0DDF86B
:10F980002CB05946099C6068FCF7AEFB2389BBF894
:10F99000082013442381099B1D60FB6D5344FB65C4
:10F9A000B7F86430A3EB0A03A7F86430A7F86660E1
:10F9B00016B13B6F002B47D0B9F1000F83D0D9F8B7
:10F9C0000C30002B3FF47FAF069A12F0020F7FF449
:10F9D0007AAF9C890820F8F7B5FBD9F80C300443BE
:10F9E0009C8170E7284B4FF438722849284803F06F
:10F9F000DFFAC4E70C9B13B3099B2BB15B681BB107
:10FA0000099B5B680C980BE01F4B40F2E6222149F2
:10FA10001F4803F0CDFAF3E71A8902441A810B4616
:10FA200019680029F8D11A890C990A441A815A894F
:10FA30000A445A81099A13890B441381ABE7099B45
:10FA4000002BA8D1FD66A8E7FB6E002BB4D10E4BAE
:10FA500040F2123210490E4803F0AAFAACE70B9DAF
:10FA600015E70B9D13E7084B40F227320A49084877
:10FA700003F09EFA4FF0FF3825E74FF0FF3822E7FA
:10FA80004FF0FF381FE700BFE8650108486A01082A
:10FA900040410108806A0108B86A01082DE9F04F69
:10FAA00083B00C46074600283DD0FD6E002D00F0C7
:10FAB000BB80002C3FD02B89A34240F2B8807B8EC4
:10FAC000A34242D32B89002B47D095F80A904FEAE6
:10FAD000890B0BF0040BB5F808A0AAEB0406B6B22C
:10FAE0000BEB06014FF4207289B23620FCF7D6F9F1
:10FAF000804670B1686803892A899B1A14FA83F3D7
:10FB0000D8F804109BB232465944FCF7C5FBB0420A
:10FB10002BD0B8F1000F00F08E804046FCF756F96C
:10FB20004FF0FF3084E0454B40F24B3244494548AA
:10FB300003F03EFAB9E7414B40F2533242494148A3
:10FB400003F036FA6FF0050072E03C4B40F25B3296
:10FB50003E493C4803F02CFAB4E7384B4FF4577257
:10FB60003B49384803F024FAAFE7EB689889F8F787
:10FB7000E9FAC3B200F03F0610F0080B03D003F01F
:10FB800037064FF0080B16F0010F03D006F0FE0603
:10FB90004BF0010BEB685868F8F7D9FACDF80090F4
:10FBA00023185A4641463846FFF718FB814600287D
:10FBB000AFD06868FCF772FAB7F866301B1AA7F87E
:10FBC000663068680189A4EB0A04A4B2214489B2B2
:10FBD000FCF710FA2B8923442B81EB689C89304673
:10FBE000F8F7B0FAEB6804439C816868FCF756FAB2
:10FBF000B7F866300344A7F86630D9F80400FCF77C
:10FC00004DFAB7F866300344A7F866302B68C9F898
:10FC10000030C5F80090D9F800300BB1002007E0A3
:10FC20000020A7F8680003E04FF0FF3000E000205C
:10FC300003B0BDE8F08F4FF0FF30F9E7E865010849
:10FC4000D86A010840410108FC6A0108206B0108DC
:10FC5000306B01082DE9F04383B004460D4611F0E6
:10FC600003074ED0002C54D015F0020801D04FF0FD
:10FC700001084FEA880606F004064FF42072314668
:10FC80003620FCF70BF9814600284AD043899E4272
:10FC90004ED8CDF80080E36D2A4649462046FFF74E
:10FCA0009DFA064600284BD0C36813F0030F4ED1CF
:10FCB0003389002B53D1E36E002B58D01A461B68B2
:10FCC000002BFBD116600023A4F868304FB1E36D20
:10FCD0000133E36515F0010F03D0638B43F020037C
:10FCE00063837068FCF7DAF9B4F86630184480B2C0
:10FCF000A4F86600002849D0236F002B39D00020DB
:10FD000045E0244B40F211422349244803F050F9C6
:10FD1000A8E7204B40F213422149204803F048F95C
:10FD2000A2E7638B43F0800363834FF0FF302EE044
:10FD3000184B40F239421B49184803F039F9A8E73B
:10FD4000638B43F0800363834FF0FF301FE0114B60
:10FD500040F242421449114803F02AF9A8E70D4B3A
:10FD600040F2434211490D4803F022F9A3E7E66649
:10FD7000A9E7E36E0BB1002009E0064B40F26542B3
:10FD80000B49064803F014F9002000E0002003B0FE
:10FD9000BDE8F083E8650108406B010840410108B7
:10FDA000986B0108B86B0108F46B01080C6C010832
:10FDB000386C010870B5054688B1EB6E53B11C462E
:10FDC0001B68002BFBD1E3689889F8F7BBF910F0AA
:10FDD000070F0CD001212846FFF73CFF70BD0B4BED
:10FDE00040F2EB320A490B4803F0E2F8E5E7E3683A
:10FDF0009E890120F8F7A6F9E36806439E816B8B84
:10FE000043F020036B830020E8E700BFE8650108AA
:10FE1000606C010840410108F8B5054658B12C6FE7
:10FE2000002C34D0236873B12046FFF739F900283D
:10FE300030D12468F6E71A4B40F2636219491A4838
:10FE400003F0B6F8EBE72046FFF72AF928BBEB6E84
:10FE500023602B6FEB6600232B676B8B43F40063EF
:10FE60006B83E3685868F8F772F906462789E368F8
:10FE70009889F8F767F910F0030F06D001231F44A3
:10FE80003E44EE6400206863F8BD0023F7E76FF09E
:10FE90000500F9E76FF00500F6E76FF00500F3E7FE
:10FEA000E86501087C6C010840410108F8B5074687
:10FEB00050B13E6F8EB33046FFF7F2F880BB336827
:10FEC0003B6707F16C0508E0174B40F2C162174928
:10FED000174803F06DF8ECE72D682B685BB1DB6821
:10FEE0005868F8F734F90446F3685868F8F72FF9BA
:10FEF000241A002CF0DB2B6833602E6033684BB182
:10FF000097F84230FF2B02D0013387F842300020AF
:10FF10007863F8BDA7F86830F2E76FF00500F8E7FE
:10FF20006FF00500F5E700BFE8650108A06C010867
:10FF30004041010810B5044630B1236F1BB1638BFB
:10FF400013F0040F08D010BD164B40F2F9621649A9
:10FF5000164803F02DF8F0E72046FFF7A7FF00282A
:10FF6000F1D1B4F86030B4F84820934228BF13466A
:10FF70005B10A4F84A309BB2628EB3EB420F02D200
:10FF80005300A4F84A30B4F84A3002EB420213445A
:10FF9000A4F84830638B43F0040363830023238673
:10FFA000D1E700BFE8650108B86C010840410108CD
:10FFB0002DE9F04184B004460E4615460A9F984646
:10FFC0002BB367B33046F8F7C2F803464DF216027A
:10FFD000039214220292BDF830200192BDF82C2029
:10FFE0000092002211462846FFF76AF9054658B1EB
:10FFF00000231A4601462046FFF76CF83B4642466E
:020000040801F1
:1000000029462046FFF77EFA04B0BDE8F081084B90
:1000100040F2C4720749084802F0CAFFD1E7044B16
:1000200040F2C5720549044802F0C2FFCAE700BFAA
:10003000E8650108D86C010840410108F46C01082A
:1000400038B50446E0B1206DF8F781F80346002288
:1000500011462046FFF780F90546C8B100231A462D
:1000600001462046FFF736F8231D22462946204642
:10007000FFF748FA98B1638B43F00303638338BDFD
:10008000094B40F2EA720949094802F091FFDAE7A8
:10009000638B43F0030363836FF00100EFE7638B2F
:1000A00023F003036383EAE7E8650108106D0108A4
:1000B000404101082DE9F0470546002837D02B7D47
:1000C000012B3CD09B4B1B68AB4200F02E81B5F856
:1000D0004860B5F860309E4228BF1E46EC6E002C8A
:1000E00035D02A1D29462846FFF760F980460028AA
:1000F00000F01D810DB12B6813B9D8F804302B60C6
:10010000E3685868F8F723F86B6CC01A2389184421
:10011000B0423CD9B5F860309E4229D06B8B13F0C9
:10012000020F18D02846FFF78BFF034618E0824BDA
:1001300040F2E1428149824802F03AFFBFE77E4B3C
:1001400040F2E3427F497E4802F032FFBAE76B8B10
:1001500013F0020F07D16B8B23F080036B83002316
:100160001846BDE8F0872846FFF76AFF0346F7E721
:100170002B6F002BD2D195F89930002BCED185F87A
:100180009830012285F8992085F89A30C6E7002337
:1001900085F899302B6F002B00F0C5801F461B6837
:1001A000002BFBD134E0644B40F236526649644880
:1001B00002F0FEFE3FE011896A8E914247D2B5F807
:1001C0006420002A43D0B5F866200F2A3FD813F0E8
:1001D000A00F3CD1EB6E002BBDD1A5F86830BAE77B
:1001E000E368B3F80C901020F7F7ACFFE36849EA36
:1001F0000009A3F80C902DE06A8B42F080026A831C
:10020000AEE7002346E028654BE02C672746EC6EFE
:10021000002CDFD0E3685868F7F799FF6B6CC01AC1
:1002200023891844B042D5D8E3689889F7F78AFF44
:1002300010F0040FB7D12B6F4BB16B8B13F0440F41
:1002400005D1EA6E002ABAD011680029B3D02B7DFF
:10025000022BC5D1424629462046FFF7B3F8034694
:100260000028C9D12368EB662B7D022B03D06B8B52
:1002700023F003036B83E3685868F7F768FF814650
:10028000B4F808A0E3689889F7F75CFF10F0030F53
:10029000B7D00123534409EB03002B6D1B1A002B2D
:1002A000B1DBB4F80890E3689889F7F74BFF10F0DA
:1002B000030F02D1B9F1000F31D0002323602B6F5F
:1002C000002BA2D0E3685868F7F741FF8146FB682E
:1002D0005868F7F73CFFA9EB0009B9F1000F02DB02
:1002E0003C60274693E705F1700ADAF8003083B1E5
:1002F000DB685868F7F72BFF8146E3685868F7F723
:1003000026FFA9EB0009B9F1000F02DADAF800A024
:10031000EBE7DAF800302360CAF8004077E72046C0
:10032000FCF784FA73E71F4672E7002318E76FF0C3
:10033000030315E7385A0320E8650108306D01080A
:1003400040410108486D0108706D010810B5044670
:1003500050B194F84230FF2B02D0013384F8423080
:100360002046FFF7A7FE10BD034B4FF4D3620349AD
:10037000034802F01DFEECE7E8650108886D0108FE
:100380004041010810B5044620B12046FFF744FD66
:1003900040B110BD054B40F2AD620549054802F081
:1003A00007FEF2E72046FFF7D1FFF2E7E865010814
:1003B000AC6D01084041010838B50446C0B1206D5C
:1003C0000138F7F7C4FE0346002211462046FEF727
:1003D000C3FF0546A0B100231A4601462046FEF79A
:1003E00079FE231D224629462046FFF78BF838BDAB
:1003F000054B40F624020549054802F0D9FDDEE729
:100400004FF0FF30F3E700BFE8650108C86D010851
:10041000404101082DE9F0410446A8B1E56E002DE8
:100420005BD094F89A30FF2B02D0013384F89A30D5
:10043000EB689889F7F786FE10F0010F0CD02B8936
:10044000002B3BD0002208E0264B40F64F02264905
:10045000264802F0ADFDE1E7002202F0FF08EB685C
:100460005B6882F0010200212046FEF775FF064618
:10047000A8B34768B8F1000F22D0B7F80C8011205C
:10048000F7F760FE28F47C5840EA0800B881EB6872
:100490005868F7F75CFE0130236D1B1A002B1ADB3E
:1004A00000231A4631462046FEF714FE231D22463D
:1004B00031462046FFF726F8BDE8F0810122CCE75F
:1004C000686803892A899B1A9BB2012207F11401EB
:1004D000FBF7E2FEDBE72065E2E70020ECE74FF008
:1004E000FF30E9E7E8650108E46D010840410108D3
:1004F000F8B504460F4616460A20FBF701F980B10D
:100500000546002303608760C6604460104B1A688C
:1005100072B15368E31A002B0FDA02600C4B1860BB
:10052000F8BD0C4BBE220C490C4802F041FDF7E728
:100530001860F5E72B601560F2E7002AF0D0136829
:10054000002BF7D05968611A0029F3DB1A46F4E74B
:10055000785A0320086E0108786E010840410108AE
:1005600038B5044643689847F3F7E8FB84462568A6
:10057000094B18682844A0EB0C03002B06DA22462E
:10058000064905EB0C00FFF7B3FF38BD22460349CF
:10059000FFF7AEFFF9E700BF745A032061050108B9
:1005A00070B504460D461646B0F1804F07D2F3F7FA
:1005B000C5FB324629462044FFF79AFF70BD044B25
:1005C00040F229120349044802F0F2FCEFE700BFB1
:1005D000086E0108B86E01084041010808B50A4BD1
:1005E0001B6853B9094B1B6843B1074B01221A60C2
:1005F00000220749FA20FFF7D3FF08BD054B1B680F
:10060000002BF2D1F9E700BF705A0320285A0320CB
:1006100019060108245A032008B5FDF74BF8084BCA
:100620001B682BB100220749FA20FFF7B9FF08BD6C
:10063000054B1B68002BF5D1044B00221A60F6E72E
:10064000285A032019060108245A0320705A03204F
:1006500010B5012408E0064B03EBC402054953F82A
:100660003400FFF79DFF0134042CF4D910BD00BF06
:10067000887A01086105010870B5F3F75FFB05464C
:100680000B4B196891B14B68EA1A002A0EDB086817
:10069000074A10608C68CE68064A13600A20FBF790
:1006A00065F8002CECD03046A047E9E770BD00BFEC
:1006B000785A0320745A032010B50D4B1B6883B180
:1006C000F3F73CFB0A4B1B685C68241A0CD4002C23
:1006D0000BDA084B4FF4DC720749084802F068FC5B
:1006E00003E04FF0FF3400E00024204610BD00BFBF
:1006F000785A0320086E0108F06E01084041010895
:100700000020104A1388591C11804FF6FF72934243
:1007100009D00D4B1B6893B1598A0A4A128891423D
:1007200006D0DB68F7E7074B4FF440421A80F0E74A
:10073000013080B2B0F5804FE3D300207047014B09
:1007400018887047320002207C5A0320F8B50E4604
:1007500015460746C8B1FEB13C7A3CB11E4B5B68FA
:1007600093F83C300133DBB29C4225D1DDB12FB38D
:100770003B682BB3184A5269B2F1FF3F22D0B168EF
:1007800053400B4220D0002017E0144B872214491D
:10079000144802F00DFCDEE7104B88221249114884
:1007A00002F006FCD8E78FB13B688BB10A4A526968
:1007B00093420FD0284600E00020F8BD0120FCE75E
:1007C0000120FAE70120F8E70120F6E70120F4E72D
:1007D0000120F2E70120F0E76CC30220046F01085A
:1007E0006C6F010840410108906F010808B502F0E4
:1007F00067FA024B0343024A138008BD00C0FFFFA3
:10080000320002202DE9F04F83B00F468146D0B16F
:1008100007B3B9F80A30072B23D9D9F80440534B52
:1008200019685869F9F74DFF80462088F7F78AFC68
:1008300082466088F7F786FC05464D4B1C684FF0F2
:10084000000B5E4619E04B4BCF224B494B4802F060
:10085000AFFBDDE7474BD0224949484802F0A8FBEF
:10086000D7E74846FBF7B2FA03B0BDE8F08FA346DE
:10087000A38A534526D02646E468002C30D0638AEC
:10088000AB42F8D1424639462046FFF75FFF0028C9
:10089000F1D0237C13F0040FEAD1BBF1000FE6D0B6
:1008A000B8F1000FE4D0314B5B69B3F1FF3FDFD10A
:1008B000DBF800207B689A42DAD022689342D7D1D5
:1008C000A346D5E763681BB1284A12699342D2D187
:1008D00036B1E368F360264B1A68E2601C6011E0F1
:1008E0007CB108214846FBF72BFAB0B924B3A569BF
:1008F000F5B1E069CDF800A0224B4A462146A84751
:10090000B2E75C46002CECD17A68184B5B699A42DE
:10091000E7D04846FBF75AFAA6E7164B4FF4B872F1
:100920001949164802F044FB4846FBF74FFA9BE78B
:100930004846FBF74BFA97E7B8F1000F05D10B4B90
:100940005B6903F0F003E02B03D14846FBF73EFA66
:100950008AE7064B9989083109B24846FBF730FA15
:1009600003214846F9F7C2FCEFE700BF6CC3022041
:100970007C5A0320046F0108B86F01084041010848
:10098000D06F01087CC30220EC6F010870B50446EB
:100990000D4621B12CB1254B1B6819460CE0244DA6
:1009A000F8E7244B40F2B7322349244802F000FB19
:1009B0006FF00F0015E0C96819B1A142FBD1012603
:1009C00000E000267AB9FFF79BFE0246F8B1E5B1D8
:1009D0002B682360628236BB144B1A68E2601C608D
:1009E000002070BDDB68002BF1D0A342FAD0598AF9
:1009F0009142F7D11868296888420BD069B17BB160
:100A00000028EFD16FF00700EBE70023E1E76FF07C
:100A10000700E6E76FF00700E3E76FF00700E0E7A5
:100A20006FF00700DDE70020DBE700BF7C5A032002
:100A30008C790108046F0108087001084041010821
:100A40002DE9F04F85B0DDF838B0DDF83CA0002886
:100A500045D00C46904699460646002949D0002AC2
:100A600051D0BAF1000F58D0BBF1000F5FD0428ACD
:100A7000002A66D022894FF6F7739A427FD8082160
:100A80002046FBF758F9002862D125466B89072BD1
:100A90006DD96F68708AF7F755FB38804846F7F7CD
:100AA00051FB78800023BB71FB712889F7F74AFB63
:100AB000B880CDF808B011230193B37A0093F37A8C
:100AC000424651462846F9F767FD0746A54202D03F
:100AD0002846FBF77BF9384605B0BDE8F08F2B4B75
:100AE00040F2D1222A492B4802F062FA6FF00F0738
:100AF000F1E7264B40F2D2222749264802F058FA65
:100B00006FF00F07E7E7214B40F2D322234921483A
:100B100002F04EFA6FF00F07DDE71C4B4FF4357211
:100B20001F491C4802F044FA6FF00F07D3E7174B38
:100B300040F2D5221B49174802F03AFA6FF00F072E
:100B4000C9E70146FFF722FF0746002892D0C2E717
:100B50004FF4207208212220FBF7A0F9054688B146
:100B60002389002B92D02146FBF7FAFA8EE7074B38
:100B700040F20D320C49074802F01AFA89E74FF0AB
:100B8000FF37A8E74FF0FF37A5E700BF046F010864
:100B900020700108404101084070010860700108A0
:100BA00084700108A8700108CC700108F0B583B00A
:100BB000089D90B10446D1B11AB365B3002834D072
:100BC000066896B306F0F00CBCF1E00F2DD06F680C
:100BD000BE422BD06FF003002DE0184B4FF4207273
:100BE0001749184802F0E4F96FF00F0023E0134BA7
:100BF00040F281221449134802F0DAF96FF00F0035
:100C000019E00E4B40F2822210490E4802F0D0F952
:100C10006FF00F000FE0094B40F283220C490948A6
:100C200002F0C6F96FF00F0005E0281D0190009555
:100C30002046FFF705FF03B0F0BD00BF046F0108B9
:100C4000FC70010840410108187101083471010865
:100C50005471010870B5A0B10D4616460446D1B1D5
:100C6000428A12B32B686360A682237C43F004039C
:100C70002374144B1A681346EBB1A34220D0DB68EF
:100C8000FAE7114B40F235421049114802F090F951
:100C90006FF00F0013E00C4B40F236420D490C4848
:100CA00002F086F96FF00F0009E00146FFF76EFED3
:100CB0000028D7D003E0E260024B1C60002070BD2A
:100CC0000020FCE77C5A0320046F010874710108BE
:100CD000404101089071010808B510B18161C261FD
:100CE00008BD044B40F28A420349044802F060F90F
:100CF000F6E700BF046F0108AC710108404101082C
:100D000008B550B101460F4B1A68824211D1D26822
:100D10001A600020FAF72AFD08BD0B4B40F2A142F1
:100D20000A490B4802F044F9F6E7CB68D360F0E7D4
:100D30001A46002AEDD0D368002BF9D08B42F4D0AC
:100D40001A46F6E77C5A0320046F0108C4710108B3
:100D50004041010810B50020FAF7D2FC044628B142
:100D60002022002102F0D9F9FF23E372204610BDB2
:100D7000B8B102460368A3B199B10B688BB1094BB6
:100D80001B686BB110B401E0DB6833B110681C68FC
:100D90008442F9D108681860F6E75DF8044B7047A3
:100DA000704770477C5A032070B5044643890E2B68
:100DB0001CD90D46C37B1BB991F83C300133C3737A
:100DC00060688689037813F0010F0AD0012B12D0D6
:100DD00006221E4902F077F918B9637B43F0080335
:100DE0006373082E12D0B6F5C16F1FD02046FAF7F4
:100DF000EDFF002070BD4378002BF2D183785E2B8D
:100E0000EFD1637B43F010036373EAE795F8393061
:100E100013F0080FEAD00E212046FAF791FF0028C0
:100E2000E4D129462046F9F7DDFAE2E795F83930B2
:100E300013F0080FDAD00E212046FAF781FF0028C0
:100E4000D4D129462046F8F7C1FED2E7B87A010886
:100E50002DE9F04105460C4616461F46BDF8180020
:100E6000F7F770F980460E212046FAF764FFE8B9DB
:100E70006168A1F80C803B680B60BB888B8033688D
:100E8000C1F80630B3884B8195F83830062B05D170
:100E9000AB69214628469847BDE8F081054B4FF4E1
:100EA00099720549054802F083F8F1E76FF00100F7
:100EB000F2E700BFDC7101084C72010840410108F3
:100EC00010B50446084600220421F3F7CFFE206047
:100ED00008B1002010BD4FF0FF30FBE710B582B025
:100EE000044601914FF0FF33002201A92068F3F777
:100EF00017FF0028F6D102B010BD00B583B00191F4
:100F000000231A4601A90068F3F70AFF10B903B0DD
:100F10005DF804FB4FF0FF30F9E7F8B506460F46E1
:100F20001546F3F7A7FB04466DB12B460022394660
:100F30003068F3F741FF10B14FF0FF30F8BDF3F721
:100F400099FB001BFAE74FF0FF3300223946306867
:100F5000F3F732FFF3F78EFB001BEFE703680BB1EB
:100F6000012070470020704708B50020F3F776FC99
:100F7000014B186008BD00BF805A032010B504461D
:100F80000020F3F76BFC206008B1002010BD4FF08B
:100F9000FF30FBE708B54FF0FF310068F3F7BAFC0C
:100FA00008BD08B50068F3F7F3FC08BDF0B58BB0D9
:100FB00007460C4615461E462422002101A802F0D1
:100FC000ACF801970696109B079301AA2946204684
:100FD000F3F76AFB0BB0F0BD08B54FF0FF31034BE0
:100FE0001868F3F797FC012008BD00BF805A032062
:100FF00008B5024B1868F3F7CBFC08BD805A0320F4
:1010000010B5044603689B6898470023A362F3F772
:10101000B1FB0000F8B504460F4616461D46074BC7
:1010200040F8043B2422002102F077F80023A36259
:101030006760A661E5612046F8BD00BFC87A010877
:10104000C16002614361009B83617047836A0BB199
:101050000020704710B50446021D01460348F3F70F
:1010600023FBA062003818BF012010BD0110010849
:1010700008B50346806A38B100229A62F3F780FB14
:10108000B0FA80F0400908BD0020FCE710B5044626
:10109000024B0360FFF7ECFF204610BDC87A010841
:1010A00008B5F3F7E7FA08BD38B50446431E13F157
:1010B000030F01D9204638BDF3F7F2FAB0F57A7F75
:1010C000F8D0A4FB00454FF47A720023204629464D
:1010D000EFF71EF9B4F57A7F75F1000308D36FF4CA
:1010E0007A73A34240F2E733AB4103D30446E1E70E
:1010F0000124DFE76FF00104DCE7EFF305830BB9B0
:10110000002070470120704708B5F3F77FFBB0FA65
:1011100080F0400908BD10B5044600230360FFF7C6
:10112000ECFF207170B1EFF311834FF0500272B6F3
:1011300082F31188BFF36F8FBFF34F8F62B62360C6
:10114000204610BDF5F7A6FEFAE710B50446037970
:1011500023B1036883F31188204610BDF5F7C0FE64
:10116000FAE72DE9F84304460F46164600250560C8
:1011700045608560C56000F110094FF05008424697
:101180002946484601F0C9FF256627606660C4F815
:101190000890C4F80C802046F3F760FB20662046D8
:1011A000BDE8F88310B504460022FFF7DAFF2046B9
:1011B00010BD10B50446006E18B1F3F71FFC0023F4
:1011C0002366204610BD10B5046E54B10846FFF7E3
:1011D0006BFF01462046F3F79DFBB0FA80F0400913
:1011E00010BD0020FCE7006E30B108B5F3F7D0FB6E
:1011F000B0FA80F0400908BD002070472DE9F047A3
:1012000004460E46174698460025056045608560F1
:10121000C56000F1100A4FF050094A462946504671
:1012200001F07BFF2566C4F80080C4F808A0C4F86C
:101230000C90224639463046F3F706FC20662046DD
:10124000BDE8F08710B50446006E18B1F3F7EAFC6C
:1012500000232366204610BD10B5046E54B1084625
:10126000FFF722FF01462046F3F758FCB0FA80F062
:10127000400910BD0020FCE7006E30B108B5F3F75F
:1012800091FCB0FA80F0400908BD0020704710B50D
:101290000446806918B1F3F7DBFD0023A361204603
:1012A00010BD10B5044608461146059A2260A36099
:1012B000029BE360039B2361049B63612246F3F777
:1012C000D5FCA06110BD38B585696DB10C461046DE
:1012D000FFF7EAFE0346002221462846F3F720FDE9
:1012E000B0FA80F0400938BD0020FCE738B58569C8
:1012F0006DB10C461046FFF7D7FE0346002221468B
:101300002846F3F759FDB0FA80F0400938BD0020B7
:10131000FCE70000014B1870704700BFCE5A032055
:1013200008B50A4B5A680A4B1A601B6833B9094B57
:101330001B783BB10220FFF7EDFF08BD0320FFF74C
:10134000E9FFFAE70120FFF7E5FFF6E78C5A0320F3
:10135000D05A0320CD5A032008B5FFF7E1FF08BD9E
:1013600008B590F83930C3F380030D4A1370137831
:1013700053B10C4B1B793BB10A4B9B6823B10A4A12
:1013800012780AB9426812B1FFF7CAFF08BD0749CF
:101390001846FFF705F9044B01221A70F4E700BF65
:1013A000CD5A0320340002208A5A0320391501083F
:1013B00008B50448F2F75EFF002203496420FFF7F6
:1013C000EFF808BD8C5A0320B113010800B585B0B1
:1013D000284B197B5A7B120442EA0162997B42EA4C
:1013E0000122D87B0243110201F47F0141EA00612E
:1013F000100A00F47F40014341EA12620392197C13
:101400005A7C120442EA0162997C42EA0122D87CA9
:101410000243110201F47F0141EA0061100A00F465
:101420007F40014341EA12620292197D5A7D120403
:1014300042EA0162997D42EA0122D97D42EA010332
:101440001A0202F47F0242EA0162190A01F47F41A2
:101450000A4342EA1363019301AB02AA03A90648B7
:10146000FAF720FA054B01221A70FFF759FF05B071
:101470005DF804FB340002208C5A0320CC5A032070
:1014800070B586B0054600260596F2F7EFFE214CB2
:10149000214B02930190009605AB1A46194620464F
:1014A000FAF736FA2046FAF7C7FA1C4E3368E362B9
:1014B0001B492046FAF70EFB1A492046FAF754FB5F
:1014C0002046FAF7BFFA94F83930C3F38003164A7E
:1014D000137033797BB12046F8F7A0F8124B1B78D4
:1014E0005BB1B06848B100221049FFF759F8104BC2
:1014F00001221A7001E0FFF769FF00220D49642004
:10150000FFF74EF8FFF70CFF2846FFF7B5FE06B0D1
:1015100070BD00BF8C5A0320BD7400083400022047
:101520005913010861130108CD5A03203915010828
:101530008A5A0320B113010808B5064B00221A701D
:10154000054B5B6803B108BD0348F8F745F9FFF7A1
:101550003DFFF8E78A5A03208C5A03200048704761
:10156000885A032070B59AB0184B1D781DB100251C
:1015700028461AB070BD0C46F2F776FE0028F7D068
:10158000F2F774FE0028F3D0114EA446BCE80F0019
:101590000FC69CE8030086E8030000231A460121D9
:1015A00001A8FFF72BFE199B5BB101A90948F5F7CC
:1015B000EFFF41F2883101A8FFF74EFE0546034BCD
:1015C000187001A8FFF73EFED2E700BF895A03203A
:1015D0003400022081140108014B1878704700BFC5
:1015E000CE5A0320014B1878704700BFCD5A032014
:1015F000002A18BF002901D10A48704710B582B0EF
:101600000C461346084A126801921A4601A8F9F7D7
:1016100079F810B1204602B010BD00232370204697
:10162000F9E700BFD8460108D05A0320002300E0A4
:101630000133C25C2AB111F803C09445F8D00020F0
:101640007047C85C3F2818BF00280CBF012000204D
:101650007047000038B50546002400E001340B4B0C
:101660001B68A3420FD904EB84032946084A52F8A9
:101670002300FFF7DBFF0028F0D004EB84040448CC
:1016800000EB840000E0002038BD00BFE8620320CA
:10169000EC6203200023012B0BD8074AD25C0AB16D
:1016A0000133F8E7044A0121D154044800EB8320B8
:1016B00070470020704700BFE45A0320E85A032017
:1016C0000023012B0AD8064A02EB8322824201D072
:1016D0000133F6E7034A0021D1547047704700BF39
:1016E000E85A0320E45A03200368DBB11B782F2B50
:1016F0001AD10F4B1B680B2B18D800B5591C0C4A7C
:10170000116003EB83020B4B03EB820E8446BCE8B3
:101710000F00AEE80F00DCF80030CEF800300120FA
:101720005DF804FB002070470020704700207047E0
:10173000E8620320EC62032010B50446F6F7E8FCEB
:10174000034B01221A702046FFF796FD10BD00BF23
:10175000E05A032000487047D45A0320002B18BFDA
:10176000002A01D10020704710B586B00191029285
:1017700003930023049301238DF8143001A8FFF78D
:10178000B3FF06B010BD72B100B587B00191002360
:101790000293039304928DF8143001A8FFF7A4FF7D
:1017A00007B05DF804FB00207047000010B59AB048
:1017B0000F4B1C781CB1002420461AB010BD00232A
:1017C0001A46012101A8FFF719FD199B23B101A9B0
:1017D0000848F5F785FE18B101A8FFF733FDEBE7E0
:1017E00041F2883101A8FFF737FD0446F4E700BF56
:1017F000E05A032039170108014B1868704700BFF1
:10180000DC5A03202DE9F8430F4609B30546466824
:10181000DEB1D0F80880B8F1000F1BD0002400E042
:1018200001342B68A3420FDD4FEA840956F82400E7
:101830000028F5D03946EEF703FD0028F0D158F81E
:10184000096016B9044E00E000263046BDE8F88372
:101850000E46FAE74646F8E7D846010830B583B0A9
:101860001546FFF7CFFF90B10446037813B9002067
:1018700003B030BD0022019201A901F0CDFA019B15
:10188000A34206D01B7833B928600120F0E700207E
:10189000EEE70020ECE70020EAE70000002918BF8F
:1018A00000284FD070B584B004460846FFF7D2FE3A
:1018B0000546C0B1002323606360A360E360236139
:1018C0004368BBB12360836863606368A3602B7C5B
:1018D000002B35D0012323741C4A13680133136095
:1018E000002004B070BD1A4A1368013313606FF012
:1018F0000500F6E7FFF7CEFE064680B10023019310
:101900000293039301AA4FF48061EB689847431E4A
:10191000B3F5806F0AD226606060E660D5E70C4AB6
:101920001368013313604FF0FF30DAE73046FFF7FA
:10193000C7FE074A1368013313606FF00500D0E754
:101940000023C8E76FF00F00704700BFDC5A032088
:10195000D85A032040B110B50446C06818B1FFF74B
:10196000AFFE0023E36010BD704708B3F0B585B04B
:1019700015461C460646C768C7B1B9B10846FFF709
:1019800069FE98B1C3688BB125EAE57501950294AB
:101990000A9A039201AA4FF4806138469847431E81
:1019A000B3F5806F02D237607060B06005B0F0BDF3
:1019B0007047034618B140689B68C01A7047002002
:1019C00070470000094B0A4A93420ED01A688242BF
:1019D00001D00433F7E700221A60064B1B6823B1DD
:1019E000044A1368013B1360704770470467032083
:1019F00014670320E063032038B50446FBF788FA38
:101A0000054628B10E4B1A880E49FAF7BDFD38B1CC
:101A100015B12846FBF72EFB2046FFF72DFC38BDFD
:101A200004212846FAF782FE074B18600028F3D0FD
:101A30000649FAF79BFF064B01221A70ECE700BF3C
:101A4000DE6303208C79010800670320551A010822
:101A5000EC63032010B50C46B1FA81F14909002A64
:101A600018BF41F0010121BB134B144A93421AD015
:101A70001A680AB10433F8E71C60114A136801338D
:101A8000136021462046FAF71FFF0E492046FAF759
:101A90001FFF0D492046FAF74FFF638B43F04003C9
:101AA0006383002004E02046FBF7F2F86FF00C009F
:101AB00010BD6FF00500FBE70467032014670320E7
:101AC000E0630320411B0108C519010838B504462D
:101AD0000D46184B184A93420DD01A68A24201D005
:101AE0000433F7E700221A60144B1B681BB1134A3A
:101AF0001368013B136000212046FAF7E5FE002140
:101B00002046FAF7E5FE00212046FAF715FF0021EE
:101B10002046FAF7F7FE1DB12046FBF7B9F838BDAD
:101B20002046FBF7A7FA0028F9D02046FBF7B0F8CB
:101B3000F5E700BF0467032014670320E063032078
:101B400038B5084652B11C46154663B91189FAF7F3
:101B50002FFE2846FAF73AF9204638BD0021FFF754
:101B6000B5FF0020F9E71046FAF730F92046F4E710
:101B700070B50546154C002609E001232946FDF7FE
:101B8000F7FCA8B1124A1368013313600434114BF7
:101B90009C4212D020680028F8D0B0F86430B5F824
:101BA000C0209342E9D20A4A136801331360EDE77B
:101BB0002068FEF77FFA0126E8E71EB1064A13689F
:101BC00001331360002385F8C23070BD0467032021
:101BD000E463032014670320E863032010B582B098
:101BE0006846FFF798FA0A4C0A4B9C4208D094F8D2
:101BF000C2300BB1C434F7E7012384F8C23000E0EF
:101C000000246846FFF7A1FA204602B010BD00BFCD
:101C1000F06303200067032000487047DC63032063
:101C200010B59AB0134B1B781BB1002420461AB094
:101C300010BD03F0FF04104B198000231A46012148
:101C400001A8FFF7DBFA199B23B101A90B48F5F7AF
:101C500047FC18B101A8FFF7F5FAE7E741F2883130
:101C600001A8FFF7F9FA04460028F3D0014B1C78CD
:101C7000E4B2EFE7EC630320DE630320F919010807
:101C80002DE9F041224B1B7803F0FF05002B3BD0E0
:101C90000E461446002A18BF00290CBF0127002752
:101CA00031D0BF2A23D81B4B1B686BB3FFF796FFBD
:101CB000804610B32246314601F0E9FA631E18F857
:101CC00003300A2B03D00A2308F804300134A8F8A3
:101CD000C04041461048F5F703FCA8B1002388F83E
:101CE000C2300E4A1368013313603D460CE00B4AC4
:101CF0001368013313603D4606E0084A1368013358
:101D000013603D4600E000252846BDE8F08100BF95
:101D1000EC630320E0630320711B0108E4630320EC
:101D2000014B1868704700BFE0630320014B18683F
:101D3000704700BFE8630320014B1868704700BF7D
:101D4000E4630320022805D0032805D0012805D12B
:101D5000034870470348704703487047034870477B
:101D6000907201089C720108A8720108B4720108FF
:101D700030B58BB00DF1100C3F4C0FCCACE80F0020
:101D800094E803008CE803003C4B04933C49039126
:101D90006FF07F4202923B4B0193079108920993A7
:101DA000FFF7DCFB04A9FFF7DDFBC0B1FFF7D2FCB6
:101DB0000446354B1D682B46344A3549FFF7CEFCA7
:101DC00030B12B46314A33492046FFF7C7FC58B99A
:101DD0003148F2F73FFA002420460BB030BD0446EC
:101DE0002E48F2F737FAF7E754232D4A2D492046BB
:101DF000FFF7B4FC0028EBD02B4A2C492046FFF714
:101E0000C2FC0028E4D02A4A2A492046FFF7BBFC3E
:101E10000028DDD0284A29492046FFF7B4FC0028D5
:101E2000D6D0274A27492046FFF7ADFC0028CFD05F
:101E3000254A26492046FFF7A6FC0028C8D02046A0
:101E4000FFF7B4FC044670B1FFF7E6FE41F28831BB
:101E5000FFF7E6FE044650B11D48F2F7FBF91D48B6
:101E6000F2F7F8F9B8E71C48F2F7F4F9B4E71B48C1
:101E7000F2F7F0F9B0E700BF90400108BC7201082A
:101E8000C0A801C8C0A80101907B01080000040897
:101E9000D84501083076010868730108C872010846
:101EA000107B0108E87201089D210108F872010801
:101EB000692001080C730108D51F0108207301086F
:101EC000551F010838730108E11E01084C73010811
:101ED000DC730108F87301089C730108BC730108E6
:101EE00030B587B005460C4610460023059305AA79
:101EF0001349FFF7B3FCD0B9124B134AD2F8882428
:101F00004FF4616102910121019100920F4A214633
:101F1000284601F05FF803460028D4BF00230123C0
:101F2000A04228BF002303B9002007B030BD0599A7
:101F3000054800F091FD08B9024BDEE7044BDCE7F1
:101F40002874010820740108A06D03203074010872
:101F50001874010830B593B005460C4620220021C4
:101F60000AA801F0DAF80AA9164800F07FFDF2F796
:101F700015FB28B3144B134AD2F888241199089101
:101F8000109907910F9906910E9905910D99049159
:101F90000C99039102920B9A01920A9A00920B4AB1
:101FA0002146284601F016F803460028D4BF002336
:101FB0000123A04228BF002303B9002013B030BD85
:101FC000034BD8E7A06D0320187401086074010862
:101FD0002074010830B585B005460C461046002334
:101FE000039303AA1A49FFF739FCB0B103997F297B
:101FF00024D9184B039A0092174A2146284600F02C
:10200000E9FF03460028D4BF00230123A04228BFD4
:10201000002303B9002005B030BD104A21462846F0
:1020200000F0D8FF03460028D4BF00230123A042BC
:1020300028BF0023002BEED10020ECE7C9B20848EE
:1020400000F076FA08B9034BD4E7064BD2E700BF9D
:10205000B474010820740108EC740108BC74010810
:10206000B8720320187401082DE9F04F97B014904E
:102070008846F2F7E3F9002854D02C4B12932C4CED
:1020800094F8FA54EDB294F8F864F6B294F8F9744E
:10209000FFB2204600F05CFA1590D4F8FC3413939C
:1020A000D4F8009594F80405FFF74CFE0F90D4F88F
:1020B00008A5D4F80CB5204600F081FA109020460F
:1020C00000F081FA1190F2F767FA0446F2F762FA2B
:1020D00007230D930C900B94119A0A92109A09926F
:1020E000CDF820B0CDF81CA00F9A0692CDF8149030
:1020F000139B0493159B0393029701960095129BE3
:102100000C4A4146149800F065FF03460028D4BFEE
:1021100000230123404528BF002303B9002017B046
:10212000BDE8F08F044B1293A9E700BF18740108B3
:10213000B8720320007501082074010810B584B03E
:102140000C46FFF70BFA022C08D0032C0AD0012C06
:1021500016D10D48F2F77EF804B010BD0B48F2F727
:1021600079F8F9E710226946FFF742FA0848F2F7D2
:1021700065F86846F2F762F80648F2F76BF8EBE7A5
:102180000548F2F767F8E7E7E8750108F875010810
:102190001C76010834760108507601082DE9F04FCD
:1021A00093B00D900D46FFF7D9F98046FFF7D2FAAC
:1021B0000746FFF731FD814610220EA94046FFF782
:1021C00017FAF1F7EDFF0C90FEF76AFF294BA3FB1E
:1021D0000034A4094046FFF705FA002841D0DFF893
:1021E00098A03846FFF708FB06464846FFF798FDDB
:1021F00007464846FFF79AFD80464846FFF79CFD94
:102200008146F2F71BF900282ED0DFF86CB0F2F708
:10221000C5F960B3184B184A0A920993CDF820B05B
:10222000CDF81C90CDF81880059741F288330493BF
:102230000396CDF808A001940EAB00930C9B0F4AB7
:1022400029460D9800F0C6FE03460028D4BF00239F
:102250000123A84228BF002303B9002013B0BDE822
:10226000F08FDFF81CA0BCE7DFF814B0CFE7044B19
:10227000D1E700BFD34D62101874010860760108E1
:10228000207401082DE9F0410746FFF767F906467B
:102290004FF00008454624E001463846FFF74EFF60
:1022A000254624E001210020F1F780FFFFF7B4FC70
:1022B000FFF73CFD0446B8EB000118BF01210120E7
:1022C000F1F774FF0D4B93F8FA14C9B2022914BF49
:1022D000002101210220F1F769FFFA20F2F778FAD4
:1022E000A0463046FFF778F904468542D4D1032C46
:1022F000D8D00020F1F770FFD8E700BFB8720320F4
:1023000010B50446F1F778FF1648F1F7A3FF164819
:10231000F1F794FFF1F744FFF1F79CFF1348F1F751
:1023200099FFF2F78BF858B1F2F738F960B120460F
:10233000FFF71EFD60B901210220F1F737FF10BD44
:102340000B48F1F787FFEFE70A48F1F783FFEEE765
:102350000948FEF77BFE0948FEF778FE2046FFF7A6
:1023600091FF00BFD84601082077010830770108A7
:10237000647701088C770108B8720320A06D0320F0
:1023800010B50446034B0360034B0360FEF77EFE6B
:10239000204610BD047B0108F07A010810B5044600
:1023A000064B0360064B0360FEF770FE4FF4D161ED
:1023B000204600F0C2FB204610BD00BF047B010890
:1023C000F07A010808B5F1F7EFFE0248FEF73EFE8D
:1023D00008BD00BF186703202DE9F04182B0044614
:1023E00013464FF4C062FEF715FE25460E4B45F826
:1023F0002C3B5C2632460021284600F08EFE04F17C
:1024000088074FF4C06842460021384600F085FE38
:10241000CDF800803B46324629462046FEF710FEA6
:10242000204602B0BDE8F081F07A010810B50748F7
:1024300000F06EFA064800F035FB064C18220649FB
:102440002046FFF7C9FF054B236010BDB87203207B
:10245000A06D032018670320C4720108047B0108E3
:1024600010B50446064B036000F59260FEF7A1FE2E
:10247000044B23602046FEF709FE204610BD00BF36
:10248000847B0108DC7A010810B50446FFF7E8FFF9
:102490004FF4A361204600F050FB204610BD000021
:1024A00010B50446064B036000F59160FEF7EFFEA1
:1024B000044B23602046FEF7E9FD204610BD00BF17
:1024C000707B0108DC7A010808B50748074B0360F8
:1024D000074B0360FEF7DAFD0648FFF7C1FF064829
:1024E000FFF7DEFF08BD00BF18670320047B01086B
:1024F000F07A0108A06D0320B872032010B50446DD
:10250000FFF7CEFF4FF4A361204600F016FB2046F4
:1025100010BD08B5FFF78AFF08BD08B5FFF7D4FF67
:1025200008BD01238B40184214BF012000207047D2
:1025300000B583B001F07F018DF8071000220DF186
:10254000070100F59160FEF7BEFE03B05DF804FBE5
:10255000002211460BE0831893F8103503F00303B3
:102560004FEA420C03FA0CF3194389B20132062AEE
:10257000F1D990F8FA04800380B2084370472DE93E
:10258000F84381460E4614461D46FEF789FD47195D
:1025900002E00220F2F71CF921463046F1F75CFF19
:1025A000804638B9FEF77CFD381AA842F1D940467A
:1025B000BDE8F883002CFAD1C9F80C65F7E708B537
:1025C000F1F7E0FF08BDF8B5F1F7E6FF044608B9FA
:1025D0002046F8BD0025470FC200161A67F1000714
:1025E000F1F7D0FF32463B462946EDF791FE94467F
:1025F000580140EAD2605101891A60EB030292004F
:1026000042EA9172890011EB0C0142EB03024FEA9E
:10261000C20C22462B46C8004CEA5171EDF778FEF9
:102620000446D5E7F8B504460D461646431802227F
:1026300083F81025C0F80815012380F80435002020
:10264000F1F756FF47F23053002229462046FFF7A4
:1026500096FF40B30520F2F7BBF8F1F75BFF8EB3AE
:10266000022384F804350020F1F75EFF0520F2F71D
:10267000AFF866B3012247F2305329462046FFF7F0
:102680007EFF074628B3F1F769FF86B3012325448F
:1026900085F81035002384F804354FF0FF33C4F873
:1026A00008353846F8BD0746F1F75EFF2544032399
:1026B00085F81035002384F804354FF0FF33C4F853
:1026C0000835EEE7032384F804350120CCE7022225
:1026D000D1E7F1F749FF2544032385F8103500239E
:1026E00084F804354FF0FF33C4F80835D9E70023E8
:1026F000CDE7000010B5F1F74FFF044608B92046BA
:1027000010BDF1F73FFFB0FBF4F0054CA4FB003423
:10271000031B04EB5304A408C4EBC404041BEEE73E
:10272000254992242DE9F84F824690F8F8845FFA03
:1027300088F890F8F964F6B2B04503D0002380F829
:10274000FA343DE0032380F8FA3453E00134062CD8
:102750001BD821464046FFF7E4FE8346214630461B
:10276000FFF7DFFE8345F1D0E21B0732224BA3FBCC
:102770000213D11A03EB51039B08C3EBC303D31A13
:102780009D42E3D91D46A146E0E7B9F1070F2ED0DF
:1027900049464046FFF7C5FE0446024649465046B4
:1027A000FFF740FFD0B19CB1012303FA09F3DBB27C
:1027B0001E438AF8F964DAF8FC340133CAF8FC34B1
:1027C0005046FFF797FF074600240725A946BEE7B6
:1027D000012303FA09F326EA0306EAE7DAF80035EB
:1027E0000133CAF8003502238AF8FA3402E00323E1
:1027F0008AF8FA34BDE8F88F2549922400B583B0F1
:102800000446F1F71BFEA8B9022384F8FA3403E06A
:102810009DF8073084F8F83400238DF807304FF026
:10282000FF320DF1070104F59160FEF75FFD00280E
:10283000F2D0EDE7F1F704FEF1F796FE032384F8FA
:10284000FA3402E02046FFF76DFF00238DF80730D1
:1028500064220DF1070104F59160FEF747FD0028A1
:10286000F0D09DF8073084F8F834EBE72DE9F0411B
:1028700084B004460E460025056045608560C5604D
:1028800005614561856100F11C074FF05008424623
:102890002946384600F041FC234643F86C5F039616
:1028A000042102910193CDF800803B46012220468D
:1028B000FEF7F7FC204604B0BDE8F0812DE9F041B9
:1028C00082B0044613464FF48062FEF7A3FB254610
:1028D0000E4B45F82C3B5C2632460021284600F082
:1028E0001CFC04F188074FF48068424600213846FA
:1028F00000F013FCCDF800803B46324629462046C6
:10290000FEF79EFB204602B0BDE8F081DC7A0108AC
:1029100010B5044618221549FFF7D0FF144B236069
:10292000144904F59160FFF7A1FF002384F8F834FF
:1029300084F8F934012284F8FA24C4F8FC34C4F889
:10294000003584F804354FF0FF33C4F80835C4F877
:102950000C3504F5A26304F2175102E0032203F8D8
:10296000012B8B42FAD1204610BD00BF84720108B2
:10297000707B0108B47701082DE9F041B6B0044638
:10298000F1F70CFE30B9FFF747F90746FEF788FB71
:10299000064606E0F1F704FEF5E70EA93846FFF714
:1029A0006FF9D4F888344FF47A7202FB036630462C
:1029B000FEF7AAFB0023089309930A930B930C9349
:1029C0000D9308A8F1F7FEFDD4F88C54013504F5F9
:1029D0009268CDF838804FF0FF314046FEF7F3FBA8
:1029E000C4F8F454FEF75CFBC4F8F8040DF1200CB5
:1029F000BCE80F00C4F8FC04C4F80015C4F80425B2
:102A0000C4F80835BCE80300C4F80C05C4F8101578
:102A10004046FEF7E8FBC4F88C54D4F8F834D4F8F8
:102A200088240D9907910C9906910B9905910A99A3
:102A300004910999039108990291019200932B4600
:102A4000044AA0210EA800F0C5FA0246431E9E2BA0
:102A5000A7D8A2E7BC7701084B1EB3F5616F03D27C
:102A6000C0F88814012070470020704770B582B00C
:102A700004460D4600F5926601964FF0FF31304650
:102A8000FEF7A1FBAE4604F2F44CBCE80F00AEE842
:102A90000F009CE80F008EE80F003046FEF7A3FB06
:102AA00002B070BD38B5044618220C49FFF706FF86
:102AB0000B4B23600123C4F888340025C4F88C54E0
:102AC000084904F59260FEF76DFB2022294604F2C6
:102AD000F44000F022FB204638BD00BF1478010806
:102AE000847B010820780108DFF834D0EDF7D4FFAB
:102AF0000C480D490D4A002302E0D458C450043359
:102B0000C4188C42F9D30A4A0A4C002301E013602E
:102B10000432A242FBD300F093FBEDF7B5FE704701
:102B200000C0072000000220A80002208C7D0108C0
:102B3000A800022018790320FEE700F000B800F09A
:102B400009B80000024B0146186800F02DB800BF1C
:102B500058000220024B0146186800F0C5BB00BFB8
:102B60005800022070B50F4E0C463168054611B969
:102B700000F044FB30602146284600F03FFB431C38
:102B800003D14FF0FF34204670BDC41C24F0030471
:102B9000A042F8D0211A284600F030FB0130F2D1D3
:102BA000EFE700BFD07703202DE9F843CD1C25F0D7
:102BB000030508350C2D38BF0C25002D064601DB1A
:102BC000A94204D90C2333600020BDE8F883DFF864
:102BD000D48000F069F8D8F800301C4644BB294680
:102BE0003046FFF7BFFF431C044658D1D8F80040D9
:102BF0002746002F43D1002C4BD02368394630465E
:102C000004EB030900F0FAFA814542D121686D1AFC
:102C100029463046FFF7A6FF01303AD023682B44FF
:102C20002360D8F800305A6862BBC8F800700FE023
:102C30002268521B20D40B2A17D96119A3422560A0
:102C400018BF5960636808BFC8F8001062514B6034
:102C5000304600F02FF804F10B00231D20F0070090
:102C6000C21A1CBF1B1AA350AFE76268A3420CBF75
:102C7000C8F800205A60EBE723466468AEE73C469C
:102C80007F68B6E71A465B68A342FBD10023536016
:102C9000DEE70C233360304600F00CF894E7056063
:102CA000D6E700BFD4770320014800F0EEBA00BF9A
:102CB00014790320014800F0E9BA00BF1479032019
:102CC000164B10B51C68236BB3B91820FFF73AFFF9
:102CD0000246206320B9124B1248522100F0E6FA56
:102CE0001149124BC0E90013114B83600B23838100
:102CF00000210120C2E90401216B0E480B694C69D7
:102D00000D4A584302FB0400A3FB0232013340EB9F
:102D10000200C1E9043020F0004010BD580002203C
:102D2000947B0108AB7B01080E33CDAB34126DE60A
:102D3000ECDE05002DF451582D7F954C2DE9F04324
:102D4000344E86460D46284615F8014B375D17F080
:102D50000807F8D12D2C10D12C780127851C33F0D1
:102D6000100015D1302C0DD1287800F0DF00582844
:102D700008D16C78023510230AE02B2C04BF2C7884
:102D8000851CECE7002BF6D1302C14BF0A23082356
:102D90004FF0FF380026B8FBF3F803FB08F96FEAA1
:102DA00009093046A4F1300CBCF1090F10D8644673
:102DB000A3421EDDB6F1FF3F07D0804516D301D1F7
:102DC000A14513DB00FB0340012615F8014BE9E7A1
:102DD000A4F1410CBCF1190F01D8373CE8E7A4F18C
:102DE000610CBCF1190F04D8573CE1E74FF0FF36F6
:102DF000EBE7731C06D12223CEF80030304632B9FF
:102E0000BDE8F08307B14042002AF9D006B1691E3F
:102E10001160F5E7737C010813460A460146024833
:102E20000068FFF78BBF00BF58000220002310B5D9
:102E30000446C0E90033C0E90433836081814366FE
:102E4000C2818361194608225C3000F066F90D4B9F
:102E500063620D4BA3620D4BE3620D4B23630D4B7D
:102E600024629C4206D003F16802944202D0D0331F
:102E70009C4205D104F15800BDE8104000F004BAAE
:102E800010BD00BF41300108633001089B300108CC
:102E9000BF300108D8770320024A0349034800F0F5
:102EA00069B800BF4C000220D13C01085C00022040
:102EB00041680C4B994210B5044601D000F008FF60
:102EC000A168094B994202D0204600F001FFE16859
:102ED000064B994204D02046BDE8104000F0F8BEF1
:102EE00010BD00BFD877032040780320A8780320C6
:102EF00010B50B4B0B4C0C4A1A60204600220421E3
:102F0000FFF794FF04F1680001220921FFF78EFF0B
:102F100004F1D0000222BDE810401221FFF786BF65
:102F200010790320D8770320992E0108014800F07A
:102F3000ACB900BF15790320014800F0A7B900BF64
:102F40001579032010B50446FFF7F0FF236A1BB183
:102F5000BDE81040FFF7F0BF044B2362044B1B6831
:102F6000002BF5D1FFF7C4FFF2E700BFB12E010837
:102F7000107903202DE9F8430746884614460026B9
:102F8000D4E90195B9F1010905D52468002CF7D1E0
:102F90003046BDE8F883AB89012B07D9B5F90E306F
:102FA000013303D029463846C04706436835E9E770
:102FB0000FB407B5064904AB086853F8042B8168C1
:102FC000019300F05DFB03B05DF804EB04B07047C3
:102FD000580002200CB430B5184B0C1E1D689DB073
:102FE00008DA8B232B604FF0FF301DB0BDE8304076
:102FF00002B070474FF40273ADF814304FF0000385
:103000001B9314BF04F1FF332346049307934FF639
:10301000FF7302900690ADF81630209A21AB02A9FA
:103020002846019300F006FA431CBCBF8B232B609B
:10303000002CDAD0029B00221A70D6E7580002203A
:1030400010B50C46B1F90E1000F0C6F80028ABBF61
:10305000636DA3891B1823F48053ACBF6365A38100
:1030600010BD2DE9F0411F468B89DB0505460C4656
:10307000164605D5B1F90E100223002200F09AF889
:10308000A389B4F90E1023F48053A38132463B4642
:103090002846BDE8F04100F0C1B810B50C46B1F9C2
:1030A0000E1000F087F8431CA38915BF606523F458
:1030B000805343F48053A38118BFA38110BDB1F99D
:1030C0000E1000F067B810B501390244904201D1EA
:1030D000002005E0037811F8014FA34201D0181B2E
:1030E00010BD0130F2E7884210B501EB020402D9AD
:1030F0008442234607D8431EA14208D011F8012B71
:1031000003F8012FF8E7024401468A4200D110BDBE
:1031100013F8014D02F8014DF7E7024403469342CC
:1031200000D1704703F8011BF9E7C9B203461846FE
:1031300013F8012B12B18A42F9D17047002918BF48
:103140000020704710B56AB10139841810F8012BBE
:1031500011F8013F9A4203D1A04201D0002AF5D1D3
:10316000D01A10BD1046FCE70A7870B56AB970BD78
:103170009A4209D10C46054614F8013F002BF6D0BF
:1031800015F8016F9E42F7D001300378002BEFD184
:103190001846ECE738B5064D0023044608462B6078
:1031A000EDF748FC431C02D12B6803B1236038BD06
:1031B000845A032038B5074D0446084611460022BC
:1031C0002A601A46EDF740FC431C02D12B6803B17C
:1031D000236038BD845A032038B5074D044608469D
:1031E000114600222A601A46EDF706FC431C02D164
:1031F0002B6803B1236038BD845A032038B5064DCF
:103200000023044608462B60EDF720FC431C02D146
:103210002B6803B1236038BD845A032038B5074DAD
:1032200004460846114600222A601A46EDF7F4FBD0
:10323000431C02D12B6803B1236038BD845A03209C
:1032400070B50D4D0D4C641BA4100026A64209D18B
:103250000B4D0C4C00F010FF641BA4100026A6427E
:1032600005D170BD55F8043B98470136EEE755F897
:10327000043B98470136F2E77C7D01087C7D01081C
:103280007C7D0108847D01087047704770470A44BF
:10329000914200F1FF3300D1704710B511F8014B96
:1032A00003F8014F9142F9D110BD00001FB514463B
:1032B0001A46094B1B680546D8684CB1074B00916C
:1032C000CDE9013406492B4600F02AFD00F0CEFD81
:1032D000044B1C46F3E700BF58000220037C0108A2
:1032E000107C01083E7C010838B50546002941D014
:1032F00051F8043C0C1F002BB8BFE418FFF7D4FCB6
:103300001D4A136833B9636014602846BDE838402D
:10331000FFF7D0BCA34208D9206821188B4201BF17
:1033200019685B6809182160EDE71A465B680BB104
:10333000A342FAD911685018A0420BD12068014469
:10334000501883421160E0D118685B6853600844EC
:103350001060DAE702D90C232B60D6E72068211829
:103360008B4204BF19685B68636004BF0918216061
:103370005460CAE738BD00BFD47703202DE9F04779
:103380008E681F46BE420B6882460C4690462DD87A
:10339000B1F90C2012F4906F26D06569096905EB2C
:1033A0004505A3EB010905EBD5757B1C4B446D105E
:1033B0009D4238BF1D46530527D52946FFF7F4FB2C
:1033C000064660B321694A46FFF761FFA38923F4EB
:1033D000906343F08003A381266165614E44A5EBB1
:1033E00009052660A5603E46BE4200D93E462068DB
:1033F00032464146FFF777FEA3689B1BA360236814
:10340000334423600020BDE8F0872A4600F035FDF4
:1034100006460028E0D121695046FFF765FF0C23DE
:10342000CAF80030A38943F04003A3814FF0FF3076
:10343000E9E700002DE9F04F98468B891B069DB007
:1034400007460D46144610D50B6973B94021FFF7A6
:10345000ABFB2860286130B90C233B604FF0FF3094
:103460001DB0BDE8F08F40236B610023099320233A
:103470008DF82930CDF80C803023DFF89C818DF851
:103480002A304FF0010923469A4613F8012B0AB15E
:10349000252AF9D1BAEB040B0BD05B46224629460C
:1034A0003846FFF76BFF013000F0A780099A5A44B5
:1034B00009929AF80030002B00F09F8000234FF013
:1034C000FF32CDE905230AF1010A049307938DF831
:1034D00053301A935446052214F8011B4E48ECF75A
:1034E000C7FE049AD8B9D00644BF20238DF85330C4
:1034F000110744BF2B238DF853309AF800302A2B44
:1035000015D0079A544600204FF00A0C214611F8B6
:10351000013B303B092B4BD9B0B1079214E0A0EB33
:10352000080309FA03F313430493A246D2E7039B6B
:10353000191D1B680391002BBBBF5B4242F00202C6
:1035400007930793B8BF049223782E2B0AD1637890
:103550002A2B32D1039B1A1D1B68039243EAE373A3
:1035600002340593DFF8C0A0217803225046ECF71F
:103570007FFE38B1049BA0EB0A0040228240134337
:103580000134049314F8011B24488DF828100622F6
:10359000ECF76EFE002836D0214B1BBB039B073394
:1035A00023F0070308330393099B334409936AE725
:1035B0000CFB02320C460120A8E7002301340593DE
:1035C00019464FF00A0C204610F8012B303A092A10
:1035D00003D9002BC6D00591C4E70CFB012104469A
:1035E0000123F0E703AB00932A460E4B04A93846AB
:1035F000AFF30080421C0646D6D1AB895B063FF58F
:103600002DAF09982CE703AB00932A46054B04A97C
:10361000384600F0BBF9EDE73F7C0108497C010822
:10362000000000007D330108457C01089368013BE0
:10363000002B10B4936008DA9469A34201DB0A29D5
:1036400003D15DF8044B00F07DBB1368581C10607B
:10365000197008465DF8044B7047F8B506460F46EA
:103660001446D518AC4201D1002007E014F8011B24
:103670003A463046FFF7DAFF431CF3D1F8BD0000AD
:103680002DE9F04F0D469DB014469846064618B1F8
:10369000036A0BB9FFF756FC6B6ED90705D4AB89EB
:1036A0009A0502D4A86DFFF7F0FDAB891B0701D581
:1036B0002B699BB92946304600F082FB70B16B6ED6
:1036C000DC0704D54FF0FF301DB0BDE8F08FAB89AB
:1036D0009805F7D4A86DFFF7D9FDF3E70023099308
:1036E00020238DF82930CDF80C803023DFF8AC8111
:1036F0008DF82A304FF0010923469A4613F8012B22
:103700000AB1252AF9D1BAEB040B0BD05B4622464D
:1037100029463046FFF7A1FF013000F0A780099A43
:103720005A4409929AF80030002B00F09F80002341
:103730004FF0FF32CDE905230AF1010A0493079304
:103740008DF853301A935446052214F8011B534840
:10375000ECF78EFD049AD8B9D10644BF20238DF82A
:103760005330130744BF2B238DF853309AF80030A1
:103770002A2B15D0079A544600204FF00A0C2146F8
:1037800011F8013B303B092B4BD9B0B1079214E043
:10379000A0EB080309FA03F313430493A246D2E70C
:1037A000039B191D1B680391002BBBBF5B4242F0BA
:1037B000020207930793B8BF049223782E2B0AD1F5
:1037C00063782A2B32D1039B1A1D1B68039243EAAC
:1037D000E37302340593DFF8D4A021780322504626
:1037E000ECF746FD38B1049BA0EB0A004022824072
:1037F00013430134049314F8011B29488DF8281051
:103800000622ECF735FD00283FD0264B1BBB039B5F
:10381000073323F0070308330393099B3B440993C1
:103820006AE70CFB02320C460120A8E700230134B2
:10383000059319464FF00A0C204610F8012B303A38
:10384000092A03D9002BC6D00591C4E70CFB01213E
:1038500004460123F0E703AB00932A46124B04A968
:103860003046AFF300800746781CD6D16B6ED9077F
:1038700005D4AB899A0502D4A86DFFF707FDAB8983
:103880005B063FF51FAF09981EE703AB00932A467E
:10389000054B04A9304600F079F8E4E73F7C0108C5
:1038A000497C0108000000005B360108457C0108E6
:1038B0002DE9F047164698468A680B69DDF8209096
:1038C0009342B8BF1346336091F8432007460C4635
:1038D0000AB1013333602368990642BF336802336B
:1038E0003360256815F0060506D104F1190AE3686E
:1038F00032689B1AAB4226DC94F843302268003BC6
:1039000018BF012392062BD404F1430241463846E6
:10391000C84701301ED02368226903F00603042B38
:1039200002BFE5683368ED1AA3680CBF25EAE575A8
:1039300000259342C4BF9B1AED1800261A34B542E5
:103940001AD1002008E00123524641463846C847B4
:10395000013003D14FF0FF30BDE8F0870135C6E7F5
:10396000E1185A1C302081F84300224494F8451095
:1039700082F843100233C7E7012322464146384606
:10398000C8470130E6D00136D9E700002DE9FF47EE
:103990000F7E0C9E782F914680460C469A4601F188
:1039A000430207D8622F0AD8002F00F0D180582F89
:1039B00000F0B88004F1420684F842703AE0A7F1C2
:1039C0006303152BF6D801A151F823F0253A01081D
:1039D000393A0108B5390108B5390108B539010886
:1039E000B5390108393A0108B5390108B539010876
:1039F000B5390108B5390108373B0108633A0108B8
:103A0000F13A0108B5390108B5390108593B0108F7
:103A1000B5390108633A0108B5390108B53901081B
:103A2000F93A010833681A1D1B68326004F1420636
:103A300084F8423001239CE033682068191D31600E
:103A4000060601D51D6803E04506FBD5B3F9005015
:103A5000002D03DA2D236D4284F8433058480A23A1
:103A600011E021683368080653F8045B02D4490664
:103A700048BFADB26F2F5248336014BF0A230823EA
:103A8000002184F843106668A660002E05DB2168DB
:103A90002E4321F0040121604BD01646B5FBF3F113
:103AA00003FB1157C75D06F8017D2F46BB420D464B
:103AB000F4D9082B0BD12368DF0708D52369616887
:103AC0009942DEBF302306F8013C06F1FF36921B17
:103AD0002261CDF800A04B4603AA21464046FFF7DD
:103AE000E7FE01304AD14FF0FF3004B0BDE8F08767
:103AF000236843F0200323603248782784F8457018
:103B0000236831681F0651F8045B02D45F0648BF82
:103B1000ADB23160D90744BF43F0200323601DB12B
:103B20001023ADE72648E9E7236823F0200323604C
:103B3000F6E71646BDE7336825686169181D3060F1
:103B40002E061B6801D5196002E06806FBD51980B6
:103B5000002323611646BCE733681A1D32601E68D5
:103B6000626800213046ECF783FB08B1801B60607F
:103B700063682361002384F84330AAE7236932464F
:103B800049464046D0470130ADD023689B0713D447
:103B9000E068039B9842B8BF1846A6E70123324667
:103BA00049464046D04701309DD00135E36803992E
:103BB0005B1AAB42F2DCEBE7002504F11906F5E7EE
:103BC000507C0108617C0108B1F90C202DE9F0411D
:103BD000160705460C4654D44B68002B02DC0B6CD0
:103BE000002B48DDE66A002E45D0002312F48052F7
:103BF0002F68216A2B6030D0626DA389590705D5E3
:103C00006368D21A636B0BB1236CD21A0023E66A85
:103C1000216A2846B047431CA38906D129681D297B
:103C20002BD82A4ACA40D60727D500226260D90479
:103C30002269226004D5421C01D12B6803B960655A
:103C4000616B2F60B9B104F14403994202D0284658
:103C5000FFF74AFB002363630DE001232846B047CA
:103C60000246501CC9D12B68002BC6D01D2B01D099
:103C7000162B1ED12F60002022E043F040031BB220
:103C80001BE00F69002FF6D093070E6808BF4B6941
:103C90000F6018BF0023A6EB07088B60B8F1000F78
:103CA000E9DD216AA66A43463A462846B04700281D
:103CB00008DCB4F90C3043F04003A3814FF0FF302F
:103CC000BDE8F0810744A8EB0008E7E701004020C9
:103CD00038B50B6905460C4613B90025284638BD92
:103CE00018B1036A0BB9FFF72DF9B4F90C30002BAA
:103CF000F3D0626ED00704D4990502D4A06DFFF70B
:103D0000C4FA28462146FFF75FFF636EDA070546CF
:103D1000E4D4A3899B05E1D4A06DFFF7B7FADDE7F2
:103D20000EB403B5014603AB054853F8042B0068F5
:103D30000193FFF7A5FC02B05DF804EB03B07047F8
:103D400058000220F8B50E461446054618B1036A1D
:103D50000BB9FFF7F7F8A369A360A3891A0701D588
:103D6000236943B92146284600F02AF818B14FF0DC
:103D7000FF373846F8BD23682269981A6369F6B29E
:103D80008342374605DC21462846FFF7A1FF00287D
:103D9000EDD1A368013BA36023685A1C22601E700A
:103DA0006269431C9A4204D0A389DB07E1D50A2E3D
:103DB000DFD121462846FFF78BFF0028D9D0D6E770
:103DC00038B5294B054618680C4618B1036A0BB97B
:103DD000FFF7B8F8B4F90C30190722D4DA0607D483
:103DE00009222A6043F04003A3814FF0FF3033E003
:103DF000580712D5616B41B104F14403994202D0D6
:103E00002846FFF771FA00236363A38923F0240394
:103E1000A3810023636023692360A38943F008031F
:103E2000A38123694BB9A38903F42073B3F5007F01
:103E300003D02146284600F074F8B4F90C3013F092
:103E400001020AD00022A26062695242A261226984
:103E500042B913F08000C5D138BD990758BF6269D7
:103E6000A260F4E70020F7E75800022008B506201A
:103E700000F0BCF80120ECF7B9FD2DE9F041074650
:103E800014460D4621B9BDE8F0411146FEF78CBE3F
:103E90002AB9FFF729FA25462846BDE8F08100F047
:103EA000E3F88442064602D8B4EB500FF4D821461A
:103EB0003846FEF779FE804608B94546ECE7B4423D
:103EC0002246294628BF3246FFF7E1F929463846FF
:103ED000FFF70AFAF1E770B50C46B1F90E100029A8
:103EE00096B015461E460DDAA38913F0800F4FF0E9
:103EF000000114BF40234FF48063002031602B6029
:103F000016B070BD6A4600F079F80028ECDB019924
:103F100001F47041A1F50053594259414FF48063B7
:103F2000EBE78B89F7B59D0706460C4607D504F1EC
:103F30004703236023610123636103B0F0BD01AB3C
:103F40006A46FFF7C8FF009F054639463046FEF730
:103F50002BFE48B9B4F90C309A05EED423F00303D4
:103F600043F00203A381E2E7A389206043F08003CA
:103F7000A381019BC4E904075BB1B4F90E1030467C
:103F800000F04EF828B1A38923F0030343F00103A6
:103F9000A381A3891D43A581CFE71F2938B5054615
:103FA0000C4604D9162303604FF0FF3038BDC26BB6
:103FB00012B152F821304BB9284600F053F822468E
:103FC00001462846BDE8384000F03AB8012B0AD037
:103FD000591C03D1162303600120E7E7002142F8B2
:103FE0002410204698470020E0E70000024B0146DD
:103FF0001868FFF7D2BF00BF5800022038B5074D40
:1040000000230446084611462B60ECF716FD431CBE
:1040100002D12B6803B1236038BD00BF845A03204E
:1040200038B5064D0023044608462B60ECF70AFD20
:10403000431C02D12B6803B1236038BD845A03208E
:1040400038B5074D00230446084611462B60ECF7AF
:10405000C5FC431C02D12B6803B1236038BD00BFEF
:10406000845A0320ECF7B8BC51F8043C181F002B0D
:10407000BCBF0B58C0187047F8B500BFF8BC08BCEF
:104080009E467047F8B500BFF8BC08BC9E46704716
:104090008072010801000000983A0000C0A801C821
:1040A000FFFFFF00C0A8010164656661756C745470
:1040B00061736B0065746869665F72780000000068
:1040C0002F686F6D652F74616E646F2F32333534D6
:1040D000303835305F544D61686C6174695F3230DF
:1040E00032355F536B726970747369652F466972FC
:1040F0006D776172655570646174652F4253502FFE
:10410000426F617264732F4E75636C656F4637360C
:10411000375A492F4C5749502F5461726765742F95
:1041200065746865726E657469662E6300000000D0
:104130006E6574696620213D204E554C4C00000090
:10414000417373657274696F6E2022257322206635
:1041500061696C6564206174206C696E65202564FA
:1041600020696E2025730A006C77697000000000DA
:104170004E55434C454F2D463736375A49000000BF
:1041800049444C4500000000546D7251000000008D
:10419000546D7220537663002F686F6D652F7461C4
:1041A0006E646F2F32333534303835305F544D61A3
:1041B000686C6174695F323032355F536B7269705D
:1041C000747369652F4669726D77617265557064A5
:1041D0006174652F4D6964646C6577617265732FD6
:1041E00054686972645F50617274792F4C774950DA
:1041F0002F7372632F6170692F74637069702E63FF
:104200000000000074637069705F746872656164B7
:104210003A20696E76616C6964206D6573736167BD
:1042200065000000496E76616C6964206D626F788C
:10423000000000006661696C656420746F20637221
:10424000656174652074637069705F74687265611C
:1042500064206D626F7800006661696C656420742B
:104260006F20637265617465206C6F636B5F74634C
:104270007069705F636F726500000000746370693D
:10428000700000002F686F6D652F74616E646F2F72
:1042900032333534303835305F544D61686C617479
:1042A000695F323032355F536B7269707473696560
:1042B0002F4669726D776172655570646174652F00
:1042C0004D6964646C6577617265732F54686972B7
:1042D000645F50617274792F4C7749502F73726309
:1042E0002F617070732F687474702F6874747064A9
:1042F0002E63000068747470645F696E69743A209C
:104300007463705F62696E64206661696C656400E5
:1043100068747470645F696E69743A207463705F66
:104320006C697374656E206661696C656400000079
:10433000616C7265616479206265656E2068657282
:10434000653F0000436F6E74656E742D4C656E673B
:1043500074683A20000000006C656E677468202164
:104360003D204E554C4C000053534920616E642053
:1043700044594E414D49435F4845414445525320BD
:104380007475726E6564206F666620627574206550
:104390006F66206E6F7420726561636865640000EB
:1043A0002F3430342E68746D6C0000002F3430349C
:1043B0002E68746D000000002F3430342E73687442
:1043C0006D6C00005365727665723A206C774950C7
:1043D0002F322E312E322028687474703A2F2F73AA
:1043E0006176616E6E61682E6E6F6E676E752E6F90
:1043F00072672F70726F6A656374732F6C77697060
:10440000290D0A00485454502F312E3020343034B6
:104410002046696C65206E6F7420666F756E640D42
:104420000A0000000D0A3C68746D6C3E3C626F64CB
:10443000793E3C68323E3430343A2054686520720C
:1044400065717565737465642066696C6520636168
:104450006E6E6F7420626520666F756E642E3C2FE1
:1044600068323E3C2F626F64793E3C2F68746D6CFD
:104470003E0D0A003430340034303000485454507B
:104480002F312E302034303020426164205265714B
:10449000756573740D0A000035303100485454506E
:1044A0002F312E3020353031204E6F7420496D7001
:1044B0006C656D656E7465640D0A00004854545057
:1044C0002F312E3020323030204F4B0D0A000000AB
:1044D000436F6E74656E742D547970653A20617007
:1044E000706C69636174696F6E2F6F637465742D8E
:1044F00073747265616D0D0A0D0A0000436F6E746E
:10450000656E742D547970653A20746578742F70D7
:104510006C61696E0D0A0D0A0000000066696C6529
:104520002D3E6461746120213D204E554C4C0000AD
:1045300046696C65206C656E677468206D75737470
:1045400020626520706F73697469766521000000D0
:10455000687320213D204E554C4C000047455420A7
:104560000000000020000000687474705F706172C9
:1045700073655F726571756573743A20756E6578E1
:104580007065637465642072657475726E207661FF
:104590006C75650068747470645F696E69743A2044
:1045A0007463705F6E6577206661696C6564000096
:1045B0002F696E6465782E7368746D6C000000005E
:1045C0002F696E6465782E73736900002F696E64BD
:1045D00065782E7368746D002F696E6465782E6837
:1045E000746D6C002F696E6465782E68746D0000C0
:1045F000436F6E74656E742D547970653A207465DE
:1046000078742F68746D6C0D0A0D0A007368746DF0
:104610006C000000436F6E74656E742D5479706584
:104620003A20746578742F68746D6C0D0A45787043
:10463000697265733A204672692C203130204170CE
:104640007220323030382031343A30303A30302035
:10465000474D540D0A507261676D613A206E6F2D9F
:1046600063616368650D0A0D0A0000007368746D6C
:10467000000000007373690067696600436F6E7421
:10468000656E742D547970653A20696D6167652F88
:104690006769660D0A0D0A00706E6700436F6E74DD
:1046A000656E742D547970653A20696D6167652F68
:1046B000706E670D0A0D0A006A706700436F6E74B2
:1046C000656E742D547970653A20696D6167652F48
:1046D0006A7065670D0A0D0A00000000626D7000C7
:1046E000436F6E74656E742D547970653A20696DF0
:1046F0006167652F626D700D0A0D0A0069636F00B6
:10470000436F6E74656E742D547970653A20696DCF
:104710006167652F782D69636F6E0D0A0D0A0000C1
:10472000636C617373000000636C73006A73000054
:10473000436F6E74656E742D547970653A206170A4
:10474000706C69636174696F6E2F6A6176617363FF
:10475000726970740D0A0D0A0000000072616D002C
:1047600063737300436F6E74656E742D5479706556
:104770003A20746578742F6373730D0A0D0A000074
:1047800073776600436F6E74656E742D547970652F
:104790003A206170706C69636174696F6E2F782D57
:1047A00073686F636B776176652D666C6173680DF6
:1047B0000A0D0A00786D6C00436F6E74656E742D7F
:1047C000547970653A20746578742F786D6C0D0A91
:1047D0000D0A000078736C0070646600436F6E749D
:1047E000656E742D547970653A206170706C6963E0
:1047F0006174696F6E2F7064660D0A0D0A00000007
:10480000436F6E74656E742D547970653A206170D3
:10481000706C69636174696F6E2F6A736F6E0D0AD5
:104820000D0A00002F686F6D652F74616E646F2F25
:1048300032333534303835305F544D61686C6174D3
:10484000695F323032355F536B72697074736965BA
:104850002F4669726D776172655570646174652F5A
:104860004D6964646C6577617265732F5468697211
:10487000645F50617274792F4C7749502F73726363
:104880002F636F72652F697076342F646863702EA2
:1048900063000000646863705F6F7074696F6E5FBF
:1048A00073686F72743A206F7074696F6E735F6FA4
:1048B00075745F6C656E202B2032203C3D2044488F
:1048C00043505F4F5054494F4E535F4C454E00008C
:1048D000646863705F6F7074696F6E3A206F707494
:1048E000696F6E735F6F75745F6C656E202B20321D
:1048F000202B206F7074696F6E5F6C656E203C3D7D
:1049000020444843505F4F5054494F4E535F4C45ED
:104910004E000000646863705F6F7074696F6E5F53
:10492000627974653A206F7074696F6E735F6F752A
:10493000745F6C656E203C20444843505F4F505478
:10494000494F4E535F4C454E000000006468637051
:104950005F6F7074696F6E5F6C6F6E673A206F7017
:1049600074696F6E735F6F75745F6C656E202B205A
:1049700034203C3D20444843505F4F5054494F4EF3
:10498000535F4C454E000000646863705F6372655E
:104990006174655F6D73673A206E65746966202186
:1049A0003D204E554C4C0000646863705F63726537
:1049B0006174655F6D73673A206468637020213DA0
:1049C000204E554C4C000000646863705F63726554
:1049D0006174655F6D73673A20636865636B20740B
:1049E00068617420666972737420706275662063F2
:1049F000616E20686F6C64207374727563742064D8
:104A00006863705F6D736700444843503A20686F75
:104A100073746E616D6520697320746F6F206C6FA5
:104A20006E672100646863705F73656C6563743AD8
:104A3000206E6574696620213D204E554C4C000067
:104A4000646863705F73656C6563743A206468635F
:104A50007020213D204E554C4C000000646863706E
:104A60005F62696E643A206E6574696620213D203C
:104A70004E554C4C00000000646863705F62696EC4
:104A8000643A206468637020213D204E554C4C00F0
:104A9000646863705F7063625F726566636F756E92
:104AA0007428293A20726566636F756E742065728A
:104AB000726F7200646863705F696E635F706362D7
:104AC0005F726566636F756E7428293A206D656D37
:104AD0006F7279206C65616B000000006C656E2060
:104AE0003D3D2034000000006C656E203E3D20649A
:104AF00065636F64655F6C656E0000006C656E20B9
:104B00003D3D2031000000006F7665726C6F61647E
:104B100020696E2066696C652F736E616D6500009B
:104B2000636865636B206465636F64655F6964785F
:104B3000000000006465636F64655F6C656E20252E
:104B4000252034203D3D203000000000696E766154
:104B50006C6964206465636F64655F6C656E0000FA
:104B60006E657874207062756620776173206E754B
:104B70006C6C00006468637020213D204E554C4CE5
:104B8000000000006E6574696620616C7265616486
:104B90007920686173206120737472756374206476
:104BA0006863702073657400696E76616C69642057
:104BB000646863702D3E7374617465006E6574691A
:104BC00066206973206E6F742075702C206F6C6482
:104BD000207374796C6520706F72743F0000000060
:104BE0002F686F6D652F74616E646F2F32333534AB
:104BF000303835305F544D61686C6174695F3230B4
:104C000032355F536B726970747369652F466972D0
:104C10006D776172655570646174652F4D69646468
:104C20006C6577617265732F54686972645F506157
:104C30007274792F4C7749502F7372632F636F72A0
:104C4000652F697076342F6574686172702E630009
:104C50006172705F7461626C655B695D2E71203D8D
:104C60003D204E554C4C000069203C204152505F85
:104C70005441424C455F53495A4500006172705F90
:104C80007461626C655B695D2E7374617465203D4F
:104C90003D204554484152505F53544154455F456F
:104CA0004D505459000000006E657469662D3E68D1
:104CB00077616464725F6C656E203D3D20455448A9
:104CC0005F4857414444525F4C454E0063686563FA
:104CD0006B207468617420666972737420706275E9
:104CE000662063616E20686F6C64207374727563F4
:104CF00074206574686172705F68647200000000FF
:104D00006E657469662D3E6877616464725F6C6578
:104D10006E206D7573742062652074686520736100
:104D20006D65206173204554485F485741444452A3
:104D30005F4C454E20666F72206574686172702109
:104D40000000000069706164647220213D204E55AE
:104D50004C4C00006574685F72657420213D204EE4
:104D6000554C4C006172705F7461626C655B61727E
:104D7000705F6964785D2E7374617465203E3D20B8
:104D80004554484152505F53544154455F53544138
:104D9000424C450074797065206F766572666C6F61
:104DA000770000006172705F7461626C655B695DC1
:104DB0002E7374617465203D3D2050454E44494E2C
:104DC00047206F7220535441424C45006E6F207053
:104DD00061636B65742071756575657320616C6CBA
:104DE0006F776564210000007120213D204E554CF5
:104DF0004C0000002F686F6D652F74616E646F2F1B
:104E000032333534303835305F544D61686C6174FD
:104E1000695F323032355F536B72697074736965E4
:104E20002F4669726D776172655570646174652F84
:104E30004D6964646C6577617265732F546869723B
:104E4000645F50617274792F4C7749502F7372638D
:104E50002F636F72652F697076342F69636D702EC2
:104E600063000000636865636B207468617420668A
:104E70006972737420706275662063616E20686F5A
:104E80006C642069636D70206D6573736167650084
:104E900069636D705F696E7075743A206D6F7669C5
:104EA0006E6720722D3E7061796C6F616420746F43
:104EB0002069636D70206865616465722066616950
:104EC0006C65640A0000000069636D705F696E7054
:104ED00075743A20726573746F72696E67206F72B1
:104EE0006967696E616C20702D3E7061796C6F61CD
:104EF00064206661696C65640A0000002F686F6D4C
:104F0000652F74616E646F2F32333534303835302D
:104F10005F544D61686C6174695F323032355F5344
:104F20006B726970747369652F4669726D7761720F
:104F3000655570646174652F4D6964646C65776153
:104F40007265732F54686972645F50617274792F4F
:104F50004C7749502F7372632F636F72652F69709E
:104F600076342F6970342E6300000000702D3E727D
:104F70006566203D3D203100636865636B20746881
:104F80006174206669727374207062756620636153
:104F90006E20686F6C64207374727563742069701E
:104FA0005F686472000000002F686F6D652F746188
:104FB0006E646F2F32333534303835305F544D6185
:104FC000686C6174695F323032355F536B7269703F
:104FD000747369652F4669726D7761726555706487
:104FE0006174652F4D6964646C6577617265732FB8
:104FF00054686972645F50617274792F4C774950BC
:105000002F7372632F636F72652F697076342F6907
:1050100070345F667261672E6300000073616E69B1
:10502000747920636865636B206C696E6B656420BE
:105030006C697374000000007072657620213D2059
:1050400069707200707265762D3E6E657874203DD1
:105050003D2069707200000070627566735F667251
:10506000656564202B20636C656E203C3D203078A4
:10507000666666660000000069705F726561737342
:105080005F70627566636F756E74203E3D2070625E
:105090007566735F667265656400000070637220F8
:1050A000213D204E554C4C00636865636B20667251
:1050B00061676D656E747320646F6E2774206F7600
:1050C00065726C61700000006E6F207072657669A9
:1050D0006F757320667261676D656E742C207468DD
:1050E0006973206D7573742062652074686520662D
:1050F0006972737420667261676D656E7421000059
:1051000073616E69747920636865636B00000000E9
:1051100076616C69646174655F6461746167726112
:105120006D3A6E6578745F70627566213D4E554CC0
:105130004C00000069705F72656173735F70627527
:1051400066636F756E74203E3D20636C656E000073
:1051500069707220213D204E554C4C006E6F7420BA
:105160006669727374616C74686F756768206A75BC
:10517000737420656E717565756564006970345F60
:105180006672616728293A207062756620746F6FB5
:105190002073686F7274000074686973206E6565AF
:1051A00064732061207062756620696E206F6E6581
:1051B0002070696563652100702D3E6C656E203E30
:1051C0003D20706F666600002F686F6D652F7461FB
:1051D0006E646F2F32333534303835305F544D6163
:1051E000686C6174695F323032355F536B7269701D
:1051F000747369652F4669726D7761726555706465
:105200006174652F4D6964646C6577617265732F95
:1052100054686972645F50617274792F4C77495099
:105220002F7372632F636F72652F6D656D2E630030
:10523000706C75675F686F6C65733A206D656D2083
:105240003E3D2072616D0000706C75675F686F6C29
:1052500065733A206D656D203C2072616D5F656EEF
:1052600064000000706C75675F686F6C65733A204E
:105270006D656D2D3E75736564203D3D20300000E9
:10528000706C75675F686F6C65733A206D656D2D26
:105290003E6E657874203C3D204D454D5F53495A24
:1052A000455F414C49474E45440000006661696CCA
:1052B000656420746F20637265617465206D656D2F
:1052C0005F6D7574657800006D656D5F667265650C
:1052D0003A2073616E69747920636865636B20613D
:1052E0006C69676E6D656E74000000006D656D5FC2
:1052F000667265653A20696C6C6567616C206D65E6
:105300006D6F7279000000006D656D5F6672656596
:105310003A20696C6C6567616C206D656D6F7279A0
:105320003A20646F75626C652066726565000000E6
:105330006D656D5F667265653A20696C6C65676165
:105340006C206D656D6F72793A206E6F6E2D6C6991
:105350006E6B65643A20646F75626C652066726579
:10536000650000006D656D5F7472696D3A206C6553
:1053700067616C206D656D6F727900006D656D5FA2
:105380007472696D2063616E206F6E6C7920736832
:1053900072696E6B206D656D6F727900696E7661F2
:1053A0006C6964206E65787420707472000000006F
:1053B0006D656D5F6D616C6C6F633A20216C667218
:1053C00065652D3E75736564000000006D656D5F59
:1053D0006D616C6C6F633A20616C6C6F63617465B6
:1053E00064206D656D6F7279206E6F742061626FDD
:1053F00076652072616D5F656E642E006D656D5F10
:105400006D616C6C6F633A20616C6C6F6361746585
:1054100064206D656D6F72792070726F7065726C4B
:105420007920616C69676E65642E00006D656D5F43
:105430006D616C6C6F633A2073616E69747920637F
:105440006865636B20616C69676E6D656E740000E2
:105450002F686F6D652F74616E646F2F3233353432
:10546000303835305F544D61686C6174695F32303B
:1054700032355F536B726970747369652F46697258
:105480006D776172655570646174652F4D696464F0
:105490006C6577617265732F54686972645F5061DF
:1054A0007274792F4C7749502F7372632F636F7228
:1054B000652F6D656D702E63000000006D656D7069
:1054C0005F6D616C6C6F633A206D656D70207072FA
:1054D0006F7065726C7920616C69676E656400003D
:1054E0006D656D705F667265653A206D656D2070E3
:1054F000726F7065726C7920616C69676E656400AB
:10550000696E76616C696420706F6F6C206465737E
:10551000630000006D656D705F6D616C6C6F633A68
:105520002074797065203C204D454D505F4D4158A9
:10553000000000006D656D705F667265653A2074ED
:10554000797065203C204D454D505F4D415800001D
:105550002F686F6D652F74616E646F2F3233353431
:10556000303835305F544D61686C6174695F32303A
:1055700032355F536B726970747369652F46697257
:105580006D776172655570646174652F4D696464EF
:105590006C6577617265732F54686972645F5061DE
:1055A0007274792F4C7749502F7372632F636F7227
:1055B000652F6E657469662E630000006E65746900
:1055C000665F69737375655F7265706F7274733A45
:1055D00020696E76616C6964206E6574696600008E
:1055E000696E76616C696420706F696E74657200B3
:1055F0006E657469665F6164643A20696E76616C99
:105600006964206E65746966000000006E657469E7
:10561000665F6164643A204E6F20696E697420662B
:10562000756E6374696F6E20676976656E00000041
:105630006E6574696620616C72656164792061646D
:1056400064656400746F6F206D616E79206E65749F
:105650006966732C206D61782E20737570706F727F
:10566000746564206E756D626572206973203235D1
:10567000350000006E657469665F7365745F7570F0
:105680003A20696E76616C6964206E6574696600A3
:105690006E657469665F7365745F646F776E3A20D8
:1056A000696E76616C6964206E65746966000000DD
:1056B0006E657469665F7365745F6C696E6B5F7548
:1056C000703A20696E76616C6964206E65746966F3
:1056D000000000006E657469665F7365745F6C69D5
:1056E0006E6B5F646F776E3A20696E76616C696489
:1056F000206E6574696600002F686F6D652F746198
:105700006E646F2F32333534303835305F544D612D
:10571000686C6174695F323032355F536B726970E7
:10572000747369652F4669726D776172655570642F
:105730006174652F4D6964646C6577617265732F60
:1057400054686972645F50617274792F4C77495064
:105750002F7372632F636F72652F706275662E638D
:1057600000000000696E76616C6964207062756685
:105770005F74797065000000696E6372656D656EB7
:10578000745F6D61676E6974756465203C3D20705F
:105790002D3E6C656E000000706275665F66726516
:1057A000653A20702D3E726566203E203000000074
:1057B00070632D3E637573746F6D5F667265655FB0
:1057C00066756E6374696F6E20213D204E554C4C9A
:1057D00000000000696E76616C6964207062756615
:1057E0002074797065000000706275665F616C6C92
:1057F0006F633A207062756620712D3E7061796C1E
:105800006F61642070726F7065726C7920616C6971
:10581000676E656400000000504255465F504F4F70
:105820004C5F42554653495A45206D75737420624A
:105830006520626967676572207468616E204D45F6
:105840004D5F414C49474E4D454E54007062756660
:105850005F616C6C6F633A20706275662D3E70619B
:10586000796C6F61642070726F7065726C79206101
:105870006C69676E65640000706275665F616C6C70
:105880006F633A206572726F6E656F7573207479FD
:1058900070650000706275665F7265616C6C6F6345
:1058A0003A207020213D204E554C4C0070627566A8
:1058B0005F7265616C6C6F633A207120213D204EF0
:1058C000554C4C006D656D5F7472696D2072657426
:1058D00075726E65642071203D3D204E554C4C0024
:1058E0007062756620726566206F766572666C6F91
:1058F00077000000286820213D204E554C4C29207F
:10590000262620287420213D204E554C4C29202845
:1059100070726F6772616D6D65722076696F6C6110
:10592000746573204150492900000000702D3E74B9
:105930006F745F6C656E203D3D20702D3E6C656E12
:1059400020286F66206C6173742070627566206910
:105950006E20636861696E2900000000702D3E6E44
:10596000657874203D3D204E554C4C007062756644
:105970005F636F70793A20746172676574206E6F2F
:10598000742062696720656E6F75676820746F2088
:10599000686F6C6420736F75726365006F66667301
:1059A00065745F746F203C3D20705F746F2D3E6C9A
:1059B000656E00006F66667365745F66726F6D205A
:1059C0003C3D20705F66726F6D2D3E6C656E000011
:1059D000705F746F20213D204E554C4C000000003C
:1059E000706275665F636F7079282920646F6573D4
:1059F000206E6F7420616C6C6F77207061636B65D3
:105A0000742071756575657321000000706275669C
:105A10005F636F70795F7061727469616C3A20695D
:105A20006E76616C696420627566000070627566EE
:105A30005F636F70795F7061727469616C3A20693D
:105A40006E76616C696420646174617074720000C8
:105A5000706275665F636F7079206661696C6564FA
:105A6000000000002F686F6D652F74616E646F2FEA
:105A700032333534303835305F544D61686C617481
:105A8000695F323032355F536B7269707473696568
:105A90002F4669726D776172655570646174652F08
:105AA0004D6964646C6577617265732F54686972BF
:105AB000645F50617274792F4C7749502F73726311
:105AC0002F636F72652F7463702E63007463705F51
:105AD00072656D6F76655F6C697374656E65723A39
:105AE00020696E76616C6964206C697374656E659B
:105AF0007200000070636220213D204E554C4C0026
:105B00007063622D3E7374617465203D3D204C4985
:105B10005354454E000000007463705F6672656503
:105B20005F6C697374656E3A20214C495354454E3D
:105B3000000000007463705F667265653A204C492E
:105B40005354454E000000007463705F62696E64D8
:105B50003A20696E76616C696420706362000000AF
:105B60007463705F62696E643A2063616E206F6E69
:105B70006C792062696E6420696E2073746174654B
:105B800020434C4F534544007463705F6C697374D9
:105B9000656E5F776974685F6261636B6C6F675F86
:105BA000616E645F6572723A20696E76616C6964D9
:105BB00020706362000000007463705F6C6973742E
:105BC000656E5F776974685F6261636B6C6F675F56
:105BD000616E645F6572723A2070636220616C72FC
:105BE0006561647920636F6E6E656374656400003F
:105BF0007463705F7570646174655F7263765F6112
:105C00006E6E5F776E643A20696E76616C696420AF
:105C1000706362006E65775F7263765F616E6E5F60
:105C2000776E64203C3D2030786666666600000032
:105C30007463705F7265637665643A20696E76613D
:105C40006C69642070636200646F6E277420636106
:105C50006C6C207463705F72656376656420666F38
:105C600072206C697374656E2D706362730000003E
:105C70007463705F7365747072696F3A20696E76D1
:105C8000616C696420706362000000007463705F7F
:105C90007365675F636F70793A20696E76616C69CE
:105CA0006420736567000000696E76616C6964202A
:105CB000736F636B657420737461746520666F72B3
:105CC00020726563762063616C6C6261636B0000B7
:105CD000696E76616C696420736F636B65742073A1
:105CE0007461746520666F722073656E74206361E1
:105CF0006C6C6261636B0000696E76616C69642034
:105D0000736F636B657420737461746520666F7262
:105D1000206572722063616C6C6261636B000000CD
:105D20007463705F706F6C6C3A20696E76616C6939
:105D30006420706362000000696E76616C696420A3
:105D4000736F636B657420737461746520666F7222
:105D500020706F6C6C0000007463705F6E65787407
:105D60005F6973733A20696E76616C696420706351
:105D7000620000007463705F6566665F73656E64E1
:105D80005F6D73735F6E657469663A20696E7661E4
:105D90006C6964206473745F697000007463705F81
:105DA0007063625F70757267653A20696E76616CC8
:105DB00069642070636200007463705F7063625F87
:105DC00072656D6F76653A20696E76616C696420E4
:105DD000706362007463705F7063625F72656D6FA1
:105DE00076653A20696E76616C6964207063626CD6
:105DF00069737400756E73656E74207365676D6585
:105E00006E7473206C65616B696E6700756E61639B
:105E10006B6564207365676D656E7473206C656176
:105E20006B696E67000000006F6F736571207365AA
:105E3000676D656E7473206C65616B696E670000D9
:105E40007463705F6162616E646F6E3A20696E7632
:105E5000616C69642070636200000000646F6E27EB
:105E6000742063616C6C207463705F61626F727424
:105E70002F7463705F6162616E646F6E20666F7213
:105E8000206C697374656E2D70636273000000008E
:105E90007463705F6163636570745F6E756C6C3A98
:105EA00020696E76616C6964207063620000000096
:105EB0007463705F6E657469665F69705F61646466
:105EC000725F6368616E6765645F7063626C69735B
:105ED000743A20696E76616C6964206F6C645F61EE
:105EE00064647200696E76616C69642073746174B5
:105EF000650000007463705F636C6F73655F736847
:105F00007574646F776E3A20696E76616C6964208F
:105F1000706362007063622D3E666C616773202659
:105F20002054465F5258434C4F53454400000000F4
:105F30007463705F636C6F73653A20696E76616C31
:105F400069642070636200007463705F72656376D9
:105F50005F6E756C6C3A20696E76616C6964207056
:105F6000636200007463705F70726F636573735F68
:105F7000726566757365645F646174613A20696E09
:105F800076616C6964207063620000007463705F06
:105F9000736C6F77746D723A2061637469766520F3
:105FA0007063622D3E737461746520213D20434C03
:105FB0004F5345440A0000007463705F736C6F7741
:105FC000746D723A20616374697665207063622D26
:105FD0003E737461746520213D204C495354454EF5
:105FE0000A0000007463705F736C6F77746D723AAF
:105FF00020616374697665207063622D3E737461FD
:10600000746520213D2054494D452D574149540A7E
:10601000000000007463705F736C6F7774696D7259
:106020003A2070657273697374207469636B696E6A
:1060300067207769746820696E2D666C696768747B
:1060400020646174610000007463705F736C6F772B
:1060500074696D723A207065727369737420746923
:10606000636B696E67207769746820656D707479F9
:106070002073656E642062756666657200000000BC
:106080007463705F736C6F77746D723A206D6964BE
:10609000646C652074637020213D207463705F61BF
:1060A00063746976655F7063627300007463705F28
:1060B000736C6F77746D723A2066697273742070B6
:1060C0006362203D3D207463705F6163746976652F
:1060D0005F706362730000007463705F736C6F774E
:1060E000746D723A2054494D452D574149542070E2
:1060F00063622D3E7374617465203D3D2054494DAB
:10610000452D5741495400007463705F736C6F777D
:10611000746D723A206D6964646C652074637020DC
:10612000213D207463705F74775F70636273000059
:106130007463705F736C6F77746D723A2066697206
:10614000737420706362203D3D207463705F7477C8
:106150005F706362730000002F686F6D652F74615C
:106160006E646F2F32333534303835305F544D61C3
:10617000686C6174695F323032355F536B7269707D
:10618000747369652F4669726D77617265557064C5
:106190006174652F4D6964646C6577617265732FF6
:1061A00054686972645F50617274792F4C774950FA
:1061B0002F7372632F636F72652F7463705F696EE4
:1061C0002E6300007463705F70617273656F70742A
:1061D0003A20696E76616C69642070636200000029
:1061E0007463705F696E7075745F64656C61796506
:1061F000645F636C6F73653A20696E76616C696485
:1062000020706362000000007463705F74696D65E4
:10621000776169745F696E7075743A20696E766132
:106220006C696420706362007463705F6C6973747E
:10623000656E5F696E7075743A20696E76616C691F
:1062400064207063620000007063622D3E736E64B0
:106250005F71756575656C656E203E3D2070627579
:10626000665F636C656E286E6578742D3E702900DC
:106270007463705F726563656976653A2076616CF8
:106280006964207175657565206C656E677468005A
:106290007463705F6F6F735F696E736572745F7341
:1062A00065676D656E743A20696E76616C6964200D
:1062B00063736567000000007463705F72656365F7
:1062C0006976653A20696E76616C696420706362F4
:1062D000000000007463705F726563656976653AFB
:1062E0002077726F6E672073746174650000000020
:1062F000756E61636B656400756E73656E74000026
:10630000696E7365672E7020213D204E554C4C0000
:10631000696E73616E65206F666673657421000037
:106320007062756620746F6F2073686F72742100DD
:106330007463705F726563656976653A207365673B
:106340006D656E74206E6F74207472696D6D656416
:1063500020636F72726563746C7920746F2072634E
:10636000765F776E640A00007463705F72656365C0
:106370006976653A207365676D656E74206E6F741B
:10638000207472696D6D656420636F7272656374E9
:106390006C7920746F206F6F7365712071756575EE
:1063A000650A00007463705F726563656976653ABB
:1063B000207463706C656E203E207263765F776E2A
:1063C000640A00007463705F726563656976653A9C
:1063D000206F6F736571207463706C656E203E2052
:1063E0007263765F776E640A000000007463705F0A
:1063F00070726F636573733A20696E76616C69645D
:1064000020706362000000007463705F696E7075D5
:10641000743A207063622D3E737461746520213D6F
:1064200020434C4F534544007063622D3E736E64AD
:106430005F71756575656C656E203E2030000000EB
:106440006E6F207365676D656E7420746F20667261
:10645000656500007063622D3E6C697374656E65DE
:10646000722D3E61636365707420213D204E554C52
:106470004C0000007463705F696E7075743A206937
:106480006E76616C6964207062756600702D3E6E78
:1064900065787420213D204E554C4C00702D3E6C8B
:1064A000656E203D3D203000702D3E746F745F6C32
:1064B000656E203D3D20702D3E6E6578742D3E74D6
:1064C0006F745F6C656E00007463705F696E7075E9
:1064D000743A20616374697665207063622D3E733F
:1064E0007461746520213D20434C4F5345440000A6
:1064F0007463705F696E7075743A20616374697655
:1065000065207063622D3E737461746520213D20A7
:1065100054494D452D574149540000007463705F44
:10652000696E7075743A2061637469766520706372
:10653000622D3E737461746520213D204C49535493
:10654000454E00007463705F696E7075743A207018
:1065500063622D3E6E65787420213D207063622059
:10656000286265666F726520636163686529000053
:106570007463705F696E7075743A207063622D3E4B
:106580006E65787420213D207063622028616674F6
:106590006572206361636865290000007463705F41
:1065A000696E7075743A2054494D452D57414954D0
:1065B000207063622D3E7374617465203D3D2054EC
:1065C000494D452D57414954000000007063622D2C
:1065D0003E726566757365645F64617461203D3DFC
:1065E000204E554C4C0000002F686F6D652F746174
:1065F0006E646F2F32333534303835305F544D612F
:10660000686C6174695F323032355F536B726970E8
:10661000747369652F4669726D7761726555706430
:106620006174652F4D6964646C6577617265732F61
:1066300054686972645F50617274792F4C77495065
:106640002F7372632F636F72652F7463705F6F7542
:10665000742E63007463705F77726974655F63683A
:1066600065636B733A20696E76616C696420706350
:10667000620000007463705F77726974653A20701D
:1066800062756673206F6E207175657565203D3E7D
:10669000206174206C65617374206F6E6520717564
:1066A000657565206E6F6E2D656D707479000000E4
:1066B0007463705F77726974653A206E6F207062E0
:1066C000756673206F6E207175657565203D3E207F
:1066D000626F74682071756575657320656D70747F
:1066E000790000007463705F6F75747075745F7308
:1066F00065676D656E745F627573793A20696E7651
:10670000616C696420736567000000007463705FEA
:106710006F75747075745F66696C6C5F6F707469A7
:106720006F6E733A20696E76616C69642070627571
:10673000660000006F7074696F6E73206E6F742056
:1067400066696C6C656400007463705F7062756686
:106750005F707265616C6C6F633A20696E76616C14
:106760006964206F76657273697A65007463705F1F
:10677000706275665F707265616C6C6F633A2069F8
:106780006E76616C69642070636200006E6565649A
:1067900020756E636861696E65642070627566005D
:1067A0007463705F6372656174655F7365676D655F
:1067B0006E743A20696E76616C6964207063620061
:1067C0007463705F6372656174655F7365676D653F
:1067D0006E743A20696E76616C69642070627566C9
:1067E00000000000702D3E746F745F6C656E203E7B
:1067F0003D206F70746C656E000000006368656317
:106800006B2074686174206669727374207062759D
:10681000662063616E20686F6C64207374727563A8
:1068200074207463705F6864720000007463705F4A
:106830006F75747075745F616C6C6F635F686561B0
:106840006465723A20696E76616C69642070636277
:10685000000000007463705F6F75747075745F730F
:1068600065676D656E743A20696E76616C69642047
:10687000736567007463705F6F75747075745F73B0
:1068800065676D656E743A20696E76616C69642027
:10689000706362007463705F6F75747075745F739A
:1068A00065676D656E743A20696E76616C69642007
:1068B0006E657469660000007463705F6F75747054
:1068C00075745F636F6E74726F6C5F7365676D650F
:1068D0006E743A20696E76616C69642070627566C8
:1068E000000000007463705F77726974653A206914
:1068F0006E76616C69642070636200007463705F1F
:1069000077726974653A20617267203D3D204E556B
:106910004C4C202870726F6772616D6D65722076C5
:10692000696F6C6174657320415049290000000053
:106930006D73735F6C6F63616C20697320746F6F2C
:1069400020736D616C6C0000696E636F6E736973A8
:1069500074656E74206F76657273697A65207673DC
:106960002E20737061636500696E636F6E73697367
:1069700074656E74206F76657273697A65207673BC
:106980002E206C656E0000007463705F777269740E
:10699000653A20524F4D2070627566732063616EB8
:1069A0006E6F74206265206F76657273697A6564B4
:1069B00000000000756E73656E745F6F76657273AC
:1069C000697A65206D69736D6174636820287063EE
:1069D000622D3E756E73656E74206973204E554C42
:1069E0004C2900007463705F77726974653A2063A4
:1069F0006865636B207468617420666972737420C3
:106A0000706275662063616E20686F6C64207468C4
:106A10006520636F6D706C657465207365676C6568
:106A20006E0000006F76657273697A65203D3D20C7
:106A300030000000707265765F73656720213D202D
:106A40004E554C4C000000007463705F777269749F
:106A5000653A2063616E6E6F7420636F6E6361745C
:106A6000656E617465207768656E207063622D3E87
:106A7000756E73656E7420697320656D707479002E
:106A80007463705F77726974653A20657874656EB7
:106A900073696F6E206F66207265666572656E63DE
:106AA00065207265717569726573207265666572BD
:106AB000656E6365000000007463705F77726974CF
:106AC000653A2076616C6964207175657565206C26
:106AD000656E6774680000007463705F73706C6942
:106AE000745F756E73656E745F7365673A20696E67
:106AF00076616C69642070636200000043616E27F8
:106B0000742073706C6974207365676D656E742092
:106B1000696E746F206C656E6774682030000000C9
:106B200073706C6974203C3D206D7373000000002D
:106B3000757365672D3E6C656E203E203000000049
:106B40007463705F656E71756575655F666C6167AE
:106B5000733A206E656564206569746865722054B7
:106B600043505F53594E206F72205443505F464943
:106B70004E20696E20666C616773202870726F67A3
:106B800072616D6D65722076696F6C6174657320DA
:106B900041504929000000007463705F656E717593
:106BA0006575655F666C6167733A20696E76616CC6
:106BB00069642070636200007463705F656E717554
:106BC0006575655F666C6167733A20636865636BC2
:106BD00020746861742066697273742070627566CF
:106BE0002063616E20686F6C64206F70746C656EDA
:106BF000000000007365672D3E7463706864722046
:106C00006E6F7420616C69676E6564007463705F99
:106C1000656E71756575655F666C6167733A20694D
:106C20006E76616C6964207365676D656E74206C47
:106C3000656E6774680000007463705F656E7175DF
:106C40006575655F666C6167733A20696E76616C25
:106C50006964207175657565206C656E6774680080
:106C60007463705F73656E645F66696E3A20696E07
:106C700076616C6964207063620000007463705F09
:106C80007265786D69745F72746F5F707265706140
:106C900072653A20696E76616C6964207063620087
:106CA0007463705F7265786D69743A20696E76619D
:106CB0006C696420706362007463705F7265786DE4
:106CC00069745F666173743A20696E76616C696499
:106CD00020706362000000007463705F7273743A26
:106CE00020696E76616C6964206C6F63616C5F69AA
:106CF000700000007463705F7273743A20696E767E
:106D0000616C69642072656D6F74655F6970000005
:106D10007463705F73656E645F656D7074795F61D5
:106D2000636B3A20696E76616C69642070636200FF
:106D30007463705F6F75747075743A20696E7661F4
:106D40006C69642070636200646F6E2774206361F5
:106D50006C6C207463705F6F757470757420666FEF
:106D600072206C697374656E2D706362730000002D
:106D7000525354206E6F7420657870656374656437
:106D800020686572652100007463705F7265786DBC
:106D900069745F72746F5F636F6D6D69743A2069B7
:106DA0006E76616C69642070636200007463705F6A
:106DB0007265786D69745F72746F3A20696E76617E
:106DC0006C696420706362007463705F6B656570EA
:106DD000616C6976653A20696E76616C69642070D1
:106DE000636200007463705F7A65726F5F77696ECB
:106DF000646F775F70726F62653A20696E76616C5E
:106E000069642070636200002F686F6D652F746184
:106E10006E646F2F32333534303835305F544D6106
:106E2000686C6174695F323032355F536B726970C0
:106E3000747369652F4669726D7761726555706408
:106E40006174652F4D6964646C6577617265732F39
:106E500054686972645F50617274792F4C7749503D
:106E60002F7372632F636F72652F74696D656F7511
:106E700074732E63000000007379735F74696D652D
:106E80006F75743A2074696D656F757420213D20AB
:106E90004E554C4C2C20706F6F6C204D454D505F03
:106EA0005359535F54494D454F55542069732065DC
:106EB0006D7074790000000054696D656F75742001
:106EC00074696D6520746F6F206C6F6E672C206D18
:106ED0006178206973204C5749505F55494E5433AF
:106EE000325F4D41582F34206D736563730000008D
:106EF000696E76616C696420736C65657074696D28
:106F0000650000002F686F6D652F74616E646F2FD0
:106F100032333534303835305F544D61686C6174CC
:106F2000695F323032355F536B72697074736965B3
:106F30002F4669726D776172655570646174652F53
:106F40004D6964646C6577617265732F546869720A
:106F5000645F50617274792F4C7749502F7372635C
:106F60002F636F72652F7564702E63007564705F98
:106F7000696E7075745F6C6F63616C5F6D61746373
:106F8000683A20696E76616C696420706362000003
:106F90007564705F696E7075745F6C6F63616C5F50
:106FA0006D617463683A20696E76616C6964206E05
:106FB00065746966000000007564705F696E7075C5
:106FC000743A20696E76616C69642070627566003F
:106FD0007564705F696E7075743A20696E76616C65
:106FE0006964206E657469660000000070627566F1
:106FF0005F72656D6F76655F686561646572206656
:1070000061696C65640A00007564705F62696E6432
:107010003A20696E76616C696420706362000000DA
:107020007564705F73656E64746F5F69665F7372B9
:10703000633A20696E76616C696420706362000057
:107040007564705F73656E64746F5F69665F737299
:10705000633A20696E76616C6964207062756600BF
:107060007564705F73656E64746F5F69665F737279
:10707000633A20696E76616C6964206473745F6939
:10708000700000007564705F73656E64746F5F6993
:10709000665F7372633A20696E76616C696420730F
:1070A00072635F69700000007564705F73656E6481
:1070B000746F5F69665F7372633A20696E76616CA4
:1070C0006964206E6574696600000000636865632A
:1070D0006B207468617420666972737420706275C5
:1070E000662063616E20686F6C64207374727563D0
:1070F00074207564705F6864720000007564705F6E
:1071000073656E64746F5F69663A20696E76616C50
:1071100069642070636200007564705F73656E64FB
:10712000746F5F69663A20696E76616C696420707D
:10713000627566007564705F73656E64746F5F6915
:10714000663A20696E76616C6964206473745F6965
:10715000700000007564705F73656E64746F5F69C2
:10716000663A20696E76616C6964206E6574696642
:10717000000000007564705F636F6E6E6563743A43
:1071800020696E76616C69642070636200000000A3
:107190007564705F636F6E6E6563743A20696E76B6
:1071A000616C696420697061646472007564705F09
:1071B000726563763A20696E76616C6964207063EB
:1071C000620000007564705F72656D6F76653A20CD
:1071D000696E76616C696420706362002F686F6D00
:1071E000652F74616E646F2F32333534303835302B
:1071F0005F544D61686C6174695F323032355F5342
:107200006B726970747369652F4669726D7761720C
:10721000655570646174652F4D6964646C65776150
:107220007265732F54686972645F50617274792F4C
:107230004C7749502F7372632F6E657469662F65A2
:10724000746865726E65742E630000006E65746903
:10725000662D3E6877616464725F6C656E206D7543
:107260007374206265203620666F722065746865CD
:10727000726E65745F6F7574707574210000000024
:10728000696C742D6465677261646572000000004A
:1072900073656C656374696E67000000696E736581
:1072A0007274696E6700000072657472616374695C
:1072B0006E67000069646C6500000000696C742DE5
:1072C00074657374726967006E65743A20696E74D0
:1072D00065726661636520646964206E6F742073F3
:1072E00074617274000000002F66617669636F6ECE
:1072F0002E69636F000000002F6170692F73746145
:107300007475732E6A736F6E000000002F617069D0
:107310002F64656772616465722E6A736F6E000018
:107320002F6170692F64656772616465722F736580
:10733000742E6A736F6E00002F6170692F646F7313
:10734000696D657465722E6A736F6E002F61706966
:107350002F646F73696D657465722F706572696FE4
:10736000642E6A736F6E0000687474703A20726FD6
:10737000757465207461626C652066756C6C20287C
:10738000726169736520494C545F485454505F4D95
:1073900041585F524F55544553290000687474702A
:1073A0003A206C697374656E657220646964206E3E
:1073B0006F742073746172740000000073747265DE
:1073C000616D3A206C697374656E657220646964DE
:1073D000206E6F742073746172740000687474702E
:1073E0003A206C697374656E696E67206F6E2070E9
:1073F0006F7274203830000073747265616D3A20CA
:107400006C697374656E696E67206F6E20706F7241
:107410007420353030300000747275650000000053
:1074200066616C73650000007365636F6E64730062
:107430007B226F6B223A25732C22706572696F6410
:107440005F73223A256C752C226D696E223A256C89
:10745000752C226D6178223A256C757D0000000044
:107460007B2270726573656E74223A25732C2273C9
:107470006571223A256C752C22745F6D73223A2552
:107480006C752C22706572696F645F73223A256C8B
:10749000752C226368223A5B256C752C256C752C43
:1074A000256C752C256C752C256C752C256C755DE3
:1074B0007D0000006D61736B000000007B226F6B2C
:1074C000223A66616C73652C226572726F72223A81
:1074D000226578706563746564203F6D61736B3DF0
:1074E0003C302E2E3132373E227D00007B226F6BE6
:1074F000223A25732C226D61736B223A25757D002B
:107500007B2270726573656E74223A25732C227328
:107510007461747573223A25752C226465736972DF
:107520006564223A25752C2263757272656E742229
:107530003A25752C22776F7264223A25752C226DBC
:107540006F766573223A256C752C226661696C75BD
:10755000726573223A256C752C226D6F746F7222DE
:107560003A7B226D6F74696F6E223A222573222C4A
:1075700022746172676574223A25642C22636F6EEF
:107580006669726D6564223A25642C227374657095
:1075900073223A256C752C226D696C6C695F73746B
:1075A0006174696F6E73223A256C752C2273746551
:1075B00070735F7065725F73746174696F6E223A85
:1075C000256C752C22737465705F726174655F68D9
:1075D0007A223A256C752C2273746174696F6E730C
:1075E000223A25757D7D00006E65743A206C696EC7
:1075F0006B20646F776E00006E65743A206C696E64
:107600006B2075702C2072657175657374696E6777
:1076100020616E2061646472657373006E65743AF4
:10762000207265616479202D2D20687474703A2F62
:107630002F0000002F2020616E642073747265613A
:107640006D206F6E20706F72742035303030000006
:107650006E65743A2073746F70706564000000008A
:107660007B22626F617264223A222573222C226986
:1076700070223A222573222C22757074696D655F21
:1076800073223A256C752C226C696E6B223A257335
:107690002C22687474705F726571756573747322DF
:1076A0003A256C752C2273747265616D223A7B22C7
:1076B000706F7274223A25752C22636C69656E7442
:1076C00073223A25752C2273656E74223A256C75E7
:1076D0002C2264726F70706564223A256C757D2C63
:1076E0002264656772616465725F70726573656E4E
:1076F00074223A25732C22646F73696D6574657208
:107700005F70726573656E74223A25732C227369FB
:107710006D756C61746564223A25737D000000000C
:10772000494C545F54455354524947206F6E2000D2
:107730007269673A2053494D554C4154454420687D
:1077400061726477617265202D2D207265616469B4
:107750006E6773206172652073796E7468657469F1
:10776000630000007269673A206E6F20646567727B
:1077700061646572206861726477617265206F6E02
:10778000207468697320626F617264007269673A7D
:10779000206E6F2070756C736520636F756E7465F5
:1077A0007273206F6E207468697320626F617264F7
:1077B00000000000646567636D6400007B227479DB
:1077C0007065223A22646F73696D65746572222C4C
:1077D00022736571223A256C752C22745F6D7322B9
:1077E0003A256C752C22706572696F645F73223A5A
:1077F000256C752C226368223A5B256C752C256CF0
:10780000752C256C752C256C752C256C752C256CB0
:10781000755D7D00646F73696D657465720000004D
:10782000646F73696D000000A8400108000000004B
:107830000000000000000000000000000004000044
:107840001800000000000000000000000000000020
:107850000102030400000000000000000102030414
:107860000607080920060C009C0702209807022042
:1078700000040240010000000004024080000000FB
:10788000000402400040000078050000B60300003C
:10789000FC080000A4010000D606000078000000EB
:1078A00002000000030000000600000008000000C5
:1078B0000A0000000C0000001E000000B045010896
:1078C00001000000C045010801000000CC4501088E
:1078D00001000000D845010800000000E44501084F
:1078E00000000000B8450108F0450108D445010832
:1078F000F04501080C460108144601086C460108D1
:107900001446010874460108144601087846010827
:107910007C460108984601089C460108B8460108C3
:10792000BC460108DC460108E0460108FC460108A7
:107930000047010820470108D044010828470108F2
:10794000D04401082C470108304701085C47010872
:107950003047010860470108644701088047010873
:1079600084470108B4470108B8470108D447010813
:10797000B8470108D8470108DC470108047301082B
:107980000048010801031C00FFFFFFFF000000008A
:10799000547A0108487A01083C7A0108307A0108D3
:1079A000247A0108187A01080C7A0108007A010883
:1079B000F4790108E8790108DC790108D079010837
:1079C000C4790108FC050C00DC040320D804032062
:1079D00010001000B44C0320B04C03201000100025
:1079E000BC4D0320B84D032010000800C44E0320F6
:1079F000C04E0320100008004C4F0320484F0320C6
:107A000024000400D44F0320D04F032010000200B4
:107A10006C5003206850032018000F00945003207E
:107A20009050032020000500045203200052032040
:107A300010001800AC520320A85203201C000400C0
:107A400034540320305403209C000800AC5403201D
:107A5000A8540320200004009459032090590320C7
:107A60002C5A0320305A0320285A0320245A03207A
:107A700003060C18306078000102030405060707AE
:107A80000707070707000000FA000000B5D6000846
:107A9000E8030000D9AB0008E8030000A19C00083F
:107AA00060EA0000E1960008F4010000A5970008D4
:107AB0000000000000000000FFFFFFFFFFFF0000CC
:107AC00000000000000000000000000000000000B6
:107AD00000000000000000000000000000000000A6
:107AE0000000000000000000000000000000000096
:107AF0000000000000000000000000000000000086
:107B000000000000812301089D23010801230108D2
:107B1000485454502F312E3020323034204E6F20B4
:107B2000436F6E74656E740D0A43616368652D431F
:107B30006F6E74726F6C3A207075626C69632C2082
:107B40006D61782D6167653D38363430300D0A43FC
:107B50006F6E6E656374696F6E3A20636C6F7365E8
:107B60000D0A0D0A000000000000000000000000E7
:107B7000A1240108FD240108FD27010800000000E0
:107B80000000000061240108892401087929010806
:107B9000DDD500005245454E54206D616C6C6F631D
:107BA00020737563636565646564002F6275696C35
:107BB000642F676E752D746F6F6C732D666F722DE9
:107BC00073746D33325F31332E332E72656C312E08
:107BD00032303235303532332D303930302F737208
:107BE000632F6E65776C69622F6E65776C69622FA3
:107BF0006C6962632F7374646C69622F72616E6466
:107C00002E63002C2066756E6374696F6E3A2000D7
:107C1000617373657274696F6E202225732220660A
:107C200061696C65643A2066696C6520222573225F
:107C30002C206C696E65202564257325730A00234A
:107C40002D302B2000686C4C006566674546470068
:107C50003031323334353637383941424344454682
:107C60000030313233343536373839616263646518
:107C700066000020202020202020202028282828DE
:107C800028202020202020202020202020202020EC
:107C9000202020881010101010101010101010103C
:107CA000101010040404040404040404041010104C
:107CB00010101010414141414141010101010101F8
:107CC0000101010101010101010101010101101086
:107CD00010101010424242424242020202020202CC
:107CE0000202020202020202020202020202101058
:107CF0001010200000000000000000000000000044
:107D00000000000000000000000000000000000073
:107D10000000000000000000000000000000000063
:107D20000000000000000000000000000000000053
:107D30000000000000000000000000000000000043
:107D40000000000000000000000000000000000033
:107D50000000000000000000000000000000000023
:107D60000000000000000000000000000000000013
:047D7000000000000F
:087D7400CC84FE7F0100000039
:087D7C0025020008132501088F
:087D8400010200081B250108A3
:107D8C000024F4000100000010000000F53C000885
:107D9C00733B0008213D0008053D0008ED3C000840
:107DAC006745230101000000AAAAAAAA6E190000C7
:107DBC0000C000C08072010801000000983A000069
:107DCC00C0A801C8FFFFFF00C0A80101000000000F
:107DDC0003000000D87703205C00022000000000A4
:107DEC00D877032040780320A878032000000000F7
:107DFC000000000000000000000000000000000077
:107E0C000000000000000000000000000000000066
:107E1C000000000000000000000000000000000056
:087E2C0000000000000000004E
:020000040804EE
:10000000485454502F312E3020323030204F4B0D79
:100010000A5365727665723A20494C545F544553D1
:10002000545249470D0A436F6E74656E742D5479AE
:1000300070653A20746578742F68746D6C3B20632A
:100040006861727365743D7574662D380D0A436F6F
:100050006E74656E742D456E636F64696E673A20C9
:10006000677A69700D0A436F6E74656E742D4C6506
:100070006E6774683A2035343536370D0A4361634C
:1000800068652D436F6E74726F6C3A207075626C88
:1000900069632C206D61782D6167653D3630300DC8
:1000A0000A436F6E6E656374696F6E3A20636C6F9E
:1000B00073650D0A0D0A1F8B080000000000020383
:1000C000DCBD6B571BC9B228F8FDFC0A51E3E1AA5D
:1000D00036295902FC2A51D6B131B4DD0D181BEC7A
:1000E000B6CDE6720A2925952955A9EBC1C3A0F31F
:1000F000DB2722F25D12D8BDCF9EB5666E2F37CAC0
:10010000CA77464646466446446EAD0CB3417933E1
:10011000E38D49394D5EFEC716FE3492281D871EB9
:100120004FBD97FFD1686C4D7834C40004A7BC8CD8
:100130001A83499417BC0CBDAA1CB59E7B8DC7764B
:10014000621A4D79E85DC6FC6A96E5A5D718646920
:10015000C953C87C150FCB4938E497F180B7E883C1
:1001600035E2342EE32869158328E161D75455C65A
:1001700065C25FBEDB3B6E1CF3A26C7C8CC75B8FE1
:10018000459C482F06793C2B1BD8F1D09B66C32A8F
:10019000E1DECBE6A84A07659CA54DFF169A85725D
:1001A0006508A3ABA6D07E7B90F3A8E43B09C7AF5C
:1001B000A697C4E985E7B7739EECC545D98B47CDB3
:1001C0007275B56C17D50CBB5DD8E1A66C6006994D
:1001D000B368E8F97ECECB2A4F7BA32C6F8A769248
:1001E00046366AE8A6FEAA787E73C4133E28B3FC9E
:1001F000559234FF17B67602C5C35A55A7FF0B2A8E
:100200006B267E2FE5578DFDAA8CB0F7EFCF0B9EA6
:100210005F72880F5FDE9A36326C23F1A1A7599B7B
:10022000C61D86DE601227431C80E79B8C3166CC9E
:10023000DAD170C88707D990177EDC2EA3F1014E62
:100240000C94D97B77F087B7BA1AE3D8F1DBEDD1FC
:10025000EA6ADE8CFDB9DFCE442F9A6A54EC563739
:1002600016AC7458519D9739E7109CFB3D05F74635
:100270000A6391A0CFC2DB794F00AA91B463408298
:10028000711E9737ABABD07DFD155A293E4BA04B65
:10029000239EE73C3FCC927820F2BA51613D0F9605
:1002A0001AE45951BCCFE3719CE280AA82B760B6D0
:1002B00087D069C0ADC2EB676DEB33F4E274905444
:1002C00043EE050B25A3344B6FA659B558269BC6A4
:1002D000A517D4220B80682BA3D21ECBE61A0A38AE
:1002E000A3B7304F499BCF14AE60385CE9F414706B
:1002F0001052BD112F0713C8368131B1CC9FCFFDED
:10030000A605CC8B4193FBB712847C7595B7CFCEF5
:1003100078B14FD3B5BAFAFEFC3BE0577B966765E0
:1003200086E8D09E44C5FBABF430CF663C2F6FDA35
:10033000B0A2922667DE908FA22A0104E9F3B60CE0
:10034000077C7E19E58DAA086FF935A178703B9F6F
:10035000B3610253C68A5AEC479CC7C7FFF8C77FF0
:1003600034FED1F84F80384F0BDEF8C8A3418931F5
:100370003906B013C38A3ADD9EC669FB7B014998F2
:10038000BA9DCD6E003C93B2D11CF88DDD68C0CF14
:10039000B3EC8235DEA58376234A878DB82C1AD13B
:1003A00068142731ACCDA22D8B1D4FE2A2516455AC
:1003B0003EE0403E86BC019FB2E561A34A873C6FA8
:1003C0009413DED87F77ACA21BA3ACC2EA524CC018
:1003D0002AF6DE6DEF1C1CED34A06A2EA31B799665
:1003E000958D619CD3B2BCC145525A0D213663072D
:1003F0001E2368923C3CBA999E67491B97952746F5
:10040000C905EDF07CB63358928C208B12483D5BC9
:10041000963ACAA3B12CBDBD2CBD28F378509EC11D
:1004200062E490E5FBD206F20C879343FAC13DE902
:1004300097F190D20F97A51325BEC61EFC58DAC3BC
:100440002CBF8AF2E119E02264D95BDAC9AA9821AB
:10045000B821FD7859FA944F3348FBB82C2D897E8A
:10046000DC40DA9758A5C525CF23980983F0FB0E09
:10047000C2C3824CAB24B9BB43EC86C9E22BB00C9F
:1004800009E9BD3E26044D1E7E8961599C7C894F39
:10049000EFEEF889F79FFFA9EAF44E992A05CB5AA7
:1004A00035E0F57980257D42FF08103D86E5540151
:1004B000548681B575880EAC74E78CA740CA2BBEF4
:1004C0009B01827C9A0D0147ED7C3AFD239F25809C
:1004D000DB47E57D198E78B9983867832294AB386D
:1004E0002A8A789CB251818B4DC3639AC2022E59DD
:1004F000EADF22A2E2FCCE8A1062F0434E66588AFE
:100500004F98B4221C15E2A3A2AEE6617A771715C4
:10051000F3696A1189B8A0A5BB9D4D67598ADB3282
:10052000B4E76428645743DD556890A8D9E234C025
:100530002669E2349061465668E6FC729267578DF0
:100540009D3C472C501537DBEDB61F34CAE882C3FB
:10055000DA4F1BA22E5C8D052637606AE2E83C81EB
:10056000C4326B8891343298AD8606CBD5241E4CAC
:100570001A62961EAEA2EDF93D1B22EDDA7C3431F3
:1005800091218C75F73CBF069091997C0B26724A9D
:100590006AF55A88A2AAF6ACF258B71EC5B0402434
:1005A0001816A6A9D06ED764E4F1BF030B10E3CBF5
:1005B00038E4B1D51E321DC3A257C66DDA95F20AD2
:1005C000092364E90D8A661933BB3B3EE68A8BC377
:1005D0002AE73504823D0DEBFE2D0E5FE5797403AD
:1005E00099E897CD3472DFB745B1340E6F0715EC3B
:1005F000E56949EB72CEA6B0002EF80D3218301620
:10060000FC393B2B78A24244A991E530D099140AD9
:100610003AD88B9CD11E9611FEB1987E88B793185C
:1006200089F428A7FD0061B5128697593C6C748047
:10063000D188438AF259D9860ED82959E8796B14A2
:100640000B89FEAC103B6BC9727F7575655AD40679
:10065000D5C4E86672929F8625FCF109385518E5E5
:1006600063E2A28A76C2D3713969AD63B72AA071F9
:100670005D1FD810E4AC000C61DAE309EC6690D49D
:10068000DDAA7C62FEB07C2160DBAC7C3608818711
:10069000D8AA7A83B535BF38199C9A9A4F066BEB66
:1006A000A73DABB2620EF510DF20F77DEC63616011
:1006B00050856E0AAB7CEAB73576FAAE681C62BD2F
:1006C000DD3E7A24D67C90E4446203CE70C2329A36
:1006D000AF98117606093BCBAE529E0729A096989B
:1006E000E0B9618FDE0C044DB9B746626FA9DA92AA
:1006F000AAE53833B26A2E16806A0078220A58D5E5
:10070000E7B1B58B58BB80265A409E081B1032AA11
:10071000711874929B3ADED34E446B26BCF5422F7F
:10072000F0C28EC7E00702EB9EE26BBD47DE1AF611
:100730008DA87FF3F149189C3E1E334D2452D38B74
:1007400093F4742E769D6F71F8F89F8FD71E8F0DDE
:100750000A1F27363C7EDA65424FFCE8432F3DEC0A
:1007600001A26650B6CBEC08988874DCDC78EA9B72
:10077000A1ECE5628130581B624859A89AE80172E1
:1007800023C30C2CD5284EF9D0BBBBA308E0D21252
:100790001EA51EA232172B87F0380E57BA88B76AEB
:1007A0006FF6635CFE84B2C5558CBC6C06EC7F04AE
:1007B0000C42413DF102FA48ABE939B02501E53E72
:1007C0000776E0A247F17278812C6B664354025C95
:1007D00018956FEC0CA8E81CF139960C35F485C31C
:1007E000624F2082F130C75E7B7DAFEDAD01346397
:1007F000D6F1839CFD16038FDD6FA690C2E49604AC
:10080000E349433365DF62E63D5A7DECF96BDE6315
:10081000E4798071275041013D8B033D3183B9EF6D
:100820000789AE28C7EA718D8480D0094BD79A2BEF
:10083000094EC5DD5D8CD2158410A9F0B7EF7901A2
:10084000CE147DF8F7B4BEC67D243EB3AA0089005D
:100850008204E8380442688D2EC8D7000571649080
:100860005B51870A4842B5C52565E95540196EB305
:10087000909F54A73D413C72044A06CBBB17AF85FD
:1008800030C88C0659003ECC15B9294262BE14D737
:1008900054D85C1335C44349F8201336B802A8C3B2
:1008A000DB296C3E4DDF6F0F612FE8F95998B52FAA
:1008B000A3A4E2CCB4099D61F55635912364935805
:1008C00020B9853294480CED48CE416C23B0D3E773
:1008D000BC91020B0F4D00798A2042C8210DA278ED
:1008E0008D26C90041C35B6B9658EF89640B44F1B8
:1008F00053809F8C006C9B3460268AC6ADB726F768
:1009000028FC8426DBDFB3386D7AAC819332F78222
:10091000127EFC76E3DDA87193558D29AC8912D93E
:10092000122068288444209D2428E5E33A03A8295E
:10093000CACB40B4E2C8984448B581D416258F8606
:10094000C88C28DC35CB7396ABFD4BAC2B5A568A42
:1009500005A6F9CBC39353C0F48E2A4C0B3A471C1F
:10096000B5D13433F443CC53CA329600F4E73EB3E6
:1009700008DB3B226CD854FB0C99259001C3B0D501
:1009800055B40E62735EC086D0039EA289F80882B9
:1009900053DAB4499A53B2037CB75B11520C1DD39E
:1009A00065BAC230F5E7EC5FAD67DDADC7676E666F
:1009B000276FC7CA5BFAF3DA50BB1AB62A93DA027A
:1009C0007B02FF743C51EB01AF7328C779785BE67B
:1009D000515AC4381019F96810DE0AB648E47D137C
:1009E00017B308481A6C5003CEEC94D718BD9DA5D8
:1009F000A3781C1CE74ED27BB9635ACCCD25F28874
:100A00000E170DD98981469118D7823CA3E224FBA9
:100A10001A31BC715E012A168894D404E0DEFC63AE
:100A20007B5B7106B7D36816CC72060B7B271A4C1A
:100A3000029BD7475424A4B46415105066B3E4460F
:100A4000F0B49AE18009C5491DA00415D8ACB1C025
:100A5000258DB00BB5ADADC11496735666C4D638AE
:100A6000659796B136C7B97F7777720A2C5E9AB8C8
:100A70000561A25768EB77C50E317C35F236166BEF
:100A8000F0EB192C5A80192DE5018F2F61B5360A2C
:100A9000A03A893CDA6848595F2C696BE5F2F9BCE9
:100AA0000780D4DCEF3485CF5D29DB876703F83A14
:100AB00094627AF89DBE806336D981B7FED83E2213
:100AC000517F1F24FD701BB31C49A93ADCC3AFB38F
:100AD000B3A39DED8F3BC767EF0E8E773E1EBCDA4A
:100AE0003B3A7BF3FEECE0FDF1D9A7A39DB3F71FE2
:100AF000CFBEBEFF74F6E7BBBDBDB3D73B67BBEF50
:100B00003EEEBC091F6139E8757859406090405B42
:100B1000F29C33ACCFAC45649680C92E2AE5B4E391
:100B200009C046CE78635A1565E39C6BC22BA1C4FD
:100B300000DD4AA29033106401AEC094AC79083550
:100B400041BF409C405958706E3ED0326259581691
:100B50000AC62E0E151767B3EA2472D6B9F44C7084
:100B6000E9C8D96BCE7209CB9E582CBBE026917197
:100B70002211C46185C5EEB924858E760B12142C22
:100B80008EBF58CEF16374333F2990E32F6CF6B9D2
:100B9000D27DEA57901260B2E0028B7B040249A238
:100BA000960B04857F5B4941A0F07B6AF7170241F1
:100BB000410241B54420B02AABE6BFC07227C472DF
:100BC0006792DDCE15A31D13E28B43F46D29752EBC
:100BD00059B7402F75E587037626E7E8337205207D
:100BE0002A38DFEB180158087BE336D1900E3B948E
:100BF0004758445719B453C050E4D7999C20519793
:100C0000881A27D97994E0C9B6A4C4BCADAAB03A71
:100C100072801D117D0E38E6511587DC0C4AAD98A7
:100C200049A1A376233A290C1769DBA4689FC7E979
:100C3000B049BDE09A3A94E2601ED69AA9F7231F04
:100C4000850B874BEEA68299E5E99B939B2FCA48BB
:100C50003F064C301F81A04471F119B921D5F91C10
:100C6000E90B9EB43D58C94780C72CBAC1F3FEE0DA
:100C700056EE8D41ABCBE4CE87303AC39B99E0DD95
:100C8000801AC163BDDA7950BDCAE381920607407C
:100C9000EC80530B4ABD10C4695D495541637979B5
:100CA000ACF7CF25A03DCEDB667FED395F78585598
:100CB000E637B7BC09F24D9CC2A2BCB97533884671
:100CC0002A60B8F0FCE74CD344E0C7B621FB793486
:100CD000B8583A10D8E81539B1F35296B92C7F3F7D
:100CE000D2D70A8B8C902E4BBEE1E7D598B0D64672
:100CF000049D48B719C35AFA7D953BD94D133BA3C0
:100D000011EC68BF323491D31ED8BBE1227ED60AE3
:100D1000BD1B3675EEE90C8F5861CB7C1BA5C384D7
:100D20002FEC30CB2BA8959299559DB0F9E558C77B
:100D3000AF0FA356C41ECF5E043B51F9EB55D9F952
:100D4000ED7AF6EFC3FA5A79CC6797FBC8810903AD
:100D5000DAF24B8091995D782C27020B254766FECD
:100D6000EB47B6F79411879EA6D44D3AD8B92E79A1
:100D70000E4BE90828DD2F4EE64231B7F7CB56F788
:100D80003D3599AC02BF2E795E6039AFFBBCBDD159
:100D9000EE7ABDA268CBBBA8F0233113BBA1899228
:100DA0007769BB83F062D0DCF57F7249D5FA5E5C6F
:100DB000B772D866E229FF3FEFC2EAD320DC65AF05
:100DC000060FDE5AFDF9937BA9D7839F9ED87E1E1E
:100DD000849F06FF028BDA5E1074D8DBC1DF3DEA28
:100DE000BDF9F9516FBA70709BFEEC44F7BE83E019
:100DF0009E392BF65F0F9C43DFB7839F1DFA3E7C25
:100E0000F05AD60F5ECBE507AFE5D283D757835FA5
:100E10003878FD3C3007AFC3C448287F0E7AF0090C
:100E20004B21BC2964A8C0606516DA30A195360A4A
:100E30004D1C1BD72E857738C2FEAA167B543C78F2
:100E4000575C80408C77D7F9FF59CBAF69935D8DA4
:100E5000AC65F38CED094C3D0ECFD4D9DC9938DF6D
:100E6000DBF37B3C4074E875B68E7B22D787F0B805
:100E7000D57DF9F265977D0BCF4E3E9C220E75B65F
:100E800092E637A8C6C788708F9D9D1C9F86DFD8C5
:100E900071F841880574968A32A9A58071A669AD5A
:100EA0006A15CF57040F7676D239B5D514CE48CA15
:100EB000B2F3A9E3115A4DD8ADBD100B311CC32CB0
:100EC0009B3509B58F61BDC0D830213C96231143B5
:100ED000E860E765756C9487DF7040BD0F5BA35CCD
:100EE0008E72A70CD7FFD1FCB0D6F581DFDC4BA00A
:100EF000F29DF214A48070A75CEBB2610E1167A59D
:100F000018FBCBA4B997B063187CB9F56D7515BF04
:100F1000873994F1FB4D02077C50E6F0987D08CFAD
:100F20004A3F10D150862AA5E89DD21C363AD51CDE
:100F30004B98D62AA981559DB8199825EEB41680EC
:100F4000FBEF00C1AE5B7B26ACA4010453A77F1C62
:100F50009CB5E321A4C7C3B9B94505B201509B466E
:100F6000E9C039E75F4C6DA7D99573182B8FF0ADA9
:100F70002C3D6E385ECCBDB8EB66580B6CB174DCA2
:100F80007B2B4EF2DFC00A6255188BA49FD721330A
:100F9000B6AAB994604F4ED900FF5C865D361354F3
:100FA00078126EB09B70A5CBAEF0CF35FEF9A12EB6
:100FB0001B0A5E1EC3D60BAC9673236FA2854837FF
:100FC00054F907098FF26525EC045126B2DA783717
:100FD0009DF22152872DAFA2DA7504E5EDC99C6917
:100FE00074198F515300B3ADAEEACFB62452713AA3
:100FF000B6368565C9207ABD4B67557908E2D8DFDA
:10100000CE2DA5C725192DFD9F29AE4FB5B6F642A9
:10101000BC8AE8EDC98BA01EADDC3DDA9648AA512A
:1010200027C7984961FC9E14B700565BE119A531AA
:101030000B4FC33DA4EF714E4A67988995CD82ED61
:10104000F9D622E889662D023396448326177BC899
:1010500056AE50272D6D16BEEC9B0FB30FA27CD25F
:10106000BC1055DD2EE9FFEAEA8FA43966560F5B06
:1010700067763317629D093C82FD909A1B36BFFB51
:10108000EC3B9E0E2396897BE7E370423221C269D6
:101090000A841551118F4766BAA1E64A73561BE8B8
:1010A000CB3DFFEEEE0C76F2318892BE26C0330DBA
:1010B000CE9E59A91FDCD567F228949FC17616678A
:1010C000A8C1B6C72FB9A09ADFC20F0B8D6E01CD94
:1010D0000478BA0BADA9AF5CBE39486E35F32D98D4
:1010E000E1ECD231530E7F190E535CDCE434524AEA
:1010F00043DAA2C64CE75A407DE5DD9C22BC3401B0
:101100003BA53B033BA53505003E2CD655846F948B
:101110006B395BAFF0635AE182081CE0AC6C8B1456
:101120009C17B61F3E61871030488C10561A35CD7B
:10113000FAD85B875BFBD655E507CC0BE3D856E3C3
:10114000A09E9F2D80AC77189EC9CD098688B3BF1D
:10115000176E37916F34E7027BFD63A82D685A5DE7
:1011600094F48F7A4DDD3FE6D63C47CE3C1F3BB230
:101170007AD4FC8042935A57B2C43E2F8A68CCB7C7
:1011800027519AF2040989E8F02027CD0A37995DA2
:101190000FC2414E4A62EB3D19E8B6B3742A72851C
:1011A0001F3873DBBC1E409EA294B534ED01B81904
:1011B0007F40E758C7562D81A5078B743B3C6307DA
:1011C000777708810E43605890FE21F7B1EFE10F69
:1011D0005B69F66C6186FC39436433B1EF407A3F5A
:1011E00094F80E936DA72842AB93BB76F25E76A57A
:1011F0001336ED8403DCC6129DB661A789B3742053
:101200008B02C7AC944F20FFBF4EB2C10524EAB297
:10121000EB768E01EE8DC9E2B10F80E6CC5DC47332
:10122000A7580622625AF19D6B3EA8EA52ECD5DD22
:10123000DD0D80D41038DF294BBA3EC06B4FF94723
:10124000471E87263B2FCFEEEEBAEB4FB6CEFA28DD
:10125000B666096F7371F4EE16528A510D98FC1838
:101260000F4C801BC533F7F28AF3B4D1212E18AA94
:10127000610D2C066387350A251B39F2C38D09F0F1
:10128000CEC4EC4629666A8C66C5C24591E707FB69
:101290006107BAB11F9593F628C9A00F5DBEF1F89A
:1012A000CC0F9E3883197325B01DDAF46D096B30AD
:1012B000A997DB8DF3A254904715E425858868D95A
:1012C000E552E7740D4026D50226521BA02B94014F
:1012D000D6C5CF462008C086542850AAAD7BE1640D
:1012E000AEF68549B847D441F1C3D6B121D0B1B9E2
:1012F000D3FA2CC2C3B16573EE64CBF95F152FCA64
:10130000C328B62F57EA99AAF4CFB89C68B434839F
:10131000C23527877576CFB0E86753FC3C09DCC13E
:101320009D851BD6E0CEECC1ED3D343825792D5995
:101330000C6C0F7861B9FF2DD059D95549EF8E6DDE
:101340004EF558D2E87EF3383C066936896E40483F
:10135000B0724AA50FE0B8B78EFB1FD68E830F7E02
:1013600000820B33E3161B256C16462504C0F02DB6
:101370005C7F626B890010BE85DDCEB38D679BDD1F
:10138000E7EB1B76CA26A6F0CD1A067C0B9FF00D64
:10139000B5837D0B8FD7BEB1B3F0361E06976B6B4E
:1013A0004CADFB608F39BB7670C6F436181C3377B2
:1013B000E70EBE31CD3405ADEE9C1DBFFC0042886A
:1013C000C5491D03EB3480A131C4EA506DB067B448
:1013D0006F0FF06CE0BADF34DC4B708DF483B6DF56
:1013E000E3D607DF47D1C5AAEC1BF16150D922B57E
:1013F000F1D9993BB193AC4A865F639E0CC331B778
:1014000053AEF268B694F689653351428A85C3F7C4
:101410002D9B7B2E7F1D6C43D5F5236046AECC39CA
:10142000C251417BF4874168227F764637CCA6FFC4
:10143000E79DCDFD81677317B0C50FCC167D44873E
:101440000592B72F436F5296B32278FC98C0F0BD37
:101450006867F9F8F1301B148F6993680D39763D90
:101460006FA3714E3F4E49C1156D6AD6384BC36E9E
:101470002FDDAA5F27F6D2B535BF5C0BBD554829D5
:101480004E4E316B8A757CFAF84E5F4737CD556109
:10149000AA0F9ABCFD388D47310047DEF162071A6A
:1014A000FF175DE9F61A9731EC4A0D6FAD5CF370EA
:1014B0000722508C00D91B928F41555D547EC1F894
:1014C000344B5B5355D9905F36787A19E7C8F2C030
:1014D0008E8685A920D55FD00446C3211D064749C5
:1014E00063C293192437AEA23C855DAE687B44F895
:1014F000AE0B62AD8E78C9FE4C1D5DE947E2ECFE95
:10150000B61247F50C7FD7BCED680663E21E9ECE8F
:10151000EBAC320B81FFCFF4849F8625E321F0CA28
:101520005BA5821E07E85D176842D32C2183B8B4FF
:10153000FD8B872B8A165E81FC965DBD049E4FEB6A
:10154000A78BA8B6B2977928CDBD72C49C3ECBB20A
:101550009F9EBE7E1D848FFFF749F0AAF5ED2C6A91
:10156000FDF867D5E96C775AF8F3E629FD7D4E1F43
:10157000BBF4B14B1FEBBBBBF077E31965DB78F62F
:1015800086FEEEC247771753D6A18616FDBCC1BFB3
:10159000946DBDFB1C53B63BF4B1BB031F1B9D4EAA
:1015A000173EDE3CC332BB2F2865F7CD367EBCD953
:1015B000A58FDDDD37A7FF5FEDD83F5BED4EEB0577
:1015C00036FDFA1936D3116D3EA5663676A999CD4A
:1015D000CEE93F1E3D66BFC778ACF957EC60D61721
:1015E000DB2A21CBC449F05F31E37E7FA513A888B5
:1015F000DF454437F83A6803F5C1EBBFFE5F31229F
:101600001764825411622B5D0B117F1B28D54C127D
:101610007B522D99A5CAC04B9DC7AD746B7B7129B8
:10162000F52CB5C422342D0B3ADFF70259AA23F466
:101630002C953AA78C6EE4D84FD55A7F256D4783F9
:10164000019F95C56B91AF40CB0ADE2E3360D979EF
:10165000BE0D3534FD7681C4B1D9614F7CD4A50C63
:10166000BD6154462DA999EA21396A79BEDE82B559
:10167000058519EB3777AC65DDBA43AE170B24BE91
:101680001E04E4CF0D202C48F91228025E92B1D836
:1016900050CD978A4B50B7F3D02694974C853AD6C5
:1016A0002A0EA28366E98BE8A7F568E0D95F9673F6
:1016B0003D1E3D9C11375AB52C63B154CEAF01325B
:1016C000C426D7618CF0B3217E3685727E5496791C
:1016D0007C5E959CACF2F22591C50C76B830112950
:1016E000A87803128FA20461CAB42D007E5325D2BC
:1016F00024803047DA031411DA57FE00A2BF1766C0
:10170000CA44609A5DF29DE9ACBC118A96612C6C6A
:1017100003F044BFE7295D91C6304AC73CCFAA22F7
:10172000B9016AFB0E44D8FCEDF1FE5EC356C2500F
:101730001FDB133EB8201534950BA58D1C76846DE8
:1017400061FCB903741DB9923F0535D7C96F6F8627
:1017500082CBD209E54DC2BD76314BE2B2E9353CD0
:10176000BF2D55D49C43F692E36AC28D80A60157E3
:1017700015838D10254408E112F37B27279E988C52
:101780006D61ACEA31F9DD92D6ABDE293BF1064959
:101790005414083D48A630C5E22EBB9BE51E196FC8
:1017A000C89872B6F357155F421C865B9C3E4E4F3D
:1017B00097F64FEA529E744E7BD0D55277B5645D52
:1017C000EAEA49F7B4DE5B6FE0420ADA01D08CC77F
:1017D000325CCC78921098E183546CBDD35F01CD1C
:1017E0003AB5E72EE585A6A3AACC3E72BC7BC5A67A
:1017F000B8BCD9FDC8052F537CC4B1E620382238C7
:10180000065521BB84138806A2AF92D924FA3BBDAA
:10181000A9B5EF01F5CCAE7621EE087645C0BCA89F
:10182000B849070DECD42E3647A143102FC8923883
:10183000CF9242A11DFE02F7368CA94B4315388C7E
:1018400007B8E7BF4B6540C57F04CC2F39D6843C31
:10185000313220D3838CB46750EC9EC4C321340E44
:10186000E2F00C1817616409019D0E0B2D6DCCA0E0
:1018700070F12E4DE29423C33A7C8FDA84B9840F41
:10188000040886C3463180DCF0C3A36902580E8C7D
:10189000299F1E61DCDFC5EC8D5F99BE81587D30CC
:1018A0002553004A3CA3D9995625451564850CC19A
:1018B000D35F6CAFB3B892BC81E2A23C606252616C
:1018C000B8FC2BD56D2E5D9880EA490175E5D915D8
:1018D000FE14409F08C36183FAA55A9F2EAF15AA34
:1018E0003BC23AA02A14E47EADAE273F073099836D
:1018F000C6E1E3937FB682D3E609F037A7BE6DBD9C
:1019000091D9E626B8B4A1B64FB399AA6D4E642713
:101910002D5B134EB20BE0D39838E0D639A41326D2
:101920004579741E0F5A88900D15D92A26F1A86C96
:1019300000E455C14112CF5AB3A89C88508EF809D3
:101940009004E1002DA8F3599610255D16D702C129
:10195000053E0B9926ED48E597502743E20BC21749
:10196000887476CF788A0BA785EB659C9350040525
:101970009356065B1308CEE2833A82C748C31655D6
:1019800028C33A0F2CDAD6289AC6890CE37C9B50E0
:101990002B1A7E47A552110162136CE7EAE32691E8
:1019A00019A5B8233EAE0438C6C9CD6CD242670330
:1019B0003208B23C40558C77021F3F203308128B0F
:1019C0008997A838344019037341072E5BD7322C0E
:1019D0006CB9E1339E822C638126E12500B0857BC2
:1019E000327D62172020473C8DF20B4885DC2A3877
:1019F0008D7590B0B1017B6E4EF32A8EF5106F5449
:101A00000C6CCB838B14E9C40C4F95A01328930264
:101A10002A67056F751BB38CE6B205C40504B5864D
:101A2000EE134D3100A5984433BBAB4599CD64BF4F
:101A300028A826022D722E382AFD56E389E9861B36
:101A40006DFA02F1D9056F0D23A89FAC18AC886C14
:101A500034820D54C5E020004FED4FB4A250DF5347
:101A6000B4C94D62F85131568FF0935C41345065E2
:101A7000AE15A583090A95184691573007E2DB8C0D
:101A8000908476179826CA8CA04A6314785BE7F195
:101A900030D61F39B235F85516AD194275DAB86C23
:101AA00045B8859D73C00AF898400E6CE5B2150FD5
:101AB0007936CEA3D984E2A7B0F438FC21D4B92476
:101AC000B1BFC54969AC811845787423821A8DEC81
:101AD000AF9BC615CCAC46A1AB3C260C4283EFC6EF
:101AE000F53401AEFB1ABD4434AEE582FFE95EA1D8
:101AF0002C3694395112B32CF697731CF53D979AF6
:101B00000A40BCAF706F935FF9007657F5650561C9
:101B1000C2AF64905C70A8F0CD2F6C687FAB93C4AB
:101B20005A058F1F5F5D5DB5AF36E80CA4FBE2C5BB
:101B30008BC7D49E67137B005880540AA83D06D1FA
:101B40005D890C12DBEC9DFEBFD2992FFB7BD8A1E7
:101B5000E78F53C59F3B9D02C68D0EF09097347E54
:101B6000257E6D23EAFE7C232A799B00F136E7234C
:101B700055D0D3319EA842CEEC84627E064F1247E8
:101B8000A1E3453EC0CCA24C24E449E27DA7AFC40A
:101B9000C7FF7408D050C7B7FD84C4B191066983EC
:101BA0000DCBFA6907085F7D9A19716FDF4C94BC01
:101BB0009A908883BA15417E77B7D25CD7C7362012
:101BC000AD95C074A3449AA132850CBFC77318D8D1
:101BD00098319C52BC081F907D2308A6D89184544C
:101BE000BB9AA9902B19D49C4811B5FF0572883473
:101BF00019C1A514F54AC96B901E90E9BC15C348DC
:101C0000F9CC0F92BAF0D6E7278923B9010C4367C4
:101C10006C282DA288EE79411A80A89CB89221CB1D
:101C2000EB31848BECE1FE359350D40EF912218F09
:101C3000E2CFE6EA2A965BE9A091227699E57D77E4
:101C4000280747CD9CD4EE168708E3F3C5D9585A28
:101C5000867FFC2B8A816CFAB0A78DD7E5439E3630
:101C60003E970F6B3456F14F3D6DC4D9C39E362E4F
:101C70008A873D6DEC140F7ADA28E29F7ADAA8B2EF
:101C8000873D6D140FA59F25E4FC8745F1FDEE38D7
:101C900092F27E771C67CBBA8FFB3BC96290E1FC66
:101CA000017F1D37E9DFF5D7714EFE3ACEFF257F64
:101CB0001D9F6BCE323E26A627DF9509D8C7446B01
:101CC00051FA7887611B39F9F34144A7456A2748DF
:101CD00051F56170D106849836FDF694521FFF339A
:101CE0006D36FED18CCA86DFF71FFB3DA8B11434D8
:101CF000E3EECEF3E451D07FFDC77FAD7D4CD684BB
:101D00001F9DFD048F958C797BA25D66ACF0BBBBFB
:101D10007D65CEE9793DCC29D456D290FA0498C499
:101D2000D15AE208FB719CC32AEEDD132F07451739
:101D300033787EE6D3219A6D55E78C94495809C3D0
:101D40006E4353CDE1324AF0D90C24B05B58D4C174
:101D5000BD15CDB582CA473E4259D2BE049451C684
:101D60007D049486FE2D4403A9383955E01F48FDB3
:101D7000DD70305FCCC821231ED693DE0A4DA0381B
:101D80005EB50A63412EF5712D071556912573AE88
:101D9000CAE188740C8070B0BA9A6BB5BB81C00779
:101DA00018A1345F37573449281325C30308E0B31B
:101DB0002CCC17236320B3D2A4ABCBAA30D31FBD46
:101DC000EE5618E3756858ADAE262731EE41191A64
:101DD00069FB55AB45DAC6568E5EDC6A3188C76949
:101DE000B6F2529F63F8E8DEDDA17559D71F66A8E9
:101DF000912273B3CECB0AC8BA9D5FE8EA21BE62D6
:101E0000B4667DBC0620386EDDB0D163D0B2706C94
:101E10000FE3020F3A7063595D2DDAD25D56D1F4AB
:101E2000B6B47FAC97B4751661612AB4139953891F
:101E30000F346C7E350182DA3403F4C5ADED7CAE2F
:101E4000EF116919B1FBD03F952B0F8FA6FB4EF513
:101E5000683A8C0C19EC5E7E9F080184CC49EDEF4A
:101E6000747CAF5D0C94D1589E13EB23602C230E31
:101E700090C52170F7A995E2ED11A194291B76CAAE
:101E800091A6D132F5C5B254E19D4DE4E83877FD15
:101E90005DDD031E22D110BB33B0648CCB0ABB4B7B
:101EA00032B48520E4E45B5A4F07D3DD1379808B8D
:101EB000014C94295370D7EA5CFB4C594290FD6564
:101EC00048A226E0EE6E4951B592B449BB9A093951
:101ED0000B9F75DF948EBA2706F55A271C8AED5E94
:101EE00044C7998E569BB448A8629560EC6B559296
:101EF0002EA3A74C24140B09345B737708CA41C185
:101F00007D6E2A768A40E1A60B166F5BF1016B9E0F
:101F1000B639944D5F58859471E203A59555A3EAAF
:101F2000781C186106D141AFDED0E903837A607E68
:101F30006B359772BAD02F464817385EDFDBD5066F
:101F4000884DBAEBF5811D34719E46B62836F729C7
:101F5000B5F112B3AFF40BFB658018261616B485E5
:101F60006652B2F7808FE46A40DA206227DA647042
:101F700068AB1D6061D8E62401BFD5CAD8A4B0A55E
:101F800091F8AF812DD891E3A4254B7D5DDD0179DA
:101F9000DB20C4A8D957CBB559FEFAB4753BA6D0FF
:101FA000DF9FB6EE73D58F377C42771F7C58437B1B
:101FB0007BCD976AADF3F09E050733586BBEF9AB46
:101FC000F3299A7B76CFEAD3A4A97689E62E4645F3
:101FD0000EBD8F59A64A2AE2E91D2310EA141566A0
:101FE00055DDB53DB7EFE5AAB86FAFDBC0B396EFEF
:101FF000FABAAAF2BD664C65BDEBF71083F5AE5E8A
:10200000D874EE5E23DF753AA029B74B07645D4FA5
:10201000F488723ABBD9A7833D5534B0297BF79930
:102020004BE13735A53724A55C4650EF59A13582E1
:102030005A2E12D472F9BA1897D6AEA76899BC3343
:10204000D6D7C18E739E45B73DC62D904649D76FF2
:102050008F8E7D6097D92E1616A8D9C8DB29CC3271
:10206000B108649F6F9F1CA007971835E681CD14B7
:10207000FE5CE89EE33CBBF6C445AA9747C318C480
:102080001BD3D4B9450BA8D9BEBE1B09E4A519C8FA
:10209000BE92311EF3D23A6C78C38543597474638F
:1020A0003B43B3D8E5D207B91BDD2D9D08FB9495C2
:1020B0002507169A934C855981FAC2D642C7459E88
:1020C0004E29DC14751C4245D0B80D3328E2BE9C65
:1020D000A7C78314F4B93A8AC7558EE7F568413724
:1020E00076797AED8755B0CD9318752F1DBE3F4692
:1020F00006198617B3CC64623109000FB4CB5324A0
:102100008ED46ADA361F50E816BA204CF517FB91C8
:1021100053E3B554DD03482CB3192E3654EEB58B7A
:10212000C33641F34869E8DA8E2C4678C24BDEC0EC
:1021300079413D34E3192E4774A815410259AB8407
:10214000D0C642A3EF857227C28DD281768F6317E6
:102150002534288D9E8210EC08B7847DB640999E68
:1021600071E1DACC2566029609D4EC7B806A48F0EE
:102170004611C82F5EC0850725726A459A16691FE9
:10218000B61A052DF48A048C5D60AB22BCCE351FD7
:1021900087F45F62965235223318F51148C9580BFF
:1021A000DBA47A64F37DD606CCD1A5487CA9B4948F
:1021B00070D339CF8637723FD69928CEF466206C1B
:1021C000A16F152CE430150C3EA32710C01B5773CC
:1021D00040F68B391E1E64DCA5FD216B0BD23E4000
:1021E00090741C0117C9AAB92D5D49CB1AE7D68492
:1021F000F2CAED92DD8AE4553C2F70E361E274DFB0
:10220000A5B735FD6DB2CAC67A6908F4B61433A70E
:10221000738B8EA7E4ACC8EE6978EB7635C8998CE1
:10222000909E2D98BCE84EA829E3EAD9903F1D293D
:102230006860BFD6D5C0E98A35390785804469060C
:10224000C74AE5D08CCE64CD6D72E9EA2A8DE4BC34
:10225000CA2A24AE9B61FB0431A2EF424147881495
:10226000A1D104EED3016A0729FDA5003DAC0DC440
:102270002AD557E1F349A4D1E169A0D3E8BB9EACCC
:10228000ED31A895A23A471FCD7777F485CA09C0EA
:1022900082DD2E1E85CA9D40C9BBF3B24EC655864F
:1022A000FE8C862CCF4CD1C15E3DA38D302810DB37
:1022B0000508327606F2EE26A1ABF4BCEA88A47DCE
:1022C000CBF15A42B8B252CF6BCD4D5959EE7DEE9B
:1022D0001D0FE2CDC323500733661E579AF98A813A
:1022E000EDEA2A7D09D862756A7694E59B89A1D9C1
:1022F00057BEAF4BDA3797AF57B1DA52B1A7CBE938
:1023000025222D26BAC4E5E32CD8728E1EFC903D02
:1023100062292106814B789DF7ACDC06720F538A47
:10232000855A520BB2624611B2E89748A3F2DD1DFE
:1023300012DD36995ABF91B415ADDFB8BC2690A70F
:10234000F04EBF7F0282C0CD6EA37CBD9A549EB971
:102350001FA4AECB55CB656CEA28DB21A795CD3009
:10236000A510AB1FD51BF5C156A7976CA54AF11553
:102370003DC69527E8D8323D494E51659172A690E9
:102380002B352E0651B9380917D109FD619EA4A736
:102390007A0BC3B0D24081111166DB7161E2B38464
:1023A0004EE044BC1CE9914AC65B233AD6137D80BB
:1023B000B1C3B2428B7EB1F38BBE73BBEF345CE82A
:1023C000B926313075F45D983A99682F59DA9E260E
:1023D0000B2BEA385BE4944A46B8C18618E3CF8DEC
:1023E000211D6DD056970DFE48CF20625DDEA352B1
:1023F000B7C459F251F345D7F7EB7BA6B3132EDBE5
:102400002A95F25EF0135CB337C7B4B63952234451
:10241000C243E3874B6CE4D2B96159DB42596A7B12
:10242000EC5A3E9A759F0CC70FD0F31FE5EB6A94E8
:10243000AB67DD80AC6998A2A53A4C33FCAF814C08
:10244000EB1B7DFCDCB7A10A60108A58737058D86A
:10245000237477AC452ADD4B2D4FA1741F86F441C0
:1024600092236B0722BF128B9C84E5F441ADE325D8
:102470008B1880C0F24562AF57786E4D505E3902BE
:102480001408D552A9B22728E6FDD30CF458923689
:102490000B550D61B5AC010BFB88547970BD1C2B3D
:1024A000096FC93DF27AA7D3798C59844488CA113F
:1024B0000FE4A64B73B437A33FFB7B5E5D62BCEFBA
:1024C000A21A35316D697292398E78B85EA3B8E779
:1024D0003F58491F0689B7B4CB33EAE100AC300757
:1024E000D01B1E8FD3F7F2FAEAE1AAE5730A9739F7
:1024F000DB2B96F9E051E6A247AF6633211752B0C5
:10250000CDAFF9E0535A4423BE9781C8B52B4BF6A3
:102510008DDB43E5B5F7C1FCCD45F98AEBA2B0D41C
:10252000A17BCD0567EE62AFA37BE34F1FDFAD3C20
:102530000C94BB3B4FABF642A8C17D443419110A41
:10254000A709E2A6240F2F41C4BAEFCD95617C09FB
:102550002BF832B70A7B5BD0C04BF4C64268F97ED9
:10256000D4F48D1F637FCDDB7A4CE94074A0D8880A
:10257000CC0A910EF5B8FDE12B2E8F3E9B769A701A
:10258000E3D22B6BD971C5A44391DD4E4371D76C57
:10259000A3AF2DE7F78A7E380D236914F7E7B0095A
:1025A000453216D5F7F15CE358DEE4FBB7E25BB2E7
:1025B0002F6A83993B8B3914FE468FD3F0364AE35A
:1025C00029E93DBDA3CB510808EF78B07145053A24
:1025D000AEFC8891F8794EAA62EF5057ED7D55A276
:1025E00038EF461EA1CE7E2DEE4FD4B61271D7BB6A
:1025F00009BFB682BFC1DE3493DFEFF3215ECBE8C3
:10260000A841965453D311F1596070242B19891A9B
:10261000AE54F850DAAFAAEFA3498E9A29F2EB80B4
:102620008F233BF53D76900E2EF278F80AD0468542
:102630003F8A1A6570271D5A5FA8EF697FA2A69D81
:10264000FADEA61EBA5F56691161572063541DA8B1
:102650006BF8272962E117AA966D27D174A63EDE92
:10266000EA24A9CD464135882C9F4D22019E323A5D
:102670003F8A7FD038AFE2617645913F8429218639
:10268000B26C4ACDC549F2DED4443A94D6371E889E
:10269000389FA839F746E9E6B951423BCFC4ED6B04
:1026A000053C13B75097428B39E3A3F0C4FB939FCB
:1026B0005FC4A8333F4515DDFDEC07FC7DEF9DF6BB
:1026C0006C6FC9C7E972952F3E5A8C1632E71A9E75
:1026D0007A44F9ABB2D9F15D2D59480119439C3EBA
:1026E00036BB3E3B4E5125EB188DB3E68EE2D071E2
:1026F00051734D56D6ED482CF7E5F2A0D043F13E8C
:102700003539562C3EBE14CE878FD33A2F8BAC3C36
:10271000B5DF47CFDDA52F95048272CD9B5D5BD7DA
:102720008B1F2577813C36A9AC6ACE3A15BEA3969D
:102730008964A916B552A085800A40F7BC56CBC360
:10274000534FC0AF1046097C1670C4C0C0F7E8658F
:10275000224088888E4281291914C52E7DFA4A5755
:10276000C7540C243F40563A4C848786721402FBAF
:1027700008E4B74225749AE0DB482E2F54A0A3DF6B
:102780005C2E69FCE100185A25138A8DA763FAC1F3
:1027900093580CC0CC8F792A5701AD667CF40B7F1F
:1027A00067511E112A6BD75DACC46332C27C6AC20A
:1027B0009EC7CBCC26ADF87704B026565A319A2B5B
:1027C0006A627FC238D718C8EEC633C605BBF9B3F4
:1027D00092822D77DBABD5F6B423AB92B8737F8DA5
:1027E000EA541C55D2BCB333E20CE8A1897B4AD42D
:1027F000FBFD14387EBA781468A4B843DDB08CAD04
:10280000B94BD7A581C3B6F8A49BCCDAE90D8611E4
:1028100082B5B40F6C5D775C988B85DA05AD17A532
:10282000692635A7AF91D9A14847915CC6494DEFBC
:10283000C1C2770BF50BEB71551E2FC49143A372E8
:10284000211A391519398D0B74D3DC22AD6E6DE662
:10285000D6AD1B9E7504F28F857338837503475779
:102860001FD9E9281F733ADA843EEA834E61ADC965
:10287000F02620CF8149CAC867CFA7427132F42A17
:10288000C2BDA9780661EFFFB0445197212DD11147
:1028900082E415AFA4DBBA52E81BB234ADF534A91B
:1028A000F4A16E85E7BBF60B3C5799FDDC4E0D118C
:1028B000D69F23C62A7181DEC3C1767B2549503756
:1028C000092C377685F7B23A497A4866A58341FBE9
:1028D000241394693FC57FC26D19F703E828ACD370
:1028E00000FACDAD073D0AE1B7A5949A55C0E5A021
:1028F0009898A6C42081C4264749838276C47B0267
:102900000B06B7902C8C6DAD77380A97DF6FDA62C3
:10291000CB3B7A41071B7CEF6A603D2AACF3B0F7F2
:10292000C69D3E692CF6DE27CA6B8CBA5651D9B5C6
:102930002A0AD5C7603CFA1020D5268700476C9834
:10294000E1A0EDAE7E4E6D31D306BD10A617752CFD
:10295000C40E0053921289C997E549C31CEF9BB876
:102960007A2343D97D025308CCDD855C16F24B599E
:102970003BABC83759759E7037A31557CFBE9FA183
:1029800083D9EC2A5D8C599A751F38EEC598A559E4
:102990003FCDEADF4BB3EDA0A58317002856727D2B
:1029A000E4E2930A83445248A1D747BCF3AA2C33EC
:1029B000DCE2B9B929941FE22C467D21938D3B9E20
:1029C000E7E39DCA4ADE93DEDD34CDE0E80E08572A
:1029D0005A5D012635D7740F2DB88D2E208FCA6809
:1029E0004E6D52C2CCA34C3E99F217277D44224B28
:1029F00064B9BEFC526D9C320F9DA8036BECD115DF
:102A00009A7DFD859575F0424E9A9347C3E10E5A23
:102A100085E06535876DA5E9A1E5B1C7A09271AAEA
:102A200073498BCFFB33CA1B1DEAAA753034722D54
:102A30005C59C50AE9DF481E3B5A8F86A1A021AE2A
:102A40000DB54B01B6E1F784029F701F91B2815220
:102A5000C6BB94D6B2592A8078E90B7AFD31C56598
:102A6000F759DEEBBDCDC9F997A494F928BC95F9C7
:102A70001DB7FF58A68365D01FB6219F4B3BEFD6ED
:102A80009F8E64CFF291E3D6421B762DAD03F5F114
:102A900046CB3D62B08F82E27C4C159C3EE73DA761
:102AA0004DE1BEA9C6AFBC780E48F3166F2671C4BF
:102AB0001D1CB1E3716DB7B40E80189016F22EDABA
:102AC0008E12B2D32CB92F255C79D8EE97A10E9334
:102AD000608E32E730A3C220EA26D1B858DDECBCC4
:102AE000784EBCA4CA894B439712AA7ADC9F1BAFCD
:102AF000E6D1987632F9DE85E95AA15F131159BA09
:102B00001BE6A80AB58F41F219D2C154CFB2F9968B
:102B1000DBA71E00E3D6496ABD205E9BACB88411DA
:102B2000178DD29E59AEFD90A9DD93604707F3350E
:102B3000A03F7F6E5FF95623FB8C4D774CDEEF0A8A
:102B40007B75AA8AA9312CAB4F7B81C70685CA3316
:102B50006C924A1A08E94EB1D73337FC12DC88511F
:102B6000AA56E1C94678784CDC8E64A175209BD3C7
:102B70003BA8581CCF11653CEC153DE5BD6A2EB451
:102B80002BE911526270A174264242A915EBA7CF1E
:102B90005E267C0952FD0AC400C00435BE647CEE8A
:102BA000C6973D7CE9A788CFD133D77C1964917A49
:102BB000CA0E42F772856569080B39CCAC0323F95C
:102BC000A814AB74772AD19D4A9CDDE3BB4F4C150A
:102BD000D363AAA84F221140011954621556BA6353
:102BE000387BB1186DA506BFBCFA0C6BB9AFFA0CF7
:102BF000DBBFB7FAFAE85F205340C3D7B38710A80A
:102C0000E77BD151508285B382A7440F20546A9844
:102C100009E5D517BBDFE7416970F853E1F0B684E9
:102C2000D27A65F55F15C4BD39ABE4557DF53E41FB
:102C30004658049F1A854DC1AD71093F6E1C508ADC
:102C4000F542B5C8873BDC65DA23995842CB5EA7CD
:102C500058F0CF22BC78C043158B2B27DD75E6C614
:102C60008A915BDAB84162919B643BEC627F3849A0
:102C700029F0F80337F73D3ECFD82876B22DB8BA01
:102C800063AFDDE12CF34EC73EE44E1ED7EF1D1BB4
:102C9000B93DB1DCE5B1CF6EE5B60B3E364BC46E47
:102CA000F699D72488E148CEEE67AEF998CFBC8D6F
:102CB000A789D3695CEEC6E73C47B53D47FB0837BB
:102CC000EC65999AB3847126AF999AC687BBD84EA2
:102CD000BAEBCF51B0C41FADAD8973FC8E87E464ED
:102CE0006E90FCD858EF9B603019B1D948A425D913
:102CF000984D6578EF60DD7AD87164E3F3CB972F58
:102D0000F1652772650C156C745BCD1966783C1DF6
:102D1000DD75FCBB0EB57793874F37D9380F37BBBE
:102D20002F36373A9B9647C4D4BEE1586D71ED8477
:102D30004C36D055EEC7E4F77ACD77C8664D67F1CB
:102D4000795DB1B1FB54AA44EA2A36641D4F95124D
:102D5000E0FA73A91CF8E4A974EFD6557A829D7540
:102D60009969BDB32973C11E2DB33DEFBE50F99EC5
:102D70006E3C971937D69F3D95399F3E79B221B366
:102D80007637BA9D6732F3FAD3F5EEA67224B7BE52
:102D9000B9FEFCB96A6CF3F993674F557B2F9E75AA
:102DA0009FE83EF35504DDFA66470E5FC051766337
:102DB000E3F9F3A71D55C9D367CF9EAD77652D1BEA
:102DC0001B4F9E6C6E6EC8869F3EEB7620EBA6A9CD
:102DD000B4BBD1E9AC6F40BD4A0F7373BD0BC535B1
:102DE0003475849C85A7CF37379E6C3ED1C0D511F2
:102DF000523975E3E9F3679D175AFBD34428255DE3
:102E0000E92D4E77C1C4D48E0A1CE7D97FE4AE0801
:102E10003713CE7AF7A294174A8AD31EB23B527E5A
:102E2000EBD07B46C21E6BC88794999E369A41515F
:102E3000F51D87E9AA1AC4939EB4E1E88896AA30E2
:102E40005EFDEFA45791B7E83C0454ADFCA099ADEA
:102E50008631CB564861A649B119DADA099517A827
:102E6000EDBF13169B12B11FD4F32A91D2EAB024FE
:102E7000D21D712198AFAEAE34CB55F98661BEDA62
:102E8000CAA1DBE56AAB64C9CB3013D681DDA7E804
:102E90002E5F21854F9D36F41D5B58DDC436EFA0B3
:102EA00047DDA7C81EF1361ADAE34B5A72E8D4A2FE
:102EB000AF36119528448472155896CE56D903CE54
:102EC0000096F43B94EF019CDDAD2DE06BEE423CAF
:102ED000C8C43C001DAD38684E104762B26AF604A3
:102EE000AE3B45E3FB670DBD0ACA35AC96AE5AB0A2
:102EF000FFBF5BA6E5DA13BEF16F5CA2AD6E7D612C
:102F0000D6D6616DD92D5F65ADFA395CCB7600758B
:102F100033325ED7F41989BB6AF2DAAAC185E57A41
:102F200062942BCB5E979DAD4CF222B1C4A10C5F95
:102F3000A8041C8A5911A2D1534FBC12D86FAE34C9
:102F4000ABD5D4BFBBAB56E57B0DF169086854E146
:102F5000D157506C8574B0275A945DB80B2B9FC124
:102F600052FCEFCAF64D9DD54E11EDFEACB6345C69
:102F70009E10FBD501360D28A00656DF825BC75494
:102F8000FAB668AAC3B31B6DCD71936F6D855DB63C
:102F9000D2BCC9F51A843ED23E07CC9D751496B8B2
:102FA000FE044F4E19AAEC6C745FA6C213A03AC07F
:102FB000D3328A252CE91728DD91DCA11729188046
:102FC0009E76828E3B65F4DAA23565211A1DE1AC4E
:102FD000E1698398B0D2AC6C61676F29A98FEEA7C5
:102FE000B7ABFF0DFCA313835EFA7EDA3C73E76F89
:102FF000950A4DAB5238008AEC58974E615C5927C0
:103000005092C4DBE3D1EC700D31010F532DDB89FD
:1030100011A76821087898F4CA93E4145F72C59FD9
:10302000163A8012BF2920566621D63076E1E1F6A5
:1030300010E6A3B7948CF654C3B969988868DE4B40
:1030400056CB3B7E929FAE126A43E00E35EAB05DEE
:10305000793FF41EB0C4F8DF764488D5B0C55977FF
:103060008BF737E17F6EB6AF3E9014430A3603E12B
:103070004BFB8F82CD62F6B5605F0AF65BC176329C
:103080007A0680DE2E1D4875AD91FC1DCADFB7A9FA
:10309000F0931DCDD807138C097BAF46A187B6846A
:1030A0001C3D0E352854CD1A65560D26421410616C
:1030B00074B94201E16525AAAE0778B2D9189E27F6
:1030C0002220BDA7C832F28BEA9461A8151D6D615C
:1030D00045F82BEA19E6D9AC810F9949FF22986A85
:1030E0007D8A4C17FC862A825F72668601A88D8EC7
:1030F00022C9650939FC8772B39BC60002B3A828B0
:103100007943746B30213F24D28008AFE71AA4556D
:10311000D9909A96965B0D333D55B56CC7134EB951
:10312000E2545F9BC05756E12D8A00B3FDE0B21810
:1031300069A9CD3DF03BE1111EE38E167313D4D186
:103140004D8DBA7CA16FAC7AB8985982D3CAAE6261
:10315000B0C0DBB42DD4F4D16457C4BF1BFA76F9E8
:103160007156EAB9B24F8693AC5848F8B0B4366B92
:10317000215DA5F6D1DD121375547F21DD765CD774
:10318000682BDB8765757B8E121B1FBE4F83920DEC
:10319000B329258AB705191180A31B98C1E92ECA46
:1031A0003C41CEAC1A828C899B24D4E6004993E73B
:1031B00045006B7CCE6C1D41BCC8297D2B6A16A3D3
:1031C0007D1B03B9BC29298CD5C01D3A05D43754C1
:1031D000A65E96AC18ED6175B397F8F21D5CFD7EA6
:1031E00034D46AC07134B29F00AFDD2468F4512F2B
:1031F000749521806F0014521761CA91A4853FCA4B
:103200007D30E51E2DCD6DE18FCC3DA4DCC3A5B98D
:103210001D045227607A76D5BEF5960C629A198302
:103220007ADE92910C6CF7D2F2D0546A6A5D8256C3
:10323000EA28CBAE1E0890A9F7C383F52E7106F9D4
:10324000CDB2713A289B6AD2DC531149D577CBA60F
:1032500048D0174AE278910E82E87811CF50C5899C
:103260006341BAAE3A1F6F6B0485CDEA376854BF2D
:103270003C613FAFFB158BCD7DA367A45E2DC023C2
:103280005C544E5A384C724F5CDB7161AC13DD56A6
:103290005373126CD7A290F35D3ACA84B716D5F671
:1032A000DC29ED9C3E7DD4662B268B7B8284577A6D
:1032B0009AA3595C092838A8EB4305DD33BCD9B47F
:1032C000972E5B5C590CFDC2308702F8CE1DDDAD38
:1032D0005030D7A9920BC00D2AB58DC3A4DB51BCC9
:1032E000531C67B05C53D94532E5C363102ADDCC6B
:1032F0007D262FA2E5A31D4A7105E841BA400F982B
:103300000331063028DBE40BAEA9CEE3572CAEB177
:10331000D09AFF044E9C5D4519ADF57F3D02B41077
:103320003BF2C034072506E4D7466E143E6CD076D7
:10333000E28812472A71E8240E2971A81261292A0D
:103340009D9F0238E60FCEA74588E41DA93DC650D3
:10335000B2DD2E9E00037177D7C43EA3CEC9FDE730
:1033600084CD074ED4AE47BE7DC8FF47FD81AE4435
:103370006F0CD02F7CC6754E4F6E5DE54A33F91643
:10338000E2AF72C216F3DEAEF0B7AD33117B2DB9EA
:103390002FC89BE283BBF6E0C8E8AB3638DCAA3224
:1033A00084BE86E891A0B8CE141C09BAEA40FE4853
:1033B000504F07E0A5036F64EF48593F2EED1EE61E
:1033C000612CF4897EDEB99E7C984C57403745319C
:1033D000AD9AD4292EB2FBDF884E2D26ADAEC6069F
:1033E000770942D042D9BEE73974F6951EAC315206
:1033F000D6A8EE22EA3D3ADC48EDD7619DAF501BDE
:10340000B0BD0799696A3C4C996B7DBC47708AD8FE
:10341000DCF7CEFFA4C1CD7FA141AB04D2C1AFBACE
:10342000DDB34C2738B7437F906719D889BE00B108
:10343000012117177F6ECCA0609BD79B95EFA36BE4
:10344000926C8617CBD138125B83CE294BB2124FC8
:103450006F5ADDADAB91662550D5841020710FFAFF
:1034600033245709F527D3E8F84781C27666779861
:10347000657AF66BDDC50475C39500200C23B3A4F3
:10348000AB8254EA1AC485ADBC26FE92D78EBAAD83
:10349000E61190321D04D1418CD497D3A66C2E43F3
:1034A000FC65F779F2F85C4108AF4671434ECD8672
:1034B000CC71432EAD6AF40D09B7A8BBDC48E41EFD
:1034C000FEF7F6DA85FBD6F2E15DD66E972E1DE9A2
:1034D0006655AC4A5917C04238FFB31CA22CD3F62C
:1034E000170292D2EEB2344606C08073ADF5A5C580
:1034F000151D33BB51C14A696E29294C0919521651
:10350000B3640E90A7AC2FE1AF557D67335B925942
:1035100026D7E0A750F850E14BF4D22BBFA4586651
:10352000BE4838339FD5CC1667ACAC52C854D20BCA
:103530004A6B3A5C6918A08DBE2BE038A0B3244CCE
:103540003746578C532DC43F1541E6743A8CEE70C4
:10355000A5313EE764BB2E3E8460283E2C39D88ED0
:1035600031603532B18CB844ED66B75DE743E8CCE5
:10357000007A38B15A8AD5D3EDCAC08BD1A60B5682
:1035800064354317CA32FE9CA371C579522939317B
:103590001A0178AC6F91C19E602B119F8C102E2068
:1035A0009C8E1276C8F0242A264EE22C9BD13272D1
:1035B00086EA7CC8C1387741849A0ECEBA7233BF8E
:1035C0008ECB45315A7FD7E5E6A951963272F45237
:1035D000315B228C55C096A4EF11B60BF4DD6990D7
:1035E000613CD66A99840A56655713AEB1869AB67D
:1035F000074611F650644B761E19257339F7639E02
:103600007C05C453EA6A03E03CE5C1FC28AEDDB5A5
:10361000BD2E6A976B1F7271B03C1AD52FD53E171D
:103620008B373DB57B9CEED3F9628C78A9521E375F
:103630004DC41BC16CBFBE7DFC25D517F7B59AC321
:103640007E4E3C3F6C2AE124469333F5A4293E3A52
:103650002CED69C9C36DBF5076DE10B0CC3958A6C9
:10366000BD80F58CB6232A94A1CB4CD807E1877492
:103670001E7BE2E03A6D897BF61C98CB9C7C640152
:10368000B7D6CA45D60C02BD1C33EBEE41EDE24184
:10369000063CA1CBFBDD56AE4CFB2DADCCDC566A17
:1036A00001CAB78DCA88D2E00AF5F0F19BCC79FA4D
:1036B000F27E5F44895B566108D5DDA02D0576401A
:1036C000349D2A29A9DB51716C637D0B7D0E50EC72
:1036D000469FDBE7D947B979F7CF8A8E2A136D4920
:1036E000D067BCC69BD71F563823CF84F4CE817CCD
:1036F000FBE04C085BEF8012A95712C82A5EBEA5FA
:1037000060C96FEAE90351208CC597DC8F8F45A40F
:10371000C008C9E2570D69E45453DBAF84792F3FE9
:10372000A94EA90EF80DD33EDEB605E46C4D1FAED2
:1037300063FDB8B3CB279E4902E5C3B09999679F53
:10374000659CF416B09810645269461A1782F0E628
:10375000F78FF220AA98ACDEE2978E807D9A410323
:103760003271AE0D476D7F7FB73351B7EC96EBF2F8
:103770000F6AACF7C0B82AAC03B487268D69DBADFD
:10378000AF5F8F406309E5E5C41ACA4AE855E945C9
:103790008A1B24D5628F127D9ADD07BCA3DC178EAD
:1037A00041AC7107B5D7ABEEED6AAD5C3F5DE43877
:1037B0004D67C5C6FABA3A3F4F167A6BA7A1ADEF6F
:1037C0000393411D9EE18BF68503EC3983EC221AAD
:1037D0008F0E8F7274B148946A9286B734DCC30935
:1037E0009A6674D839B5534048B44B7E563A0C9F0C
:1037F000B007F6713A0B96581BF2B64EBEBBC347E4
:103800007EE5DBBF6C01C33AD091E3BC2A283C675C
:10381000977108CB70029C7A9C8764733C49D9ED00
:1038200065CCAF02343706E633816C3E3B1B61BE8C
:103830001818EB4709DB4DD875CAA6892810E7ECA4
:1038400056ECCE5FA08C087DC5DE27E87EFD8B0E92
:10385000611C808B7F91BF94A7CC933FF80D96435A
:10386000915104A34406D0CA448460B5EE67437CFA
:10387000544A98BC06373113CAC004300C20C072B9
:1038800080160C4C2CEFE57072B268B7A17DDE1E7D
:10389000E5D9542AF393699FB10DE8A39722190E35
:1038A0009C8C41ADBE39C33D774AC35E6CDDD38984
:1038B0008200F3B6C94D1EBCAE116FF10FD7BE3EEC
:1038C0000C1BD16F3E229D0301E9D675AA82301DE3
:1038D0003AFEAB89FFEA079000653A305921C78963
:1038E000F34DFFBE3ED4BFAFF5FE7D85AA500579EE
:1038F0005021164C139F6D8FC4E44F13768BAF028B
:103900001DA3B43BE23921CB774296ED91CF0E4611
:103910000647DCC9C17C9F12CC7700F90E4706F937
:10392000B429249DC27718149B01CF4E6FF201E693
:1039300000BB3ED4B381B5FCA0D60EA1963DAB161C
:103940007C2FE13C8BF221AC8668D9609D0C6AC06B
:103950006E29A94BED4422188EA9C53D68F1A3D567
:103960002282813A3422287D84E4FD5178BB530CB5
:10397000020FFE4433EEB123B4BD3D8FF2C06B782D
:103980006C8F8FCAC07B95E7D915063DF669263F37
:103990003FCD3CF6916C0DC537853D864AF93286A0
:1039A00034F6D91B9E04DE1B3AFBF3D89F3124BEAC
:1039B0003FF2D83E886A81F248871F1E7B359B15EF
:1039C000B5A823621E034FFCEE65F8CACC7EF6E371
:1039D0003007460F490E2E3CEF531A0F01CEF49AD2
:1039E0009B37676F603CCF03EF7534B8909ED05F14
:1039F00004DE7174EEB1EE3A548F6F74437003C6F7
:103A00004BAC23EB3E85FA716143F099681F1A8332
:103A10000FA8E45582B150FE90042DB6DE09F0E502
:103A2000B642F464FD9901DAC63A816B6303F38E02
:103A3000D1AC806D6C8AB000C3C6136C710801688C
:103A4000EF6D860FFB6C3C7320BBF1DC82ECC60B88
:103A500017AC9B1D07A89B501B3018B0F943F8A961
:103A6000816F17C7B8DBC500F464771D03D08DDD07
:103A70000D0C4099DD4D0C4081DD2718800EEC3E89
:103A8000C50034BDFB0C03D0ECEE730415B4B7FBDA
:103A900002035DACB08321AA1AEB5EC7BABB58F92A
:103AA00026547E504D053CBAD82B7BAAD6D7217917
:103AB0001F08244CCB7B98160067E009CAE931093E
:103AC000E8C093F415710290D3930415261F27259F
:103AD000F014D1F52C2DFA77965AF4C2C6AA0F2B02
:103AE000EA04B9BF18D5A43BAEF03DDAF8F9FD956C
:103AF00015E4821D1F5637B1315E7F37A2CDF0919C
:103B0000452F807975D62DDD1A40A4EADC3E548C11
:103B1000DFE8561A7FD5C58B8BB40B2EF30C6DD511
:103B2000C704C80A13E3CC24532BF1371026E94409
:103B3000F1B725A38C676581530789FDA4446BE227
:103B400040F0EFBF91FDC352E846DAE9167AAB6563
:103B5000F8380590B4241B08C6E6D7F7C39CCF7885
:103B600054CAB2C41E2CDB2115737F0FC7B00006E8
:103B700082017205B2D73F2D77DFD0F5B8B1B2AB75
:103B8000493C98FCBD2EFCED4680EAEE12517E04C5
:103B900054F793B537E9CBBE804CB1CB09FC8AA76B
:103BA00036702FC136AB9CB82B3C3A48D18BC6A19E
:103BB000151927C4BFE02F722BE5157275504E54AE
:103BC0008AB67EC44F01CD9C46F90D11FF2111FF2D
:103BD0004FD08D57162E8B939A821AC2EDEF587FD5
:103BE0008B438BA1895832DB4BB162C98443F37F8D
:103BF00012145E41F3AFADADC97E78E01776D4CF35
:103C000054C96BA8E4ADBDCDF3A48C96F235224522
:103C1000EDA1329F3873786325B578DB8A43D4A051
:103C2000AC5FEFADF2AB53E557BBCAAF4BAA7432F2
:103C30002C49D72D7E23DE1602FB027B7CF68146C3
:103C4000FC1646FCC7283C79017B18EC40B0F19C7F
:103C5000B2711CFEC55757BD6D73B245A410EB97EA
:103C600026A3FBF25280F2293718FB52CE56DFC052
:103C7000D9413EED24C3CE26CE03BE8E4443E84157
:103C8000B5D6C2EAEACA7ECACE0BCAD05C19C777DB
:103C900077FBC0253EDFC2BFDDEECB701FF8F759C2
:103CA00015E22E39AD1CAB481E2D551F9147A2724F
:103CB00021FE616E024AB5A850ED536A089AD355A9
:103CC0004DFE6526C8B3BEFEA2B7ECD0B57ED06A65
:103CD0008E72B5E7C4071E8E2CA39AB69D1045D8E8
:103CE000A2836604B9C5C01113A6ED0DDE960E3091
:103CF000BE2CD51E5D38C954A38C94D75A6B6C1A50
:103D00000244D5D086635DBE73808087C554C922C6
:103D1000D629AAE5DA17BB479BCCAC5A5D9D56D293
:103D20005EA87EAC5573E0F7DB48DB75BF2D7D4B9D
:103D3000ADA5DEF3BB3BC00D901EC49CE3AE86A7D1
:103D40005C78F63589437522463061D22EA46EF731
:103D50002D0FC06D9BC81A00C83F5CD99624090D71
:103D6000F505C1C290A458E4744E6640ED1491412B
:103D70001BDE473920ED9608A94B570D568C14567B
:103D8000FC046095B06C235659E60BBDBD6742CF6D
:103D90000BEC8DD831914FB8C8E41B15625E96CFFD
:103DA00002BD570EFC1519BFA35B033CD556BF28B7
:103DB0007463D8531F2DAADD133E155076465F0954
:103DC000C08C91F315E17F42B84D280A7C180AC3D4
:103DD000F43815B95000EE7940194B9E889F6B72EC
:103DE000BFA05AA9728ABEE21CFD2B582CDBC4F678
:103DF0001685D2A3F2B06B875D4FBB3DCB0DB3BC34
:103E0000570116ED1BB22CB8C64E83D231A3B52C88
:103E1000442373EDB65FE04D5B19FE96E3CB375953
:103E2000BA2D0EE07D669434C4EB3AFCAA711937C2
:103E30004D0EA6EE21E41D1F5E2172A1C524CE42C7
:103E4000829425D26CB508CAB9F47DF746AA097CDC
:103E5000AD1BCEFF4E3CEB0CBB661F864E1203978C
:103E6000AFA5B458FA8EF7797A15594EC5CD2A9375
:103E7000AE37C56034FF4897D991B1ECA58A5F256C
:103E8000F6D79F09D0A55480D3A2FD6452F8A7D4D9
:103E900006BAACC2075D25F52E2BF7C51D5D23F3D1
:103EA000A4F12040185A92B410B2CB0CB651CFFCFA
:103EB0005512FE296F095F91A13C74FD15AAA4ADAE
:103EC0002CDD83EEEE5E6C2DDF9C2C7E1D8F71DF72
:103ED000E019C59B9408B25276811E2A0E43CD6B21
:103EE00012F9384D6F94EE8331D28D342FEF3C644C
:103EF0001BAA23F6D55598B6AFCA590AEA85F6002B
:103F0000E74AA88D7146BE1C7CF6A868FE3EC21723
:103F1000432C3FD023ADD02C7C79897BC47E137B8E
:103F2000CDDEA0F214A20D84F015A59F745DBA0C2D
:103F3000D37BD6EA2AD66239971D9A5714C2856B6D
:103F40003469832EF658F3419BA1422731466BC357
:103F50001BD6B08F2E4FADDCB66A4F5ACBEC18C2D1
:103F6000D7F0B656341FD67DA9094D9C15F288D3DB
:103F70007D4C02D0637C02998BBB6594A804EE7FD4
:103F8000E20AE5A4153B391031CFF6E8D8201F5AD4
:103F90007BAE71A7F5899E4F769F785E7C36480C84
:103FA000C375EF63A796615D5F4C1C02DB5E8AC838
:103FB000CD9F1D2195BD245122EB5467E7915A678F
:103FC00079D8E9E5C62F66AEB47C92303DC9850349
:103FD00070F5F477C91200D20A8EE9243965A8EC8D
:103FE000AD47D65DA2B435AE94B27E8FC8B2E39A27
:103FF000CC7530B6489BAE1C7F8D54550F6F97D44F
:10400000DD454EDAE03442D709199903F1B5D4BE43
:10401000A652D75A9C6C1FF297A1E2296EB12C5080
:104020005EE94BAA6CF139B492CF7920FA6DDA804F
:10403000CA8E848927EACD3911CAD3C21CE38D0BFD
:1040400014F81427AD73EABFE3AB318B5C9C04A476
:10405000EB1362E253EB7A0F3BB6DE48C3B799DC51
:10406000485187D5A01F785279A2D0877BF25B3C5C
:10407000DC864C02E4569E5C0F25C300BB60F3DE79
:1040800044F4F6DE7D8A9EB89D838C386A1A3B0C18
:104090001E4AB1A00C5FE7B0D1968D18EFCDD301C9
:1040A000E1791BBD00BDDBCD81E449B2DF13CF2731
:1040B000C99B0CE59C47BE0CFDA738815427046DB5
:1040C0007CAECF78ED917697A9F46591FAC8623A03
:1040D00025856A8B50BFA1FE704DDC8DA5BF85671D
:1040E000F1BFCE48288FFDDA7FBF11D8E9650C5BA0
:1040F0008217AC8E13053C8FF30DCC8EF3AD582692
:104100007269ECF02698ABF69036A5A387757BE331
:10411000199AB1E1843172EB87149E0F712AC8108D
:104120004993F28F4844B52AEFEA2AFE735DFFAE49
:10413000AE02CED5E23470E5DC32E9F834D75A4F1E
:10414000006119578A77A472BC5FCDDBC0A7925C6F
:10415000A09C2A37C90BB2D95AC8451D2272EAA7BA
:104160006D371676362B6A271D0ABBDA698C9437B1
:104170001537D58ADA6955271E92FAB1D37BE3C386
:10418000D1B7BC547F8EF995E51D69CCA5E75C6875
:104190004B3840B3639AF2E9E47029C5C94CCFD4D7
:1041A000D85169490CDFDCC56481950D01830AE3B0
:1041B000687B03750D01EC2F7361BC4866FA19B971
:1041C000130E814202E15237EBF495FB3DD44624B5
:1041D0004C24269B1C198A67B4785BBC3A7B2084EC
:1041E000D88490DB44BF270A480982186212E18A0A
:1041F0002C10EB0214ABF3C732BF4FAB41317884C4
:104200004C4DF41D0B4934674DD12253F523FB2B44
:104210007D9627096547C10D46DA47A71FC3A1A8A8
:1042200081B2093034450F986ED00FC48B013B4BDF
:10423000D29853872F3551C9E486872959EC1BC280
:10424000899E322DD26AEC0B6EB9BAF46209DE5C3B
:10425000D09D139E47C3072BB3998E38CE6673A1AA
:1042600050AA6F57094AEE631832B2A954571DCDB0
:1042700055C07E545CE5EA5148AB29F4BA892DD685
:10428000D3A055D41787B6895BC986E14FCE63F0BA
:10429000E06429CBCB3E4851795BBAA151EAC9DF32
:1042A00033E738E148EB612BB77E6295909B8654EB
:1042B0005719389BF20BF4A7E2AEBBDEF7ECEEEE3B
:1042C00083F669F801110948758E3E90F2F043B902
:1042D0008C0CE4444A72BF9F87B7B49282BC4616E6
:1042E0001860891D09883147274BB0A66A742CAF26
:1042F00013B1C585EFD756392CBD5BB382A019F336
:10430000C1EC25A453C427D36B08127498596B4889
:10431000C58B2F7C8604282FF090EF713D033C6005
:104320002A70DD83C4B99DA1C829FA4422676E446E
:10433000CED21239650E05442972E2B4D544CED2EC
:104340001239E97A5EE98E7C281D95F26BC760FC14
:1043500076AE1D769CD4B6C6535427751FC6D54E6F
:1043600036D7F869E85DC9708909E86F9362A718C4
:1043700080286161575ABE617146A175EF958A80A8
:1043800051E9305E80F94CE78D951FD9FB4B68579A
:10439000B37639814CF7961108E833A3DDAC3A7552
:1043A000AC6320BFF9A06ECDD9EB0420C5AA08E10B
:1043B00045A798107C500C16AE0FEDF1B967A2809E
:1043C0000BF20D983FCAB60D21F3C19664D0607907
:1043D000381B41C17CFACE88EA1D31E51DA8585F23
:1043E000B60FCC448A8EAF511D4C4969F441F2C5D9
:1043F0001FA515CDA54F3F8A64A9F0CAFF9087512C
:1044000020AB985C454EC5444C8D5841FA7151081B
:104410003DF16CC02116D462630B4306B5B4426211
:10442000C248C43B4387E861A48D3BAFABD08BCE81
:104430003361AAB92D4C21856926FC1C26D18DFA41
:104440003D160FD22B7349544256D69278676DAC05
:104450002A51D792FEEC480B4EBAAF13A1EB58A4E9
:10446000EFA1AA2285DE5FCAB42363E739ACA49723
:10447000656193C9A7B332E6C3064F07F9CDACA473
:10448000D010FFA2679EC638030980AE7CA4033B10
:1044900069EF297590D106F48D340A3D5446A19FE9
:1044A000660D7CE68EFE70D21C9041BC891DAA4F21
:1044B000D1233477AC3530554EF844087DEC89D0A3
:1044C0007B685704705453E1574F9A9992CA72030C
:1044D0009595E90FBE383F53D5DAA6B06F2C5358E7
:1044E000AA5986B16E15C4DA6518EBCFB3318D0CBD
:1044F000159925CC84EDAA505E6E08B565FAC166A3
:104500000139F0251B69D9DA9006DC0D3CC9FC4461
:104510007AC1C28077DBB2EADD5156BD022642770E
:1045200059362576F886507115B9A8DF5711601CE9
:104530003427D45B97DACF1E95825A0F23B2F5A3A6
:1045400027BD1ED1DBB4E87452096D9FF15589CFA8
:10455000C9D675A5B890CF8912FEDF26E17575F230
:104560001984FC7818BE4D6A24BDC2B893CE69CDBB
:10457000B5F15BA5ABD9F57BD08578889B95B7560F
:104580000DFD397C16117EBAA41BB3456EBC45A047
:104590003175E0A64A528C2946DD9ED53C408A649E
:1045A000751A86A9BBA4356DC56774B498A5AF51BB
:1045B000E19AE247D4508D86F7AAB4E9BA6C642731
:1045C00046AB99591ACDA74E5E5A873FCF2BF15F64
:1045D000D76CA93F3347F5B95E42D7FF508947E50D
:1045E00092D367496724701A0A1872715B96DED5F8
:1045F000AC513FE3B3704DD5AE190D5D916DE9AD92
:10460000ECCD556B6EF58B56EFBFD0E06BD29917A2
:10461000974C30FEDAAD07339736CCBA8D62F28E06
:10462000C700C5BAD8A4623513783D9A7B4CDFCD5C
:1046300045DF922E5A950B74650BE604FFB606040F
:1046400061715B104608FF6A13B8FA7FA46AF382AF
:104650004D6A26372BFC2DE566A57692C1AFEC247A
:10466000620B189ADD606AEF06021ECBA8B84D7E79
:10467000079AFC3E48780DC59540B0AD4114E5B4AD
:10468000C7CB8A216DD94740263DB541D31EACF634
:1046900039DAD01C5A6C97C743984154367FA03FF3
:1046A0005463D1571392C489CEDD9DD2B06D11F3FE
:1046B000EDF5785D379B65A3660E25A5FF3154CED9
:1046C00059A2BE6DBDDA14A967CE9AE5EA26792D06
:1046D000B2CC37175E3252DD413133C11308A1DF4E
:1046E0008407C34A0AE8F1405AC1C967D8C96FB9FB
:1046F000F160989B57BE3B5B618CAF772BE74EF91F
:10470000497CCA8AB06AABB33F36800FA7FB3DF243
:104710003958E9E658812E09565793A58AC54DDFC9
:10472000572E6C01A209ABD8008DEB0A71C3837DB3
:104730008A618CB116827AB17C17E997FAC2FE0DB4
:104740001D2107886F95CF431E5E673567AED6790A
:10475000F623E7F9A193E3EC941CDEEBC32F19A930
:10476000D0D1572E59D6BCB333A11EEDF5C879BFB1
:104770001092A7783FC4D93A3D8F9DE25907C45B98
:1047800012DB87C4C5C10E39C6CEEFC24D9F415959
:10479000BC58CAF13609532FF2D0137607C26F2ED8
:1047A0002E92353A8F82ED70984DEDA74A369EFADB
:1047B00072975FB730FEB7543F257972919FE253ED
:1047C00054F0434E5E8BC54712A053F416599DDE3C
:1047D000E34BEB431A223A2F8211A05938AE021153
:1047E000C40581F6FECAD2C33961C077C5DC138621
:1047F000D25CA96067F0412BD529A86FA1716CCA62
:10480000F50C3EB5AE7DA5CEC0EF7491AA1C7089A3
:1048100063BF8B91E5DEA3B11924E18E8A51B7EB1A
:1048200049388DE76998B4CF417C6A2A611C479664
:104830004804602B47197414A16299B4C9878D8C00
:1048400065938C10BC1F8C2821D5FCBC9FAC585A9A
:10485000DD0BDE92B1AD5BE916425DC5E39324C981
:104860001C2F059666C7B7377FA1D25FA9C97E5CAA
:1048700051DAB94A071D82D088D7458180757DE11C
:10488000A86DDD17EFEF0973D580EE617AF25EC790
:10489000B907EB299A544663F23587D7227777F820
:1048A000B3A9A9D27D96A53DE9FF14F0A3B251E9C1
:1048B000F9EA6A651D0D5AB6BCB2854D5F909E5CE3
:1048C000FBB5750D888B30561D6A16A2470515433A
:1048D000F486B47BFAC30AD199A2D699A2DE19351F
:1048E000F818EA92EE27084495E906F5F4A06C560C
:1048F0003E8B6B208324D9416AF089E8DC537C929B
:1049000036037AAEDCEA82C88CF4D1BACC9AE77A64
:10491000C4F34745B36690320833768966C8A895D4
:1049200085F7D7721F99842084A09311A18830D174
:1049300028258ADD849731BB0A796F5157CBE8DE91
:10494000BC41F711E4E04F51E1E5F6AFA8DD751386
:10495000EEDACBD1D8D65EC9AB6D8FDD849F928560
:104960002CA4A50579C8027321CB43A69CF5BCD223
:1049700004982E0D859506747DDDEDFAC386C34B34
:10498000ED75EB6695AE75EFFD46968E29F34D38C5
:10499000A8EA6E92EEB556FED7ED4097DB3ADF847B
:1049A000DF9DA9F935DB5E6BDCB6ADEF4DF8A743B3
:1049B000768B48985446F2771041961F4E961146D2
:1049C0007D76BAA08C496FC233275E9A8EDE841F33
:1049D0009CE8A546E0527DEC263C1EFDAB6E9EFE9B
:1049E000BE91F5DFB399B52CB36FC261457BFEB5BF
:1049F0006119D98F70E57A7555DC520A88B06178F3
:104A0000DD9F289FCA93354FBF6240CA6393DE354E
:104A1000AE71C51646E1804D7B91A13FD33022DABD
:104A20003C0EA7EEF31053E5807975756C3C464D4E
:104A3000C3311B9ACF71F8396D466CE8B3B17A1C5B
:104A4000E65A9C5A7FC3F8319BFAF01FFB21C972CA
:104A500014468A2E75B6AECD81F88458A99BE6849B
:104A60005D2995AB4B204ECEF9F7C43AFFBE9E4B65
:104A70008FD6B8073D835D1E481892ACD01825111B
:104A80004CA5CE890D6620185626A397628BE7D0D9
:104A900025647AC6C06536AFC829BA651A74779797
:104AA000DA3656B85500F9BE022EE8EAE49C9F1AA1
:104AB000FE1337959BBBBB894F03BC34B72F97FDC3
:104AC000CB8062DCB75AFB13F76A632249BAB82A73
:104AD00097D63EECA6BFBC4BDA040C0638003A7DF4
:104AE000D5A75E1112B02B33633FD0C9C4954F5187
:104AF0003FA0CFD2D737CCB20A3EF5C5B0E91DA34F
:104B0000A07923D8E3AB1018E91B48BE12F7C3D72E
:104B1000409FD838AC1DA30CC3DA194C2421EDB149
:104B2000661DCC4B26075BBE06B41715BB2728C3F2
:104B300070E11826D2A5413CFC11DEA835107C2D71
:104B40009B37C03B8757760C0C5AE0D97573CCA2C3
:104B5000354F50457623906DA2AE537E40D0B5C2FE
:104B60009B4277080600D14BDCDD06D44D51D510B1
:104B7000AB12F4179117ABBA56554D21E856F50311
:104B8000AABAC6BE8ED90D40DC2F85EECA75780351
:104B9000E3BB820175A0D7D7BD696F1A7E2A9BB08F
:104BA00078A2B5355ABB53481987C3DEB837C694C7
:104BB000B1EF4F650A0877516BDAF3AF311EEA8E19
:104BC0005A2D153F6D453D7F88F1B040A72A1E3311
:104BD000C8290CC3E1DD9D59CE14613DE22030B9F6
:104BE000ECA9AA6555F36BCBC78708F76E74253B14
:104BF0005573C62600D66B92770CEAFD70B3FC00A5
:104C0000705D337A9A56ADDE411FA669E06B540F92
:104C1000279686C7E41E0D0FC866BFAF72632B7957
:104C20004CB47E06BD09E5930415FE35D27A069391
:104C3000AA39F1F1B2228FFC8B301D8A57002E4227
:104C40003E24A278109E8F68984DBB2F80A5376EAA
:104C50001F1CC592C9B2E7D127B5E7D111D32FC226
:104C60007248ACD6057D5C00BF3D006A799B46006A
:104C70009E0BC225ADAE74B0BA7A00E9131467EB8F
:104C8000CA7FCD03E89CF3E42AD47ED0362FB6DB6E
:104C90008090AFCCD1C3E013A63E01E7C5FBB37350
:104CA000C9DD1DD42763C1B323C2EE00A8DEC1FD58
:104CB000DA2DD0B50F65788017D503A65D392DE5BF
:104CC000E72015727DB8C7E1A3D855F17EBBE36E2E
:104CD000F275DF2F2EBFA51925BA1967478876060A
:104CE000AABDE54E46D099D0D0B7722C655E755DF1
:104CF000B4436FE32C8E6390801E50DE97EC10E679
:104D0000FF1E2E3B7CEC398C675D4BBC5E064F432F
:104D1000EF2DA1BC9BD40BC943488D56DF95DA1B00
:104D20002D88B7659F94F3E9D5FB65ED49C553051B
:104D300011D49290A61621995A2C29A6AE01BE43F1
:104D40001A6AB8A7AE863BC4BE85FDEB3B7E2E2912
:104D5000D7FF1E864BFAB1BAFA168F48B6C9800043
:104D6000F6A8A20C2FD197C62FB9C1400B830E30E5
:104D70002507784D3F60DFF172FEC0F022DF89B079
:104D80008FAAE677C6EF6546BE5BCCC8C1DC67DBA1
:104D9000FDEFA4A41F6E07D0AB3242D96ADB6CBA18
:104DA0002A919821C8F075D427638FD40F7E13BF42
:104DB000E4F34E74A876748EDD1B98EE5DAAEED5F2
:104DC0004FD81D1F35F776FCD2EAF8003A7EA97B52
:104DD000369F21D9297DFB21EE6FA9FBB2E5AD3AC3
:104DE000A343251B594F5032E7B02E486DDB90BCD2
:104DF000EE60BB340C2ACB49FA7445F224E4E4A8F3
:104E0000C4F0A28961448D97AF6642CA55F4C019B7
:104E1000FAF15AD16EBBAA54B877A3BE67E4205307
:104E2000E62B9D7C8A4B9599848F68C99C2E7A7657
:104E3000FF545A2AD50B2FA20DB38629ADDE2A22A4
:104E40003B79C15C6935442EDC775A0EDE2AFB942F
:104E50004581290B4BCBBB088B49CB5C8F9D9EAF0B
:104E6000E9A95393940E4FCDC345787AEA30F28581
:104E70002E58D01B3282B45506AA0303D50A0875F2
:104E8000D26F1608305458C3C356E936CF062CB437
:104E9000C92A805990DCDD2DCFACA0AB72A21A9547
:104EA000F2AB318F8DA27307A1749F9A4B3C17E42C
:104EB000351A868FFF99FF33ED3F1EB30186AB0E87
:104EC000FC77F7CF6A7777F7CDE3B1E574AD32764B
:104ED000594DCB184B2AA4F639BD42EF433F6649E2
:104EE00034E0CD68C8FEEB3FFECB7C0F86CCB3959B
:104EF000327772EBD1BE3284EA0187A89115524C09
:104F00004F6B2FE46CAE3FB10F76BFE5EA31C003C3
:104F100079C87C587FFDF1C7C2E3E1AEEA286DD9BC
:104F200019887AF18CB4CBB502AE7C20D40C6E79A2
:104F3000A27954F6278F85DA266B0FBC28AADDFCF0
:104F4000DE93A32D5E1915884043DFCB94DA70C140
:104F5000C95D79E69A82F44DB4F417C446435564AA
:104F60008036FBCB0AD909AAD876A58A1D827C1681
:104F700017DC2921E354E6A16EE3AF8A577C3F0694
:104F800069BA8C8A0BA78C9BA4BCB16C57F8627A67
:104F90007F89C9F07605A85464C925A79363BF5DCE
:104FA0004E38A6B7C51B7333E09D83BDCCCCFE8CB9
:104FB000947E0D009A8EFF1BBAA8B0C9F1D7C4B970
:104FC0009860785530CCF4DB5DB69A3B59B0D80F79
:104FD00090A3FF75BC34B14F2C7D720C9808B33F81
:104FE0007AD2F7F1234F9FDE76D027AA5D45E2B350
:104FF0003F50C75C79D2CD5B2DC137D00DC1234F57
:105000005026EF515F875600F1729053A091B9A0DE
:105010008AA9DFA33AAC8BB1D2581EAC48878778F7
:1050200063602BF1D7AF11D4CB6D5DA16CBD614E28
:105030007D4B1A9758AEC2DC92DC2942EFA45E3653
:10504000F54984FA9E5B8E46EF58D72D9A3A7C2715
:105050000A432AA939BF8C01FF15C48D5BE04E8F2E
:10506000F7D483F636B4B50F7D32E7934E19A967AE
:10507000A9EE59AA7A762B3BD531CA56A586B7EC4C
:105080002CACC3B5B5F992CE2CBC6C759986BF70AB
:1050900049C45EF3D03B131B0F3DB3F4C85BBB4C5C
:1050A000D9EFA98EC50BB742C49E9BBCDAFFB148AD
:1050B00039CE740ADD31C802D3A18E56B70E3265DF
:1050C0006252DE4207132EE2CD3A39B09F1B3C7983
:1050D0002D74D14AF3E88BFD7E87A52A2C2D424002
:1050E000A8C09319002E1615462261696D99926227
:1050F0009A8755CD56EBA4C81763BE0B0317E70C70
:105100003F15FDD2E8D393D98C15033A0973FBB749
:10511000FC9D407A5AD7B22DC66A6123C011B015E2
:105120002E5F431327362AF8D404D1399A0A6FE840
:10513000F7FE3401297FE57535FB855E677BDBD89B
:10514000B077B79BC4EEE8C9EFE9A9646EE8D9CCA3
:105150000CD5B7BF9468A46D54534B53E256328DAF
:1051600081FDD8D1274CEFBCFC52E2F3AAFA59B921
:105170008FD9C997F294891FB18F7E81B560BFBA6C
:105180002BE8E217580E2A9B2E6EEEE5A5A1D85506
:1051900089BA9E310FA13B57B09F4F288467151FD6
:1051A000CBF0AA34DD2D6AAFE7D2B3A252E6C445F4
:1051B0004DEF2FADE8F709AF4AFD3487C37FE5C84F
:1051C0006D4AF47E9712CE25FBD2E1EAA7740A1B42
:1051D0000B1F128195FE6FD0B448D5796FC1FD8544
:1051E00062D2B2018696D17AC81A648E919C64A864
:1051F00060996905CB5C3E7569BFB5FC777A57DE6F
:105200009F7FB15364FD60BD8FC46B76F3032B2F7A
:105210008194C93DC0720D8B4CD4A7E684FBEC533E
:1052200033B60D3E0F2A8B3B8BF534E31965597F5E
:10523000BAF0293E5DF80E72A114F00E6A63B679D9
:10524000E324AA6B81383348A6120B3D95DC408ECF
:105250007766F6989D7779353DC02BB95AC6A67109
:10526000E09DE064E53E9D68274283B63E82CE73B2
:10527000F6D700C047AE5A84F737945B7ADAAF1E90
:10528000CCBC70F4AC4D865D4AE2CEBA8F74E2BEFF
:1052900079E420C839F378777755E2F23050660424
:1052A0004C2E8139D1F1F41C8179E3AE7A10B02B08
:1052B0000B6F503E7D01434AD137809C938F5063E2
:1052C000FEEB1D05E9D1C215D5493F10916AE2C92F
:1052D000A185F04ACCC6F4AEF617F7B5EE4B320313
:1052E000FEAA84BD3E84D03DD057AEDE2CB2709A6B
:1052F0007838ACA5C3A898F52853299C78AE7C8152
:10530000ADE4ABF6D17CFB25517E0C79D801FEE4EF
:105310007DCF98D87D154E37DF875D74CE693F45C8
:10532000AECC3850151B044E40A8E64AC797D2A60B
:10533000BE849F3BE3928F1B278A9DFC6A3D6B0BCB
:1053400019BF72E5B273AD0B22DA9F457314B38BAC
:1053500092D6AC76175E0AE0CC17988ADFC844E78D
:105360001B303CEC5CB9B7467F6EDB1CE3BFE3D877
:10537000F6A5A9CA171E76D96FC0317806C6DB52CA
:10538000F5F5B7F2E41B106E20D909D3E1F31CEB5D
:10539000E458A1650078A3D7E9363FF9CE31E31789
:1053A000CE74F8372BBC5F62E35C92E42FE810FB0D
:1053B000372E69E4C63ABE4894FBB037E5ABE17FCF
:1053C00037F13D241050D7C2AE7CE6566428FD3537
:1053D000329FDFE86C65EA35AFA495FCDF4F7A5960
:1053E00008541D8BC55087CD4C010F95BF7C19C645
:1053F0002C69C11F1CF5D696A9EC2E8586EE720489
:1054000044B6C6052F27F2645692B55F1F91C1239B
:1054100037AFD6CAA923D0C18645F0E8B28E63FF64
:10542000111B7E1AD0F73CEF01971B02605BAD6F3A
:10543000B08B12844FF56C2D8BEFE9C2FB65CF0763
:105440002802505BADEFC07F10746561E8E9D2F8C7
:105450002FCBE3C54DA6C4CD23F9FB0A97DEFBFA9B
:105460002BA1E3C8DE770F78F3893CCEC23F80F1F1
:10547000A932AD22CEDA7BB3B3B773BCF3C663D621
:10548000FB1F647428A0864F4C93879684D329AC65
:1054900076AF8EB66B3A3614F65C23F1CC0D1AD18A
:1054A0004AB3327B9BF8517BEC083927A961F4247D
:1054B000B0B904E3BEC2D8010BCBBED4BD38C063C3
:1054C000847BEE35A4EF0FFD160776D71E1FC09222
:1054D0002320417E2A2DF36C9FF48156A43F63FD67
:1054E0005A65699E32231E1E25081484ECEE6DFC5D
:1054F0006A9334117633DD8D60F9889F2F560992B7
:1055000088FEB88D87012C60BCFB1B25D955F01B8C
:105510009F8B0BCBDA83DBE1AD795D1B2BCB39970E
:10552000F43E802D8F03F5C4D7C802F38A1D6C8525
:105530008838DDE70EE6DC8F21921301167DD9183D
:105540001FF004B46FBDBBD7448F9443BEDAF5E5BA
:10555000B397DC7D8BD6DA17DF6492117FA5C49AEE
:1055600023C16968E19EB6478970C2133416A99FAA
:10557000377591AD2911075CB37749F6AE39AA1298
:10558000CA5AFAB0AEF0D18340F52B54FD6B6D765C
:105590005E3CBB5B17CB1101E08B177A1E6EF6A742
:1055A000B5CC2D38ED69FF02D641A9D98C960835C6
:1055B0001BB650239C10C862D70E8D3CD36FF6A04B
:1055C0008B526E3C2620005F29068CDAC7AE759898
:1055D00074C940106E8A477CC46BD7A4D2169A4314
:1055E0005BF9F43B392A06BCC6138D098F864AB392
:1055F000EF3C1BDE4078058FF0442683B5B4C6F03F
:105600009978AAE3882F4EE115DA78BB0025B20B12
:105610001457D23F568AB56DCF2BEA3C88A1D8AF3C
:10562000DBD3B1746DC9E071B65A66DC7A9C5EACAE
:10563000AF95FAE3F31BDD6738A5819E22AB55F6E3
:10564000778F34D4299238BFB81544CA3DD2D137A8
:1056500050E53D87482BD67112D02979CE6155315E
:10566000978B543E26055FD7BC4FED18AD3DBB452B
:10567000FB11289B45BD72BD23C03A441BE3C51EE8
:105680005BFEC2F1788EDA33BB98C5F4D1FEFB5EC7
:10569000B38EEF05EBF8DEB08EA44D377CE0D91960
:1056A0004B3D3DB5441C4E27E82366968DE59EC4D0
:1056B000325D5E745A221D639C91C2893CAF509F3B
:1056C000B272F5E87BB78E189D17BE222716F99C9B
:1056D0002FE5DE379F21B32DB92C7CBA178FDBF570
:1056E00066689D1EC330EA83A048D7069BA2DA678E
:1056F000E280FB23A686599F2203C02D7D561AAB5C
:10570000AB900493402A57A097968F1548BF01FE8F
:1057100009E3392BEDFA32BCEF72DDBCC8D3F4DA01
:10572000C8D69F6F8AD78B5734146B195E0895E7DC
:10573000C513C36D7905A614CFA5DF17ED035D73FF
:105740008FD2718BA10A1B5D71D57F226651FAB58C
:1057500039F5FA725A1BC0864CD044A468DC7A6BC7
:10576000AE3F99F6F72C4E9B1E6B78FE9A37F702E8
:105770006EB388C7B643AEF6599CC6C6752A60FD9F
:10578000D92CBA415B0AFB91ACA8E60B7FC82281F9
:1057900093A29E693834BC546FAA39ACA1CD61453F
:1057A000A76C68735853B122225B913BD535AF701B
:1057B000E78A4DA8AEE83337D103860A65853C8079
:1057C0005D7A9A968BFAB0F450597C5AD544082FDA
:1057D000452687648247515026509FE47BF09EC641
:1057E0008696030FD1924A086F641787A20210862B
:1057F00086AAB47C72D472318359D9D4949665A6A2
:105800008CF79B535B27874D3523350DA7B26FD39C
:10581000AD08412D41BB8E9D9FC236EFC4D8DFF24B
:10582000196788B59CC43487B68B1BAB49FD76924B
:1058300055A16FF7BE12BD67635D41A4F5F92375ED
:1058400044D96F46619935A700056492203353BA55
:105850008021C22980F4A4894070E3AD77E54C3300
:10586000428F67EAF0DA17D0E6E7B27F297291F744
:10587000AE42DF84A1262239E70D222345458E1C46
:10588000118617FA96ECC2BE0DBBD0252EDA8F1EFC
:10589000891CA8DD0D7B3B2CA40BE4EC22EA89DFFC
:1058A0006F8EC51844EB3E1B134DBB48E5F4D2B7D1
:1058B0001C196C4890FBCFBC294621BAA74A0A861E
:1058C000D540EAC17A0C8406BF30119B18BC47AFA3
:1058D0001D92A76E8C9B399ECE04C0C8E28672BB17
:1058E0005138C9E9AF4CB29E98BBBB93D37B67FCE0
:1058F000528D875D3C30A267D8EA7169B50AD9FF3D
:105900002E72CDD40A34BB4164EE565757116D3C0C
:10591000738D1A99AB555F770CD01BF6BB4875A3F6
:10592000D658CFAD59A357A48F85A45819692C9385
:10593000B2E53457D2D5141146201B93746A09C2BC
:1059400040C353833094128928D997A97CEC46FB35
:1059500092A459BBB7E39419C41FA1261CB91B0616
:10596000026E0C7DD29B0614C72DF52005C27E77F2
:1059700077833F0644304DA61926DE6974DADA16BD
:10598000047BF9D5C8A44E0114ECFA040CC1E1194A
:10599000304FED099CBA13385D9C40B5CE85C82ABE
:1059A000881ACC273657AB54CFDDB43E77D307E601
:1059B0000EBB8854A66F0859A09D825A9361320E7F
:1059C0009665341E409102D25C3001980B68DE4C23
:1059D000C3584DC3544CC3D45F3E50B3C8847A1EE1
:1059E000CDC0F49E19B8B157A401CAD886F4D885A1
:1059F000F47811D243D8D1D0D064AA5EB3AD102BC5
:105A000010D8586FCFAD57037B5C07F6F87E60ABBC
:105A100016C6129634DC69409FAAD1821AA5166B6D
:105A200033F02BA507B5D2727D1C8463777D28885F
:105A30001D406D66722ED4E48CC5E48CFD7B6173D1
:105A4000A91A32F313E1E42E9D9F2BB342944873BD
:105A5000217597A5CFA03062DF43D433DE172C9099
:105A6000D152FBBE3555C7CDDFF1B8795B70172F2A
:105A7000BFF79BFBE13694A4F603086B2E08EB3FBF
:105A80000C11FBB6D9F4E4FBA95C2A87FAD5DA6DD0
:105A9000C33C6C87FB52EA9B037FB1BDBA7AB884E2
:105AA000C5409E691B39ADAC790803F98E5A7A124C
:105AB000FE17E16170A039A8434838843EED231CED
:105AC0005149705AF3D59B8A9A5E41535829D44460
:105AD000F7FCDBBA6BC450D6C6BC1D22399323B188
:105AE00015F8B043DB0B1DDAB63AB40D09DBFA3614
:105AF000C66E964CBEB6C39C3A546F713FBC818A49
:105B000021A36E75DFB40A70DA3740D2F1DBEA3DCB
:105B1000DD7D1B3FBF07F42980B7BFD0D77DABAF7A
:105B2000FB90B06F74D2B0C605C3CFB1B93AC28191
:105B3000C0E7DC85A675E25C27CB446DAC657CE1F3
:105B40005C89D564C6271D21594DC30B2101E1F69F
:105B50002527A99EB5EB9B2BB383F062394AB3434B
:105B6000408654DCAF99295C396C0FB39423D0ADD7
:105B70000CBF8CE5632ED1FC5028954A4C1FF35F77
:105B800042F5317F18D7C77C61BEC6DC9A30483FEA
:105B9000C03F12DFC550FE1EA6DF33FE43C278337E
:105BA0002876E822FD2FACC25F40FA7B1B57C8BFA6
:105BB000BC03DC21128BF87FE8E2FFA1C1FFBFD359
:105BC000EDE5F8FFC1C5FF0F0FE0FF0F83FF3FE1D9
:105BD0001320A414F13F97F861FA4FB65575B1C57B
:105BE00067FF32D7218FF294A484BCE24118F50EEE
:105BF0001CAD9503C56AD09792A89810A5640E7144
:105C0000CCF8CCBF453CD330443027CD03B6D86365
:105C10008B9D1B4283EA9C4FBF447BF06F93BA0E6F
:105C200084D4F560C7447F242B7C50636DEDFE5116
:105C3000BA5EB5F47AAD88390875DD736BF694D029
:105C4000511734B50C3295D8E834F76F12FA86A1A3
:105C500061005070D70C8C9CF50331E3B69D1F405A
:105C60003E92B37DE0D38798D84D9040EE9307C322
:105C70000579D0CDEC0A7FE1A23C28E62672E7E662
:105C800041F1CF9E12BA82100742F5798118EB34A8
:105C900066FE90D409352E82CA30D1079A8916CB78
:105CA000F8E03E265AABF9E8D58E54D661ACCD4625
:105CB00058E7A2FF9E4482673B247998C30A355D6A
:105CC0004FFBCDE5205D8269A93A232B1F028ECFC1
:105CD000102C20613882D70F3AA51EA4E151845AB6
:105CE00006EC3AA210BE8598A0BA9410DDD244EC1E
:105CF000B8BFCB6BFE9DB8FE0A36BEA104B1982199
:105D0000A929F66C5BDE7CCB44E98FF43E35CB04ED
:105D1000AF37CE64847885D15202789FA93371A5BC
:105D2000346ADB0FA08E89DE32E88A47DEEDE10DB2
:105D300061B15AD2956BDF89BC43555AB3EBE46E1F
:105D40001280E69E4459D99222746E9B4AED52CB42
:105D5000AEC03A2D94BA6529DA3B480089F7C1F103
:105D6000B2066F6A793A88853E94BE2313B7BC4A5F
:105D7000CB48EF92ED44F406C233F100A49BB5EE9C
:105D8000E3FE07778E7F6D3823C076D04902F7E9AE
:105D9000C2E156AABB0540ABE4ED12E50B00FE7470
:105DA000FB8A338AD3AF7624BC49D06FC3D76F1236
:105DB000F092EB7754D149136790E12D8D20E830B4
:105DC000BBDB81DA34A0C8EFE21A2C349709849F38
:105DD00087650DDFBE134E1DEA2B7E08E1E5CB6122
:105DE000B9A8B77361B90C11171665DB3C22ACDD9D
:105DF0009C27FA2C5BDCB086298346C8A1AD8C4871
:105E0000E8872532193D735AF5407EF2EB662B6622
:105E100049476FB772E600637AEA1ECDA02E395368
:105E200034B39CEABCE41A9A2DB94645D7B82E562D
:105E30003B3532A7B61AC2D6AA54ACA57EF5DDBA58
:105E4000FA31EFD764EEFB3507525B45189F7D4072
:105E5000DDF9F0F61CC8AD7800AA7E414973FD3A21
:105E60002AA4CB3D713199448B71C524CAF930B84D
:105E700095FA0B22D202B12A492834677C34C2E752
:105E8000B383DA33353B52AB044769F51066CBEE8A
:105E9000AF78B0BEBC7F0C3ABCD07FB9E84C4C7D2B
:105EA0003038DD4EBA1C186F8B80EE396FCB90AD59
:105EB000FCFF3BB72D4584B50C3D91C569E8A8169C
:105EC000118DE9ED52DABB045050A03A8F0617E26B
:105ED000CB2C59CB734E59D7D0B386DE5B74E4D24A
:105EE00050876CA8D028FBFD66755DADA15C6999F3
:105EF0002CAC1FB982CB405E69D7D60DA9F9C9B2C7
:105F0000A8635A9261D75CD792DB8B8A9955A9AA6C
:105F1000C555990B37D3F7D56EAF4AD382D9575CA5
:105F2000639FD2C512B37630490EBC99AE6E765FD0
:105F30006CAE6F7648E5C357402CC56245ED32AD77
:105F400076436B8DA577F818B44806D2308C452778
:105F50004C2F3E56AED2B1DD8985BDCDDE980042D4
:105F600076DE946CBDF4FB1038FDD2F648DEFED62A
:105F70009135D55285342989430BC9D2B60E0B749D
:105F800013F488708EA884C1BBB60C59C8D756418B
:105F90000B057B999AC304DDD904599889B98A996C
:105FA0007AB341D98CA89EB9454A53A4141B05C5A0
:105FB000F6527BC1E60F2CD8056A93A91599D757DD
:105FC00064AE572473E99B2295A8DE5F5FDE5A0515
:105FD0006001D821BA2797785B2F66B33A7952DFF0
:105FE000A3DCE52908B0D0594C166634C6F7DEDDCF
:105FF0002EE11DB9189A5EA7E85B494F7D3D5560BB
:106000008C709554B1415850AF7B85DCEB8810AB58
:106010005166E1208845C200620B2A76E9A0ECA512
:10602000C1D7CBF0D2C1D70ABEEB9D458FF56494A2
:10603000285BB85C80E320A8548BF5E261E113F3A0
:106040009EE9C1617F66E8D94B61442F0E3BE80AA7
:10605000292CC450AA3053F65413F43887087E0311
:10606000018DFAC44FE6AB13943E2750A13B1CEAC6
:1060700088B5666EC44AE9D022A99C45522D2E925D
:106080006AD922F19573A62BD89FAFC34A395F9A7C
:1060900084E8E72325571363EDE40C7A77155EEB6C
:1060A000AAA56071652B55F8B7B3F04A9CB3DDB073
:1060B000199B18451C8877CCC91B1BC195D4F0BA15
:1060C000521A5E4F9F3CD97876D75D7F2E7274EA64
:1060D0002D4EC2656DF69D06832BC8266644353766
:1060E00013AF38DADD110DAC0788E19DF9DC00470C
:1060F000835CCC8FAB6977173EDD84DA13B55AB178
:10610000254930545478529D0613C10E56802144BF
:10611000386E964CDBE47F306D80546A7F1A84972A
:10612000E10D2BC2991F681CB961F15D38511E1633
:10613000699FAA6C0E7A71959A742153007AFE3F7A
:10614000DCBDE976DB48B728F6FF3E85C4E5A3034E
:10615000B44A32490D96C186190FF2D49EDA43DB58
:10616000DD8A22D32424A10D0134006AB0C4B3EE29
:10617000AF3C419E218F90FB3F8F729E247BEF9A14
:1061800076154059DDFD9D9BAC7C8345140A35D7BF
:106190009E07283A96DF1EB3DBE8DFF8F858B4DE36
:1061A000E9B982AD68410E3D9E5A29140E55B04B97
:1061B0001257226BDEBB6647A7A2B6C3E6B8BAB6D3
:1061C000D005A0F3A45882C967F272650A4D2B234B
:1061D000768C6257AB2D29EC884CAB126BC2885F72
:1061E000D757802614F94CBF5C73D129B7D09C399E
:1061F0002654B5391BE697E2BCB893175ABCD5367E
:106200002267CD2372D63222A7DE765CBE6C99ED72
:106210009E7D251B2EE19EAA6B915D2708BFDB2387
:106220007F8E4C5E16E01764A688AA449F9EA7E462
:10623000A45495A1F896EB5F5FF42FE64ECCDDD425
:10624000AB867DD69D4DEB30C24C94DEA48E5DF3C3
:10625000B3E04B2EDD64BEE5D2C3E329D0AA980398
:106260008F19F7EA80204B776514AF5E2FC2D0A656
:106270007123C94C8894DFE824A18CDC1FDE3E8B9F
:106280008E0B1956B1D309BDD88B098566DA19F280
:10629000444948D7A2E11F6B4129C61269AA491E89
:1062A000F2750CAD024D17CE3FC060D590B997E99D
:1062B000614E5E444FC933E45B8EFF7EE1C4DF0173
:1062C0001938C1F27DC98D278B8A5E09854F997B6C
:1062D0004BAEBA92C2C7814AC013388B95736BAB71
:1062E000EFC4167D33ED2A1E830D469A047EC4DD6D
:1062F000ECB2CDCC326D33AB78F541EDC8F36A66C4
:1063000002AAAC86DD7B40A41E63FAE29C198212CD
:1063100085A8FC1D6510086D6CC91E973BA1CD308A
:10632000A825B8A6DFBB68A2E798BC02FF789A8CC4
:10633000B2D7E5242959FC40FAC8DA42B7B4E8B824
:10634000595EAA672DA7C223A08A4CD4C3B9B22F25
:1063500055518A94F1AC11F1BBEBA4DA3141466D91
:10636000816B6486DD287ACE346506A17ED058AA7A
:10637000057EB64F320AB666AC9E53C7B6B43B48EC
:106380007E7E92719F9E2798FF60FDE0AC28BF3E05
:10639000C344091446F9B7A4ACE06B95B6594EC492
:1063A0007C1677A9A367A56F3FFA2885FB01D7372D
:1063B00029C51FD935C6A5E2113AEC3C50CE1A4A80
:1063C0007EA7180472857A965306D612234E4D3056
:1063D0004AB1B1CD4B8C5BBA91E9F47B8E61616AB5
:1063E000B2E935F3E0B9D18E6D064E2FF2319AFE47
:1063F00051DABA1CD3D6E52C6D5D8BF1EEDBD48679
:10640000CF1005750CD32B607A70663CA42063B95D
:10641000BAD4BB2C5278453C2BCD1DB549FE7CDC53
:10642000A2354A9368177362E50146EE80450B2F4B
:106430000BE98E0F63604BD8DFFA392E1A92305475
:106440006416AB710F56FED3C281B1E11CD8AE14F5
:10645000E2860EF10AB03A987F38FE64AEFB27C29E
:10646000ACEA516E3A76F6806F75DD1858B7154173
:10647000BC4C55EC5080B92585AED675708AACE21F
:10648000C7C454BC74964D0A202C5F661E69BEF2C8
:10649000F19BFDC9D844D5D373BDF00FBCFD781E68
:1064A00027D1F3F8B9920F8AE7CCE72091EE779FD6
:1064B00062CE0124F103C6913856F2CD114B0895F6
:1064C000C472311542583494480EC2A465C32E9F3D
:1064D000A3FB1C406EED4E912C908DF670E13F9128
:1064E00010CE5BB84F9ED8CCAEE127C6DBDAA594C0
:1064F000A592A9FAA64ABE49910093D8DE6C35351B
:106500007C638B5A974EC0126DBCEDD0FB4884441F
:106510008C8D7DCE12DDBEA044430042BF69015385
:10652000BE6849F09248EEF82D8A8A81027C9B4C25
:1065300066633873C6AD8F28313BDF02933A5ABE8B
:10654000B6E06459E6F081A9A63C9580480A128419
:106550001641CC59AB31861ACA5DEAD969AFD0C2AF
:10656000A63266E28681B449971A11A188CCB1E5BA
:106570003081EF24C0433CE5A37A85220B9E86360A
:106580005A0F50E28ACFBE547CE48896331AAFCBC0
:106590001FE27854ED8E8E54CC3728769E45C25F2C
:1065A000D907CE5DC288BDAF86BC6A9400C4D1BD98
:1065B000C9E47C8A8996233AFD978F685019C66989
:1065C000065CF954A47119466621A6E28116839FE0
:1065D0000A64024EE76398019315D95846F8AB0850
:1065E0006D83D052A49A99890F38330F4160A876F1
:1065F000A53FF15107D6B50C51AA9EE4E9A8847BCA
:1066000046D51773E5B0C139A1847142097242853C
:106610006684CCB40A9A56D1C61925A19672F94A55
:10662000016489E47DDCF3460E639B28BA609F39E0
:1066300086FF57DD47DB9BC8EC5514451B616AEFAD
:106640004FDE9436C1F5D40B40CB94048548F54118
:1066500014184E9B2D0EEAABB270F0012BDD7C4F6F
:106660000B6717AD74976D7411B6EE6DA1C0E25E45
:10667000214AB6AA0FD19188458A71BC581FC055CE
:10668000A3A5061E185327C648E394DE6665C48B8F
:1066900017A45074079B09350B0431129A3F4A83A3
:1066A000EF2316A51E69206028306F90A05003EFDD
:1066B000F2D1B43A2E2843F2D5557175F5DCDC8D54
:1066C000E76EF348CFAFF4941B9036F1EF6EEE888F
:1066D000BC0CEE8A377E2F1932872A8C92D4037F26
:1066E0005B706436D1770860DB46F7EAEA156632FC
:1066F000C08C9A46A6CF223918BF6EE682BBB1B3D2
:1067000089D890CD04784119D12F9F63FA5A574008
:106710006F3502089DAA7A97987BA541AA0B20ACF9
:1067200015EE73BE233A51BE464D216AF5625D6097
:1067300038A421AF82026EA94B6484EF1BA64C548F
:10674000610791EBE7DB0040E4C50833F4AEBC77AA
:10675000A3047C1FB941F696721E06CAF9867DF520
:1067600062C495B8AC1FD237D308585481DA64C2DA
:1067700025DA1A550E3239AF21A91911CF5B968E41
:10678000E603ABFEB89550328B9E58E3C9021E312A
:106790008FA28F3CEDAE8DC1C6FCBAD0C130089B34
:1067A0005792DF3DA2846EA4F1131AE6580DA2079A
:1067B0009FA2BA148D6B1C25E80C467749E93E75FB
:1067C0003BF1F9849DF80774AB7CB89AB08B9F9726
:1067D00076F34DB48D4B941E2642E60E84833B49DE
:1067E000AABA2C2E22CCE737ADA2925363FFCAB3CC
:1067F0006CAB2B7749C01BF250DB37FC60B7D4C7BA
:10680000349C520123724D56AB77A5D703864D6455
:10681000DC184240ED700B3BECAE19CBAF52FA6A7C
:106820000D3A330FF4DDC7C4B31EEF5606BD2BFC83
:1068300042819DD2A6E3252376AE5D3F6B284D5E57
:10684000D0898C1B1F0DFCF4399F3C1AF153136D3A
:1068500015807BD45E32A311607C4B812FD0EBF787
:10686000B265F4389E0273FE6A4B909B4CB670ACD6
:10687000065ECF1CCA1B167167E36E777B6B5BEC01
:106880000857D8F528756AC2821034F7ABBD1CF9D9
:10689000D53645DF6FAAA5CEA657E7F5C872FD2D00
:1068A000EC4068E3FD609261745EE661EEA429D17C
:1068B0005C714D5CD3AC3EB03CB9F39D29F614DA63
:1068C000CF1AE034CE97B51E4EE58022482FC39AEA
:1068D000CB09BD1E39F95E60888E66387530FB2D98
:1068E00007B3D3E1AAE3DA3B5CB52189DC23A4A397
:1068F0003059F7577E888087D8EBED87C372AFBBDE
:106900008F0626EEC1D8836EF705C71D8FFF670D72
:1069100045EEC58F07F4C15F7DC0FEFDDE3000ACE3
:1069200083326520C7F2F829665536146F4E146F0E
:106930002E986985A4D72850812923250FABD11320
:10694000C6D6C9BB3D1C144CF8F2BC1EBCC6A38005
:106950000AA3CD7BF9308FE0209302442ECF1F197C
:106960004B893A709E302D2C22D3445AC005210BFE
:106970008F930BB76AC9CEE2FD1B02C47713D70809
:10698000E3542761C915A7556A4ECB67B150CC6453
:106990009F3CD989F888A83C7C80F9A7729B5C3D14
:1069A0008F99ED13D3FB4B6039C243742B5169A708
:1069B00080B8FB4D126E25B752386F1B30D0B6FF32
:1069C00064B4385F36E08C319C856FF8A0553F5237
:1069D000FB5718615D61CB437A51B7F12BC20806B2
:1069E000424D22A55E4D89E5677111A4B874C8AF08
:1069F000B8CC2C4692C818132B99CA9948439D5A73
:106A0000C83527B38CAD923864C68E4C1548E65411
:106A1000281E35F3EDC832833A24E5668EE0DCECBF
:106A200067C6F7936224E3668AD6CDE4BBF9D1A1A9
:106A300025ED42B3A0B40F64C62B0527B0C07EFE7F
:106A40004001A167795C98C856B9B57C19E40B6D13
:106A5000805C328352C11B1B20DBC16F23A6C2B3F3
:106A600026377FDBD886361C0E2BD0663A6E58F45C
:106A70001D76BB4A1E1A9315F9A883CCD093A6C2E3
:106A8000E8E1D9C994B29F9E263264A52ECEABA46C
:106A9000A430E5BCF28BD14531AB9D220C61A67EC2
:106AA0006A2A553F1DAA5FEA96D0EF47C997D99148
:106AB00034BDD4058709E0BF092FB32951752733A9
:106AC0008AC8FFAE9895635DE9DD453EDE3D97716E
:106AD000D4DE212DA9473EA11F18E01B3E3948AB4B
:106AE00057C9D9DB041126F0D8255CDDB9F83AB9CD
:106AF00076CD6C405C46317C6C803DC21A3E8A0289
:106B00002C32E72BFE9DAFF8EB59EB8AF3FE6E8A31
:106B1000EF816AC2E3B3D1DD5984F51BFBD53A2D71
:106B2000A71D2287DA767FE1A79ACE3227C1AD2949
:106B30002F90C34835B1BAB81627CFF9C9F2574AD2
:106B40005E1CB7FDDCA690C300BDD0BE2F8460C222
:106B50004DB49FFBD7B167490B7756CF45D9CE9D32
:106B6000BD6B726765933BD3578947696EF2A7681F
:106B7000E16CE29036F851B988723C8F66DE357C64
:106B80009D36AF614B48E896F32F9B6597D54BD068
:106B900096C4C04E13A11127407CD9B19EF199270C
:106BA000489D89B6E6815BD52BE00200D6CFBC1D9F
:106BB00014B41F940742716832609592112AE5AEB1
:106BC000171AAA8B7184E00A06A1092145E2879B66
:106BD000CA884AEA78DEE08914AF76A90440C21177
:106BE0000B192D51A68E4C21805B72C46380F499E1
:106BF00078EC7A2117D6CD1B42AE7CAEC06463BB65
:106C00003E129F127F5B4F277092D2C33429DF94CC
:106C1000C9617A3EB011BE728C4E488108730C1E59
:106C20004841076D1CC2D00D22B88A5AE64ED4598D
:106C3000AD573B6F3BAB1438B85C5D15DD9FD1D4CD
:106C4000A05E8D3B4FA1D4F90406B08A9FE808D11D
:106C50004713A86F1A29FDEAABF0C21C2C5F0C3356
:106C6000BF1E0DEC5E8F066E8D1602F247692B205B
:106C70007F366A039E2F470D50FC686400E6E311DF
:106C80000770CF337DDFDF8EEC9D651BA51559594D
:106C9000509712ECFE85AB6C25E57AC93E2085EA5B
:106CA0006BE692F087175BF60F975AC8F65A39329F
:106CB00082E02DD7F7E1A8FDD2FE395207F3FEE8B6
:106CC000FA8D3BF8FFDEC67DBBE1C67DFB176DDCB0
:106CD000274B8A7A5033FABB7BFAEDFFCD3DB5D610
:106CE000192F132385A1D423CAA84A46A2BBACA559
:106CF00089651D2A0F23FBCEDA6560DCE124449B05
:106D00000B9EEC989ED11AC3D20A36A8B995BA1434
:106D10004C00DE88459793ED02194FE57AFD233943
:106D200020CCDED260E185CBDF3946CF8C08519193
:106D30007CDF01299F562F8B598EF1ED9A3898E20E
:106D4000D9B90184AB70F8185956B400A2AB91E4DC
:106D50008438DE0156714FA0D64B349B506283912C
:106D6000D4EA480EB8889F2764A53128B4A9289A88
:106D700078EBBC2841C16C03116590F705E69FE1F3
:106D80000E064AC44EDCDCEB52FE067E4D8FF1ADA2
:106D90004C56F22F1B271A73F5C47FDD781F17702E
:106DA000D09585BD4BE62E1A6C2E076BC50ACF9188
:106DB000832D43950AA82FEA656B1B6A06589B0131
:106DC000D2489A03C450777A80C400DBCBF36CC6F8
:106DD000ED888089E741CA6DA474ADCE5807B263CF
:106DE0008631A74FA6989DAB5626B0DC0662419D22
:106DF000A0A4E62316000E8DE86C34B8B47A332BC9
:106E00001369BBA53F1D2E7FCA6901AEAEF0175AAC
:106E10003A45DC0AEAA917BE7CB9076B765693DEC1
:106E200095C5ABF794320577B7D6129161117F4FB4
:106E30008202A512F129462D1EBEAD2316F5BB74A4
:106E40009BAC0486428E4B25B81D52C8FC2C8CCEC0
:106E5000683330DE5A2D530335680CB9AA2C24A0B0
:106E60007E563C882A881CE3A8327E87B16179105F
:106E7000D7DA3F4140FFFED310F7D95F0A710FB355
:106E80006380F0D6CC0242334D6153F3E83DFD9868
:106E9000661980F20490A90AC8EB463E5C58910E30
:106EA000826DF0C3AB77F71FEF1EDCB8DD1FD5573F
:106EB000CD9BED80E3F92E5B6F013D41AD6B09CFBA
:106EC000BFF456D1F45AE1E9BCC8DB1D80BC4AF2DC
:106ED000D5C016328C235A3D9347E14067C4E24740
:106EE000F9DA339CE9AAFA2C17AD67D956A3635B8C
:106EF00084E1C22161F7C0713C4A4A582759F6B86B
:106F00002C4E68C5041B0B57722A945820D459D0B4
:106F10002EDBC745ADF3468DAF78C615BE320B5C90
:106F20001304B1DA6D9B4EF8B2357068B67E7DC53C
:106F3000ABABA0D619DAC435DFB8EBD1562308C500
:106F40008FC7E837B3B0622081BE1AD9C2739BE9FC
:106F5000DD507C1D3959E51269FC689FD8241EA5B7
:106F60009396E1594F14251E62F762A2D09E55CB2D
:106F70007730071E99B8E4ABF1F331B082C2A66E48
:106F8000D791FD753CD55C05F32FD07CE8F37F23CA
:106F9000067AE908D3E800499E1F2DC1C881885FA1
:106FA000FABC5AC0E0AB6A7494AC7EFE6FF8442F12
:106FB00014CDA6F8E7445492FEAC85FC2C1393F450
:106FC00028A91AEEA15F322F03A0F7BD524993C83A
:106FD000743894112C6443B57C646D3D2EECFCE157
:106FE000E6554596AC272406A875F65139C3FCFA38
:106FF0009C58F95CC9701F9A1C5E1F93D1D797A348
:10700000A98381555984113FCD187E35A83247AAEE
:1070100062AD87B753BA396F08E3BA185FAA18256B
:107020004A33A105CDD2ACC238471BD2830DB1A2E1
:107030009478940DE25311C386AA59CF456E57E256
:10704000976B466192C81039D0021668E35974A54F
:10705000D2F5EFD2BEEC72AC764A4D9EAA0C321C31
:1070600056EB34F4A8E75AFD6201B8FABAF003F817
:1070700016CEDD7848B23AF76E5CDB95C9A7E2C25E
:10708000A4E0D858431C4B8A0268F460AF3E4EAB74
:10709000FD303AAED7479349804F2AEE702A71EE01
:1070A000F8EB000B9B43D2674D5C9A57EFE8F8A6CC
:1070B0001A7BA451A733C7683F6CC31E37F2984CA4
:1070C000E1CA3D1C8D8F5D1FE94BE7150DF7E144CB
:1070D000DF5F39F641497165C9124AD9F391B91692
:1070E00046FECD38E365BE10F60B24818F4780A4A1
:1070F00051939AD1DC917F8A3F389241C955D52A64
:10710000FB9C702C953E90A58EB2417562A04B4FB2
:107110001215F4DC457F32FAB9E29BAD0B892A8B5C
:10712000A4BAD6E42963012F542A4CE3C0DB1AB475
:10713000EEBE9303D30AA52896FE90F9F66D6D6D09
:107140006C1BD610E6891A62CC963474AB44F69365
:107150005E7F471893B6DE46AF7BA7AF9F57E2B579
:10716000ADFE4E774BE820073D3AA17E9CAEA17C58
:10717000DDBB8321A7E55DEDD1DA12237252933A8C
:10718000AD47092EB5461BDEAB28DF7F36A27CBF9C
:10719000A690DBA8BA668113AA845B8FC94C04A6AB
:1071A000FF73D2DE2ADBBB301AE7E47C4495BC7C5B
:1071B0003F1F9D7594F93651A46E082820AB8CA012
:1071C00034A7F304E886B950106397C768EDCFE29F
:1071D0008E2C4F93A11711C18FA0A017B4DFDDDA59
:1071E000D01BB412FF0710EE32BA002592BFBFB217
:1071F00092035246A5A7FE04D64AA8C99376524DDB
:107200009ECDE98133276E40AF14C3B99B70A3951F
:10721000145BFE2D05AC0904A223F860772D2738F6
:10722000312AAD1D68DE5E75A89C9F7A5B780430BC
:107230001654217E1F293AAF94F34C30C0931C960C
:1072400050E2647246413E8422DB6058A75A46727F
:10725000671E4E7ADFA5D3B2CE8D25964D7C972C36
:10726000D4664985EB74A53DFAD51C0429C0D4E148
:107270008D3EE5220F5238272813A208EBB26FE3A8
:1072800084A577C80875ECD62418C41A8D907E386A
:107290006896626EE46FD8B2BB614973F0C0D316D2
:1072A0002D2384377451A01B277549098BCE568531
:1072B000222F98541B74C74D241C69F36066262145
:1072C00087FA5434A6FEA16063B753FAE4B1D7EE4F
:1072D00070A433A80EFF555CEF4F42C8828E02BAED
:1072E000D71DA7934902389BD27ED53A7948E88BBF
:1072F00026299CC10BA54D1B236279531499E28C5E
:107300008D60529B043E0BBED4E20C48D6B3E42AF7
:10731000CE8DE3C97290AFD8FC28A1B5B1B29CFF65
:10732000BAE9E70A4D37F472D52C564C6C9B10D74E
:107330000C33F9F130DBFC9DF8C8E5DD19FCB3B581
:10734000285B67077373BA2A95C7B189AC0E9FF1A2
:10735000B568F5240B23F4EB75DBD1504881B44CB0
:1073600062615A3D9612DB31D99240396080C76420
:10737000A1E4919F54BE04C2CEFA7E6EF5FA168E39
:10738000F6BB77EFF4B6FA1CD1F3C3ACEE1EE6A55C
:10739000F5B86043CE21135CA3A846A386BC811A2E
:1073A000CAFF42D4502E460D793B6AF8CD470D34C2
:1073B0003B3DD5E5EEE05B19586F72991046CFADB5
:1073C000663224059E1E4BC726F194F02D02BD5B4C
:1073D00045A09B87A94383DA80CAC54169CC5A136B
:1073E000B3B8F6019C1278CC541C8D548B1DC498F4
:1073F000807643A831E6420DEDD0321CA330630CF9
:107400008B356EDB468CCD81731B2B32F8149A5E64
:1074100028B0986AB6E9B4555E90DE44BA3098B2A6
:10742000FA3F122AB58A19D2F51BD50742170381F4
:10743000945757E81A35862B706B061305940693FC
:10744000153602CA71D3C94431F3C7C8E223859106
:10745000E24E567E3DA19AC774E415FC316B7A75F5
:1074600055D4C3A06DA9A47487EC91F1A0349A0CF3
:1074700045308B0B68E0D98C6ACDA0F36351E1EE07
:107480000C831F2DDC62C14C7A03C1CCE29AEE045E
:10749000D26BC531E94DC531E975E218D6DC8FC430
:1074A00026B52F36C1484E7FFB63E1DDC1B8E1EC64
:1074B0001557A1D017132DB72B15EAC25CCE780C47
:1074C000777EF6CF468192786D06E10009158BAC88
:1074D000092CE01AD73AC668CD03A50E67D1CB2494
:1074E00090EFC4CC8E7D8C97D9A5478E1984A95C6A
:1074F00008A3F7A3E210467B1C0E2B8430154CB971
:107500006A85309584309AD1BEB806C20C82530D7C
:10751000622EFE3E8809FFE74298A902011CC25470
:107520000AC288067411ADD0652063F5F8908835DD
:107530007FB610C25CB443980B8430672D1066CCC4
:1075400021CC9820CC190CF8EA0A0EDD3038FDC1A8
:10755000E2C9E5BEC9B2356B2E8433CD3D6C001A4D
:10756000A306C3B18A1B0CF126F0C6697401D46965
:107570006B8DDD59F6D50D8E26FFB4D7457A7A018D
:10758000A0685B3C8CE5E371412B2BC74E21ED31AC
:107590002EF35F18DF3FEF84667203D879D6063B7F
:1075A000CF18ECACD0B1F8FF474B2201B90E735E97
:1075B0003854319363156E300A45E92BB1A4130199
:1075C000856228500A3520A253CD8C0145FD465EC8
:1075D00067B2FE93047281AE4B1C79FC39B109CDC0
:1075E000B593B9B9BBF94289315F0BE5FFA4E44318
:1075F000CC0A94F1FE86C84F873A3E4BEC0A9F288E
:107600008E84A1CCE54B19470D756991A2DE67B256
:107610008E6F4A2A35306CC6DD165EE90FC7309D85
:10762000A5A5D7184FE960873215B857DA28A06C9E
:10763000ABEA8CA20A5EFD5C59519F6BAC89AB2F03
:107640006322B9D1AFD95E3F6D9359626240F13583
:107650000D32C6C5F4B7B60593EF993952C49FC22F
:10766000496CAA985896DB94A44726BD6997192CB3
:107670003C607947FF12E3CDA232FC48ACF1D1A0C7
:107680007E649F44CB1116331220C3014479F42C3D
:10769000E62C6B6BD494E55E14642B7D29B311B397
:1076A00061808C1AE3127BFDBB4AA8DB1A7C458BF8
:1076B00092503A4E72D667C1473843BDD0C45AD4AF
:1076C00057E95111D432609567CFC5E226C73C2FE8
:1076D000A675CE1F1A51CC30E19190865A20B21374
:1076E000E95F561A628BA456310A522E16C2137FD6
:1076F000A8E3C41528615002C1428B5760792FB1AD
:1077000024D25221A13F8ED2B9580E4A98255371E6
:10771000A3658E95CA74D17C878BC8D2302AE2DDEE
:107720000C057F42DBAF2618AF9EAC60544161056B
:10773000794CA65798184A89B9DA85FEE5ED2A9C56
:10774000C2BC79B93FA2A56DF40C5DC85299DB2388
:107750006BEAF8ED3E60B43BB60F2618A5DECA57BB
:10776000D2D708A73223990AB96162D80DB6A6A963
:107770005ED0CC484E298A1E4BE1512D5C60BB5136
:10778000DA9078394869BD6D60AA4C6E9A6CBA740B
:1077900017BF74171F43CBD9B487EA3894284BCD51
:1077A00090E601D837FB82D7FC310557CC9CC795B2
:1077B000DEE6F64EB7BB0D4867664D72E05304A394
:1077C00068C8F01E25B229DB439B928FED67C97F05
:1077D000EAFD34BB08581B65A8FCEC256DFB8B81CA
:1077E000164CA018DCEA88819AD411915D03765278
:1077F000E61D57CD45E19D96543847D989D6FE1FE1
:1078000079DBE12AE74666A5F73A89CDB115A5945B
:107810005AABCD3E4DB13C69DFED5030B92B855DA3
:1078200050BE4261FB0A3A810229A21ADB69EB557C
:107830001DF0FDDF4BF6994C6B3B64F103D87EB431
:1078400006AB2A997DA5EBD25BE3E55E38C31AA3AC
:10785000D4D26DD077BF6EA6BA66364B7F361DD8B0
:10786000AD53E8578CAB2C9A989FF48E74C95DC4C5
:10787000C1528124360165EBFC98DA405D72668066
:10788000874A8DD0A54B5600990E032653DCBA03C8
:10789000BBFD250B8CF741BF8F9A38351FD47A205A
:1078A0009A6F432196A6D193AA1D9DA1BCB40E88C0
:1078B000C9348829AF5D7C76BC602A7A03D4C5CDF3
:1078C000F0EA7A17971FB5E247F7569FD69595E6E7
:1078D0008EA4E162309DB682E942E6B465BA07B58E
:1078E000E06605A5DA96DC1F7950408A73A922B4B8
:1078F000A804C9689AC31EA97A85CAEB50D2A8E524
:10790000FAE4A832E2E632068016DBFCD777C350F1
:107910006E25AAD1946709DFC739854505A8CCE152
:1079200083A441A640B0CFD488BE199F7C13CD322A
:107930005D594B55A8CACD288BFB2AE6A40C5AB931
:107940000D253BBC647B5385B3ECEFC81F70E4E4AA
:107950008FAD5E5FBD029640BDEB6EAA5A9BDDBB4C
:10796000AADA4EEFAEAE87114CE4CF8DFE9D6D5579
:10797000536AA86505D255A9A6B6FBBD4D557BAB8C
:10798000BFD9DFD9D19D51AA56DD1F09F9559724DA
:1079900065529FEC6CECEC6C77F537DB77EEDCE94D
:1079A000F7D4471B1B5B5B9B9B1BEAABED3BBD2EE0
:1079B00054C595D870960246B573A77B1726096BF8
:1079C000B4BDB3B9B1B5B9B5EDC5E7CCE2EE3C8B0A
:1079D000338493D5ACA2FC0D2A85401A0EBB184FF8
:1079E0005B7A57E31F3AC99270253B62F3848A7B26
:1079F00032D225C7D4920C87D1014603F50769100E
:107A0000FAB7BAE7DD6A13428607AE1C06CE156EDA
:107A1000DCEFF8BE632481C65ED2C6F32D0E2DAE18
:107A2000F5A5475CC2A87021D3973B873BC4FCF601
:107A3000B54C27FF3A69A08587C9DE9FC9EAEA7E6F
:107A4000FC2911E6F713F6FB652D3E21F9994EC48A
:107A500013FC5B9C26E561569C8997B5346326B878
:107A60005AF23C5086EB8593E6445FF8756663E70F
:107A700038E924DC68F14E0E139B4A0293A998C0A2
:107A8000964ED083A4457FE45171361EBB4FEE5F06
:107A9000A6D503809967A37252A12721F199C655F3
:107AA000D03C42E552065DEE920B6004006E946697
:107AB000A87C843F2F11C2667300C3EBAC39052547
:107AC000550B2A9AE17AB349228AB1514C44BE8EB1
:107AD000EDC5B9FA810DC79C73FFF6630D2F0B6CD2
:107AE0002A102D603B0817B5F982A5F5917860BC86
:107AF0005309EC4E1903F97ED577708C0D09C83304
:107B0000BC18F62A89D02F2331714F1327F42B3359
:107B1000D86967915656E85CA0179B555B99B8AD3C
:107B200061DB4B37046BE28660953E98CD10AC2448
:107B3000A83681BC65429ED620AC891F849515D895
:107B40000698E950E2076035E7944CBB7500D6957E
:107B5000B847713081112C1D722E6C2339E47415D5
:107B600066C8245AE8C0A8E9647568C9734315CB90
:107B7000B40983DCA65789997D10BBF014A897C57A
:107B8000AB46FA110D3234F79103CCB3C461663AB7
:107B9000D0204A019ECC7E227287E604520A85C11B
:107BA00068D78F61614206B83B5FF4C5D0C3976E5A
:107BB000B6AD9D0C32F7140106FFD17CAC4552A640
:107BC000937059BE4A647698026709DCD75C0EB59B
:107BD000AB58146FB4757194D4C749D989F48C2407
:107BE0003149994E25DAF7904EDB365A5B154F60D6
:107BF000A494B8970E59CF797E66DFA53C0B1A0581
:107C000086A162412F6B1E439CA50271D318B9A9AE
:107C10009B420A6CA2E40202ED2FB82545E8E75327
:107C2000E1BE10FA2AAA1BD7C883B921D96A3F6CD2
:107C3000B20331603F2E70D88903CB2CCF01DB63B8
:107C4000884D7B67D9594FEC61B407B3BD4DD692CF
:107C50007B70176ED41B1340445DC69A6532D8887A
:107C6000FEC0A86702E5690E8D121D60B943C145CB
:107C7000A75A2D063B4D1A7FFE7A337A935A4785D1
:107C800066863BB7AD6EA4C13FD9DE1E687960E65B
:107C9000ABE99471EDB3A00664E666D00AFD027DFF
:107CA0006F541F1B1111AABE5CCA90AD9A3E6E9A0A
:107CB000590E09C819C4B2D20BDB781673CAD85949
:107CC0001B1A515FD46C030E8C3EDD82D92EA95D48
:107CD0008C2403E07FE54CE9AE9C927FC08938E7B5
:107CE000288D48743D418372077C121458B5B13811
:107CF0004C5894F9A83F53A8DD263F50B1C924DC65
:107D000074060E7BA3A285F3BB27496B4D876F4496
:107D10009EB5585718FBAFB96B33A7DC0FBF8CC4A7
:107D20006F8548C6A21E0FBE8C62D7C5CD06BDD6D4
:107D3000883C7740B0363EDDC2B0EB2AC51FA0F4C8
:107D4000D1142F18B919052CF5168BE183959729B5
:107D50007D63EE4181DCC5DC395DDF26E666885750
:107D6000E2EDBC156FE73EDECE39DE569E0AD2D676
:107D700094D076EEA36DFD864391F97CF05BC16DE6
:107D8000C0E783641CBBBE8CDC7BA8613188278282
:107D90003B589162C40DD4AFAC5E69260AC6E40AB2
:107DA000E1A7F9745677809D1917921129E5AF1252
:107DB000F9F4BD7D8EAFAA24432D39D42577D54C57
:107DC00028070889AB28822EBD281B2FFC9610920D
:107DD0008CE011DB3A31FD9E34FB35884FBB9C149F
:107DE000F9C32C1D7F6DD5D596FA6DC30DA5C8C7F7
:107DF00054FE07B04BA785F49F244DD4205749F378
:107E000060D3C7E8F39B9101628986E5AFCF300A62
:107E1000FD3429EB8B004D6DB2D6C2BDF1BE72F8B8
:107E2000830FC73125B5BCC812E57C308BB1023554
:107E30009F62F3B370E6B792A2B02DA76060976817
:107E400068BF97EEC79D8EB2D5428BA7CE64941FB4
:107E5000256531ABB28B7749FD2C0778FDF4FDCB5E
:107E600017CA20AAA3896DFD5CCDA6530C9D4F3C7B
:107E70005B5EEF4E52F298FE382A73996CD3A9F5E7
:107E800094002BAC94F77E34AB8BC7C57856E10ACF
:107E90007ECC9B731F163066DC2A920D1594BD5460
:107EA0004AF3C612FC8676554B1D07AAC4D59059D5
:107EB0005D545C1A5C9F4847326C5B6134C99861C1
:107EC00004E86575E9666ABDFD05C7662590514BF6
:107ED000BDDCB2D657571534D956DEB20776DFAAC5
:107EE000B06ADBB71954443309F8D3DC442C55DBB2
:107EF000886FCC72A17E422D135ACAC79504643490
:107F000095455B3DC400D8C36AFDE0E0B83EC9F4C6
:107F10007ACDE2D970E69555DA1D1845E615C5FD0E
:107F200072F706A8AD88FA32E766A82D6196594621
:107F30005656A632B1D2F8DDB63A9DD50A5AFB970D
:107F40009CBAF6431698F9D0988BFCDDB82CB20C8D
:107F5000EADF0A3A95FC8DF28B42AAB42BBDC82DFC
:107F600087127360E58D0551A707912F65798D8B79
:107F70008167C5390E5DE30800D8751B80466456DD
:107F80007A55AD92723737210996EF870A0827860E
:107F90000557D058A96322E98692662C5184340192
:107FA0003608B36E49068EFC5AC87372D868638966
:107FB000250D22972CE570790CCB399A56C9A4135C
:107FC000E5FE084A9F03CCDB4650FAFC5E69824C12
:107FD000209B4B83681992FCED8C2B72550D4C59EC
:107FE0005B26AD21DA98E8C09429FADE700F3034B0
:107FF0000C984AF60675A8A766F4648C27CC7562BF
:10800000A6EA2A63949C28AF1669A9E4AB43B72C6F
:10801000B342838CE9E0E8C663F7FFA86BD6E3A21E
:108020008E8C0711FF0E43C171D931866766319876
:1080300027D7098034FD70AE0C942DA76244BDEAA9
:10804000EF56A412A3E99C48F4F78E12D26AD172BB
:10805000E4244EDAD41467893ECAC2D2A43DFD821C
:10806000B338CF4B148F7A350DD1EA5A8A60D223B8
:10807000F12138A63C4329FCFB8264AB9E5584CC9D
:108080005FAC2C77FC978DDA8AAE7674F4FAC0690F
:10809000DDFC01B261430B13A2850AFDF5B47A64DD
:1080A000F89C9595E580697A42DF0E47BC6697EEAD
:1080B0007911BC861929E92BCA877F537E84FEE299
:1080C0006C45DF71DF94179E97E24986A79266950B
:1080D0008D6804B8880AF12663260D15DA209FAC56
:1080E000F77F68936F7D304A958FA8617CEE31F8F9
:1080F000DBDB360D8B9D8E94B779E9A868ADD1EFA7
:10810000906FBC9E92F1FC720968759CCBBD07C94B
:108110003E6A9AF69EE7FB31B030B1959A10F3A60D
:10812000E9E5493ACA8AA34E04E8673CCAC709A0F0
:108130001F348F87A7AC80D7485932809A1E96A3E8
:1081400093A443A75B5B99CA870470EA849A418F22
:1081500054FFBBD3749214AAE66836490B29D0CADF
:108160000072653F7FCF758EA06C7535BC157CCFD6
:10817000F7B27DAF01E9924CED935B7163602747E5
:10818000AAF9F46474A4470820E3ABFB8D5830C00F
:10819000498200BBA2CA7571749435A72E198B64ED
:1081A00086613EA89D3407B6206D34A5D98A72FD3C
:1081B000E0AC44664F0511BD3C1B552F81F84FA71D
:1081C00059122D2F17EB27EA617E4D6396B3C85BDA
:1081D0003B96E43F7A7658C29F3801A4F20AA42164
:1081E0008B26A1A769F90228BA41DA4A3BCD6C3641
:1081F000FB61B98EA3508490A25E8BF545A40F5409
:1082000058EEAEACEC9681F39D98915A26DEB37D84
:108210008919D0DAAC3F4597ADACF81D0259F62F5D
:10822000EB13DB826E9BC419D1BF9A384B171367CF
:10823000B0E6ED2CE77189CAF49AB6094DDEDAB7DB
:1082400051D62A6741FBA191176B4AAC5ED4CA3361
:10825000160BB8C2D2E10ACBD84F3B55B290E60E0E
:108260004DA76CD83393FE0FE67E779845C09CA24D
:1082700043EB2395F24F48B7B6BA9E46B76F9F9D22
:108280009DAD9F6DAC17E5D1EDDEDDBB776F9F2314
:10829000C92EA3FF7F470FE6F006B58739313BE3D0
:1082A000329DD6C0102468DA4E11F55572C10060B7
:1082B000D369070172AAF986B8F3B3AC7FEFE7FF81
:1082C000F5B6FAD551B9CD4F8AD3440A5554B26E9A
:1082D0007A08CD092B011FB143DDEC2E17972966D3
:1082E000034EAB39690A1BEF4321472CB70A269B83
:1082F000623C1A738D87A9F909A791C8BDEFA81F21
:108300004DE9472C9F0199458DA65FBDA3E0B5229D
:1083100051403B21A05D8A2F5238B5DC9336A30C27
:10832000B524983B562BC1E30B2902B80EA6271C97
:10833000A6D3A528FF1E5C6F7EFB37607B120EBCA8
:10834000469AF0BD65903782F10983F1CD36DAE0C7
:108350007C4B4F06D69300273322240E7C13E70272
:10836000EB3BEBCF4BDDEBE47A64503264902D9223
:108370003A2DEEDCC1126AC827D70DD96AFD4B89A8
:108380004132745891E8A390D206143FF830B230CD
:1083900001B0677BC53EA98815BF397C5B41771565
:1083A0009A26FE65B6DFB0C42F641BAA91263FCF84
:1083B000AE2FE5BEB4F3960E649D0EC0F007B91C57
:1083C00008FBC820167A2799FCE2464C7EF103266A
:1083D000BFB88168A908876686C5754C7F64AAA561
:1083E000298562ABD0C67231B64908DBA0D5E772E9
:1083F0006F31B64908DBB41FD6522A3B960DA359FC
:1084000025F5FD1A96F8CBAC4E820EBD2494795416
:1084100007AA6E18B61F6F0BFAD861266DBA0CC981
:108420005128F91845AD70EBE0F0A3523BE5FFE6AB
:108430008CA851DBADC7F0EC22D1EAB5C2536F6D09
:1084400061DA35AE0B5FE8267AB6CB5BD26CCDFE37
:108450003B09AE25B822DF525DAC87882E07F3B901
:108460002F5BA9B527B087A2DB7D8117F095DB9143
:108470008C11D9E4726AC9E57802772437350BC3C9
:1084800082B458B1D9CDF81962B55CF64BB4333328
:108490004A43E6F233DE90141A24133D244AD49161
:1084A000903ED2497C6ED9B9904B9EAC8A910841DE
:1084B000F325707641C2991F4FF1E82DC98DA8CCE4
:1084C0006B1A9F172D04D612EAD05C0A2B8F729775
:1084D000C20A1555F01ECE172E0D118A6A2DF83ED0
:1084E000948B365F2A203F041F43D1D442FEC8F04C
:1084F000BE61D7DFD452D2EEDD5F5979C7B9696D5D
:10850000B3B8EC78108467A3402A79EDD9BDBBB32A
:10851000B5DD257F03A3EA2A623A168C342D177441
:108520009BF024EACB8DACABBD1D790A1BE9E8A01A
:108530003F1627C0F7C8686908635C1772D5E5CE97
:10854000D124DCD9D106B7C40D60A65C03B9393893
:108550005BD9CC35020E412EED725E9E552C9914DE
:108560000E55AC2AEF1D8C04EDE2740A849A2CD1CE
:10857000F54AD292060B37D77A5B483024D58A6AFF
:10858000F068E7C8AC51993C88E989874F5404D713
:1085900027F14618A1651F193D3396A395DD60228A
:1085A0009C50EBF1D5BC48A4A5253D366AC2933C4E
:1085B00058ACE36F48847A5DDDDCC334F094FD2D64
:1085C000B5EFDC580E2755E174B9DA0E99A7E2B77A
:1085D0001F4BFD79C3BB268D99619BD0A6F821A9BD
:1085E000D17731660AE2740D999FE0276ED408DBDB
:1085F000DC75B664C0D6A1BD8F481D3B12C7B44020
:108600007706202375E23B38ECA2CB493A7E7AAE5E
:10861000CB038AA373D1A6122F62F295D1D6D12BA8
:10862000B1122A6FD35A585B25E396D0F4835131A7
:108630005EB457813610F406E085D0D1B55A8CD49B
:108640008B66A092C235FBD13D18E0ABADC7F9D027
:10865000522ED5D6A34C9571901EABAAD4365CD7BA
:10866000A1A431FED4C38F0D2F0BFF303AB3723764
:10867000B5901EE8A9928A52C2333B5D7FF6365010
:10868000162A302E65D6071D624732D9CA9D4DF392
:10869000DCF271EEE94CE4A5F00C4DAEFAD6638E37
:1086A0009BFD493B4E73F87E09C27BD3DC71CA85C2
:1086B000538B74953DBA1A082ABB699B9E60B90C0E
:1086C000A52D5C8656F2094728CDE6722FC049BE1B
:1086D000E802E4CE0590A3E886DA12557FC4EC5197
:1086E0006D3C207409B5671D9EEE374186C417FDA9
:1086F0009F60E66B6DD6AFB41C3838EBA2F6D79608
:1087000067E018DD0E4942213553BE61614AF90523
:10871000A5ADADB091A74CFD343235B5456E6A6854
:1087200053672331DFA12C704C7C6BBD6A46C7D7E1
:108730006EF0FB0B11128EAF4ECE0C71C9447498C3
:10874000E3A18A72B29E4264E8639AA621D0476987
:1087500090DEEE47227E843D7D0529E2CD10231474
:108760001B27C3B364C5D92439241764AE6C37DA28
:108770000076C8C33E7D832559D9162F9BFB86847E
:10878000DB4A9BC5138BAA9C690B755E8BD55288FF
:1087900061A4662E5144891E739CACAC61C99D2BAB
:1087A00032CD97C9783CDD55BBB6AAD12652910986
:1087B00021B59BB46EA64F3AA0763AF83A2FD14530
:1087C000146EDD0814D8C86B8219DD912E9C9B5065
:1087D0005B7F637580A2D0C1C970A8F6854B11DD9F
:1087E00094B6B9CEE08DCEF9C2D364F852769AC869
:1087F000FCED15C51B2F2850DB7B2720EBBBA46E9F
:10880000046485B208435AEE2A5584B1C0AF795446
:108810002CD2AF11C3B86C691EEDE1EE8408C158CB
:10882000B2B94A212983C796E1E5536992AF0D5148
:10883000DC4C91D685BBD03A5FD9485B0334C35F2B
:10884000664EB4C6B71363D5F0AA887F2F114322B2
:10885000237386C1AAA9588902A03201A70EE55543
:108860009033BBACB02442290AAF22009AF1C2DD9A
:108870007C32970C50125DE6C016A29388C307B2F3
:108880001085BFA5C9D9D5D5599A4F8A3393EA1116
:108890002322E8D6B02E7F96997C4A64A44A94C2DB
:1088A0003D948184802F85BECAF5513E3E2E4A728A
:1088B000B4973A535DF4FAF0103DBAC82B0E65191F
:1088C000321CAC7E926F294FA2E5620152EB9F2AC7
:1088D0006F5DCE2C309612998B0D3DC9E3B59EA8E5
:1088E000F09F313C9DA25F171071C7CA0484A4C5D4
:1088F0008381B5A7BC184CF1685C5D2997A3A9E9F1
:10890000069E37C8193D5D05AE096B155757E582C0
:108910005A4038AD02073DE55CF706CAE357E3A9C4
:10892000E5DF95783A14C1051433C581A15B8FE367
:10893000298CF762A08789A10BD102433936509C5C
:10894000558C34015BB1BA8A563DD2F119E80D2C31
:108950002DB0F4349698029DB76547DCE148DF03FB
:10896000299498C6C7F0E1741DC33DE624079843D7
:10897000EFF33C467BA0B5DED555457F1549268FE4
:10898000DC8CCE5835D70982E832E4B884AA429705
:108990002A749D0A34A137457C493B9C4C5019816F
:1089A000C19FF5497A8BC707D371FF4E506037AE30
:1089B00007BB6651F0CEC6BBC25AA4071E52EB7568
:1089C00015A7636DF443E689BE8B2A0C6D34C2DAB9
:1089D000BD84564D6E6B8C8CE3A486345C1446EEDD
:1089E00068312EF76C337A5B91634E0E2D9C3911F2
:1089F0002BCFE3338FB6FECE4A24BE9838D2AA518D
:108A00003C5914902470823A519027046BC373161A
:108A1000DDE93C14DFC3C1C4CF40D01A926634678D
:108A200083DF20F3F5937821273C38E1E7BC373C1E
:108A3000E18AD0B8D3899CF77757564ED6270ADEFD
:108A4000282D141671355AA382273653F24685B164
:108A5000343BED09633D59E106A6E690A0F80841D4
:108A6000716DBC97C551286D202C21983087257DCC
:108A700070746D3C3FD26565D7146A647C16FF3212
:108A80001304D8C519CB5C90FB66408CA4975CBAE4
:108A9000E67887E5BA9F99BBF432A92264C43B3CCF
:108AA0009814081002CA5EB22293CE688FBA4C277F
:108AB000931E985F2AD42C2529D5016A9FCA585045
:108AC0004588FE97D4A80AAD2C0DA17966D6CC2690
:108AD0006376C7EF4671F6075F3B8387558C6B67FC
:108AE000F07963F08865A43072909BB103198840D7
:108AF000850F117178CD87F86BC16DD914A6F7FB7E
:108B0000E7E15E5AE4B75B11E684730F1294CCDBA5
:108B100012500F318B4CC4F248B3B1E4E3F6D4A742
:108B2000F5353E43F04D8DDA6B2E60487C063DF105
:108B30008206683B7F155F9BE594B13D5113C95296
:108B40008D9245611E9EE7ECE17DC11E4E26ECE153
:108B500078B24F8372C51036B28719A62FB948DA9A
:108B6000442149ABBFBE1BE742CFD3EFD09797302C
:108B70002BC631CB8C9858D707FD73C3FEDC64211C
:108B800085296479E2D00037F532C41E5599EB711E
:108B9000C53C0D493876136FC341A2BC2EB6903147
:108BA000903FB7EDCFDE8E1E84B261F36DE3D8EC5B
:108BB00042ED8A814E8F0B5D2DE7E49D6FDAB35154
:108BC0007BEDA2B3B3FC4BE107A987CE74787A584A
:108BD000E5523A97B8A76FE8681C768639232AD6FB
:108BE00053CAEC26310E8195286F290BBC2602CC86
:108BF000EB6B5BA13CC6CE3739854B2311097774EB
:108C000049422912525ED94541A889B0974E49750B
:108C100075556BDD9C89931BD45C5D675D644AE987
:108C20001E1324364A88D108E1969BE572B7D89086
:108C300019ADEFD9A9FC9BABDDB6A6EE2ADC780610
:108C4000BFFF6006ADEFA5CF92BCAB8FDC38F4A5BB
:108C50007173549EA40DF96C36D62D726F1ED3809D
:108C6000798DD7E0B7C458D4FF861AD587C5C949CE
:108C70005A3F4EBF24E587FCC40FA0499CDC827A92
:108C8000C114C38DE8BCD75A1FEB608322B9BAFA6E
:108C900046C1F843ADE494DBF24564F123A00394AC
:108CA000C2C3B8BA7D894B9C7E26BE58F8FB2841CA
:108CB00013A32F726E2C779473BA137E41382D94C0
:108CC00087915F10465FDC12E6CAE5FAD0ED447F7B
:108CD000751CBF03A2E7B78CBAE7E4DDCACAEF99F7
:108CE000B419FA0593E185113C7E110B8700ECBEA7
:108CF0005A2C589B7C11094947A6DBB28EBC299F90
:108D0000C4DE34A436E9AF126933BF48918064935E
:108D1000A54E2C551562DE1B4E53290A8A54039A20
:108D20008A2A48807844CA0C9349A340505CAC6CB2
:108D300086444861A0833414ED849499D8C0E70A2E
:108D4000E4B8D519430546332F5CE985BA6C39E59B
:108D500074CC4B9D02CB576AAB508AB9EF1CDADA60
:108D6000AE1158CC904AC659CD168CBFDF8BDACBEA
:108D7000FB007B749A8D22C14C6E4512A28B5FABB7
:108D8000A8D36E3AD42DC3469B464464DC23590CC9
:108D9000FD19A7B33CAABA6644BC4F3C0C9AE460E8
:108DA0001E33E70F87FE48CE96DE4F48C35A94BB6A
:108DB00023581AE3B1629C093FBA9952CA7040C65F
:108DC000384149EE5094510555EA32774A46890CAC
:108DD000F93CDE266EF47643F539D22AEB3FD21DFC
:108DE000943F1BF3B67275550F23DF2BF70D0F5B06
:108DF000C4A8D182FD8BD38122736696DB55F06EB9
:108E0000E6C0BB2FF18C9D3F09C7B9650930834E81
:108E100095B65BEC7EB079F30FE633A8A988279866
:108E2000F69745561F2801059450C8C0DB0ECE9119
:108E300016622CFCC0A0B210A0E2346B68DD3C8846
:108E40009894677E8C671E93B68F6177A44DBD237F
:108E500059E8EF6C6DD236D446CB68FD888A7140F4
:108E6000D9DE99D790DDE162EC4A22ADD211713C96
:108E700051626D0CC9B530EF6D223BBC9F90A915B6
:108E80004022923902BBB9211243A2870298B70D42
:108E900061D2609D4B41A4A144CFC3B9FA6A8B7FD4
:108EA000B5B8F6DC8161FE20B67A7D9B6E60658583
:108EB000209B76D6F5D8F896295CFBB571FBDEE8E9
:108EC000B7A500C4593CC0DB853E9F8B474F32CAD3
:108ED0004D0AA8C189A84CFB42B62714819BC494B3
:108EE00050CEABA8802B26136B89AA09869AC0475F
:108EF000E84349601B856BCAE28B347712CF76CA90
:108F000011DAB362493E3A315669AF2ACAD3292EE3
:108F10008A6006E84639DAD153A19C2CD125EBE7CB
:108F20004A03877435568B754A6E94628A7F567BE6
:108F3000FB8353D7843213D3303ABDD684F205AFC6
:108F4000656D2469CDA1384DE1EFA998E2E5D1D056
:108F5000C5B51C3C2C8246E40E63D1F6A66ABCD48F
:108F6000B66F32107FE61AB2AE333BD6C135EF6230
:108F7000EEF0A0628C172AD4C285350DCC04AF2741
:108F80002EC83410436BF3627205685A0BB67C5FCF
:108F9000348C05A3B64AC6827B6F3FEA74B0CF70AB
:108FA0009E49C7999B5DC0ED0580800EDE0F0DE8E0
:108FB000FA084A9D6BD0CCA4836734B352EB9B0E66
:108FC0006CA37560FC72E7D7386DD1CDF805CD6F15
:108FD000BC50B90BFB76684EA75F2F50863B261B13
:108FE000D8533B1CA21A947C5BB3767A2563D82CA9
:108FF000AD9E92723D2EC472717595B5B850B2B2E5
:10900000D6F6803EF890A29239540BF4C9339945B4
:109010007A0AD390C40B57CE288D1DAA6B2CA9AE0B
:1090200053A1275CA0036E035E93D6F7921CC0DBAE
:109030000728F841B233465FDEE553D24F4B0B446D
:10904000043EBB40729C1A3FCC534B6DE0CB69BCD5
:109050001B9F7281BB0212C7F1AEB8888FD5361C38
:10906000DF08FB01B6DA14C750B905B1F422401B82
:10907000FC9D14E81F335461F57E673F26AE2FCB6D
:10908000F8189826DD1E5D080CFF75A6E86DDF88D0
:10909000F44CD1DBBEFAF7EC7A7A9BCE3486D1F56C
:1090A0002ED2963F9DC6D1386E37B0BBFC63164CAE
:1090B000431B9D637E610C222E34ED732C76E38B73
:1090C00030A29AF3D3F8D4102E92603C9527601A00
:1090D000275AFDA4A56B32358ECD58134F25A08895
:1090E000A70C988C87748D08C9987CB668E9AD2D5B
:1090F000D41D79AAF3065D70AA6936BAE8884E0EC7
:109100006B067F5258BCB21EE575278C00BCCAD7CF
:10911000B17C1B46C1CCE9BA8227CFB6964691C630
:10912000C6D4BD1187C074190E2BDDBE1463CFE405
:10913000D7A6D3F7151B1F5ACA2F0689732D769908
:109140009A402CCED2E1AAB18133403B1E763A91AF
:10915000378B6B3AD2FDC88E60ABFB7D544DAADFD6
:109160001B5757D3D6E0D9504EC277ACEB467C990B
:10917000BA024454454E5B22BE708DA48AD5366D2A
:1091800095A24E7D292A2BB00DE0C24C01FE9E2AED
:10919000321D3B554C41E3952F5DD535E923131422
:1091A000C60D2AD482929A10B7E729939C8F18DFB4
:1091B00076DFF19F97543CC29695BE24C59388856F
:1091C000EAD1BBE5C5EA29C726BF54A9950FC00C53
:1091D000B1E0372D0C9026B04A877DD37A7596552D
:1091E000D550CCB06E9A3816A58975BBB1A123DADB
:1091F00090387C40B23DCC3F307050B942AB52AB5E
:109200005E2E64E766AA159271127D7ABD4EAE6736
:1092100075729577A2AB709ED851CEEB158C5069C4
:109220001321432114DC6106462F8DAF3D22A1148A
:109230005502F6653AE62248B9D4AEED3CC74B720A
:10924000197705C22E79DE2952ADBCBE78AB4A9D96
:10925000A22B5B80D25F5126DDE5D484AE61FC5E3B
:1092600015CF0C229F2DF8BE4806B3F855A9E36828
:1092700010C27A55C6A940CC8EA96496C70ADF668B
:109280005C330E633626A12265034EDBA3153F9F98
:109290000519F9FE28B46038E414D0421546F45E8E
:1092A0005EE9C2F4B20BC40EAC6781C6C8263CF6B8
:1092B0000046225E51F85D005CF327780C541E5A7C
:1092C0009785DEB983791479C079D565065D166115
:1092D00024BF6479ED48C2E3ABEAE58DDBE58A792A
:1092E0006CD80A5098CA0DAEA15FED46FA7B94FD8A
:1092F00002E7BC251AA1E19412D7252754FB004EA2
:109300009681EE5291B0A4617633C753A00CAC7530
:1093100056E556EDBDCF665A5DBEF7261C942DA9C5
:1093200050E0AE37257E37D0FE8773EDDECF19597A
:109330009B97F92566D6285C67716524903655DBC6
:1093400029376FCB75304407D198DD90E886033418
:1093500063CCCD16DBD98B960AF39732CD521EBA69
:109360005494BC89DEB659A19FD940B456D249F570
:1093700016843850F6897FCF73ABB25E5B48C993D1
:10938000094CD08C2800044B39A6DCC1F037A62745
:109390009FF373581EBE2CFDA8111BB06E45FEF244
:1093A000C28C7D6397B1A3353F8DC77E0A3CA05F19
:1093B0009C2A53A01CAD45A334A29226D439129600
:1093C0003E0ED6161B1AD9FAA683DAC6F4C7161DA6
:1093D0007849F5CE91ECE857CCD0A170CAB167E7D7
:1093E00071AC847AD2D86097598CCD55C00E139A3F
:1093F0009285BD6BDA7FE44DFB0F965CE68700AB90
:10940000A57B0DB63434E552DFBF3E84E7D70E01AD
:1094100001E28D00A04D256AD81E80879BC2AC6FEB
:1094200025D79790F50D2064439BD196F1CE669A8F
:1094300067DDB6425077109803633EB729A9CDB7D0
:10944000FC40A8BA8537E02D03BCAEFF2EA53EDC5C
:10945000B29A112CD76CEECCDD5C938DE472D6B24F
:10946000B9B396CDC5461E4DE297A31A18E524055B
:109470009624F393803F028604879694E256DA9E00
:1094800021FC4DE2973FC02F1E16F9617A241EC5BC
:109490005DF14D82E8DF954401E35D9FE13F5FEAC6
:1094A000F8BC0EBAA178827E36328295785DC3C34D
:1094B000D70CFE798CC6968F157CD7361B1FB070E3
:1094C0009AC7BDDB5DF18B167D66681CF549465079
:1094D00014C7D27A56BC213BBF917A1A618B1F30D8
:1094E000BED41355EF4389269CF751F1614EF928FC
:1094F000098CD1C7A395EDE12F41187D40B5DE5A07
:109500006FF8A1849F2854B197E2B4768C4494A458
:10951000E4D10AC08C0409A2EE304956D69224BA8E
:1095200098B0CC22864EB95F2A9F33F8F1B4C2249A
:1095300094F74B8AD5F09AB4E7DDAB2BF82D8D6507
:10954000D7935319B422B109BE7BDBD1F32A9042E1
:1095500062B4A709A31EB30F6389DAE1706C757F4B
:10956000FE902B519DB30A06F4ED6CA1A76049C192
:10957000B6CB5004CB01CC23945E5ADF42E536F7DC
:109580000DFECA17F0E36B7685E1C4D0710E289406
:109590001945DBC5815C24D2553F97AADD477292FD
:1095A0006EFA12D84158C9D5AD6E571C61E60E4C03
:1095B000C1C916F62271351B6395D982EEFDC5A18E
:1095C0004D56061B8243A6B1C16247DD50DB3574A0
:1095D000432BDB4A670149FA79335ABCA5CBDE94A9
:1095E0006951A6F5456C93E7D671B9B256B6D42148
:1095F00033B14B0950790F78537BA1B69CE90E4FDC
:1096000027C1B79913C93F04B0D028139349C0228A
:109610008CE2026F877251A4EB910E07AE61ECAF42
:10962000A804343E0E797C98BAEAF13C7E5079C9A0
:1096300023F2F8D7B23D89421EFF56793C155606F3
:1096400066F104B848311BBB839DB72C59DD585BCC
:109650008639666363E667AF9CC0297A6E08FD3B76
:109660002A5F6763C7D1131656060583BC9C7CA886
:10967000B9A5D48F4E8417C7BA5CD9803B5642AB8C
:10968000C9F9342D758688AB3AACE3714687582EFC
:109690003B1C04655FFE68F0E82AEE2BF676340684
:1096A0001A2BF886D1AFE19E24742AE06C6BB0C40B
:1096B000CEF80BE933100E26C51229C6269A3AB306
:1096C0008AF10AD769162A253F460238403787595A
:1096D00066AC010B80A600468D6564DC8D826F0C44
:1096E000A8D6F1138930A481BC421D7D524B7D2D3B
:1096F00048322D4D98038AA713FF2163BB86FAE0F9
:10970000CAFDC8E3B29403C6BC67B5BCCB74215193
:10971000A02C724D6F6C87EAA5F1EB24B9B71C2B16
:10972000E34D97699D91BF7C3D0928E89A595DA159
:10973000C757A8F115667C851E5F61C777D3011AEC
:109740009DE7619AA7D57132F958945F31998729BD
:10975000908E8E251E4B8750897CCF18048A2A7CD8
:10976000DE9FD8D3043A493C2E0571AF1A05E63E78
:10977000DBE876FB1B9BFDCD5059C9D7F187140F51
:10978000C11A3A7DF5BA3FABB001744ABBD2C75E8D
:1097900036A756D0CD5722826CA50C650C61C44EFD
:1097A00068D908085F9FD546FD1513FB7EBD4E4F57
:1097B0009262563F1DE5932C895F14C19FB563509B
:1097C00020E76258D1F982096E7A1344B7BBFE666E
:1097D00097A6C78232A3B08A90143AB861228AB59C
:1097E000DEA0FB7339D0628D8DDEDA338C01302838
:1097F000E2DECF3FA7684580AAC3F49ECC4390A287
:10980000DC2CFE8F622ED3F508C2B46B98FD2BE8DA
:10981000F5BBF7CA21FC1B6DEEE02FF837EA75E9BE
:1098200027FE897A776505F8136D241BF013FE8DEA
:109830003637A814FF408DEDEE4F8F2641791B7F00
:1098400085D82E6C044665BEE922953F58A4AD9696
:10985000E3D1CE636CF4EFA2844A5B77DB73EB81D8
:1098600050B8E4430FF646AE89EA1F0547928F735E
:109870001B4D525FC2EB0218060A26B1EC8F687CC2
:1098800037CE94C3FAB2BC99753C4988F862D6BF0A
:10989000CF0B6955CCB803B293363AC121C6748A4E
:1098A0002609C5704593C1EC2240B33086E15F4F75
:1098B000343FA1249D4A19607C2230259195BD78C2
:1098C00012809C075545F3A6A28433973B26873F19
:1098D000B66A21611C737F18A0A19554E22A09CFB2
:1098E000F2872428E0D299147FCB3D65DB671EE721
:1098F0009ACFD3AEA6AE75074EC32A2843CB7701C5
:109900004CCB6DAC122BAE96A2B1BA55DA5DFBD240
:10991000EE9A4BBBD590BA83DAD2F8B52FCE362C5F
:1099200001B72899EB4F19D6AE6D54F81A2EE6E31D
:1099300054E09FAF6446ED665422F4CF8012542366
:109940004A5562550A39423001C0413DD05B2AC1B7
:109950000199A701388095D8CBF79138C04E4A4677
:109960003D7C23BE13E6BE8860201F3179861448F3
:109970005589C2588E30861CAC9D963AE9039D6E7F
:1099800046A21E5CCABE969C13521A288F2C24072E
:109990008118FB4306A20A7560FAC568B36EA0CDB4
:1099A0009CD0661B8E3157D741596DE8D44762B5BC
:1099B000609047B833654A8594C30AA2627A920DD3
:1099C000561D23630A0D0304BAB87C04B75D51ED3C
:1099D000AD843ADB9E67C4018D2C6C18D59AFA458C
:1099E000925F12B26C8B54CF72186F12C615C141C0
:1099F00078ADAF9DF342B18598E8D718950776B05A
:109A0000AF6364419DFA30F85A3854B41D30BA8EB1
:109A10005E02F7F9C53859880FC1179EA54AC1C51E
:109A20004B6F2F14BBE02E7ED7D0AB0E1ED1206A19
:109A30008DC28D7838060EF92159DC1A4A2E9436DB
:109A4000CCBFB7E872B406C7BA384B933FEEE28C8E
:109A5000299ED0779600900A598052DF0A0D521540
:109A6000C42E038F686975617631DAF7D48DEA0800
:109A700094C0A197E6A4B711A1B3AF9763A351D443
:109A80008D1EA641E979F87A3A672DA7C30DE28ABF
:109A90002A58CA6F71227E07CE1713BA985D53C930
:109AA000868041C6FC665C82F0388DBF6631C91184
:109AB000000F6901C29BDA0D1A027B57FFFCA6D684
:109AC000A8A106D44037F44DBD57EF93D16C8A025C
:109AD000ED2C199D2613E630E5945BBBCF4C59FB6A
:109AE000024EC9B5EF09F12D8E4C13ED7FC92658F2
:109AF000FE413A47FE48E7E6ABB89CBFA99D9434C7
:109B00000CD1568A995236C57068F49D2166E15988
:109B10006998058C4C9071DDD4034FE05AFACAA9BC
:109B200072FD1BE1572787891E945C6E6DD33C2F15
:109B300050E4827BF30897F979FC297E2097F95944
:109B40008E52970459BC5BA9E3CE2C5A1373C8B547
:109B50007902B71BB6AF5632224DC246CCE6D424AA
:109B6000E798C10507B027D9900458264DC150EA9F
:109B700042618D3359C83C1503D29691D16C53463E
:109B8000388E2B711ACF04CA9E958FC47270CAE5A5
:109B90001631C965F04FAFA7FE6E294DEB317C64DD
:109BA00045DEC743F8905BE91D3B56E4A79EECDC1D
:109BB000B3B780F732C8C5B1FC1B465E6B320D559A
:109BC0005BD4A6B93447FB300B52426E17E6045EF5
:109BD00038E948EFCF820B9162D273C254263ED24D
:109BE000E3595088B1A050F517B0D2E381765EF505
:109BF00088B0B3D8753E459BE677493D3827D3E416
:109C0000CA0B9F149F4BDDDD997A6B94D226B889DD
:109C100044D997B6FF07062441B5CAA6E0EC6F8782
:109C2000CC36E13EA93CE50ED148BEDBB97F3773A7
:109C30005F0EBEF31854B897DF1DD21796E3BB5DD5
:109C40008EAF6930C9830AF8713B82791157B12A06
:109C5000154F94C3CB134C67FCD804F2875F7BC5C8
:109C60007EF45865CE2585668A1E000A80174E60F0
:109C700037935995C684B4CF5AAD23EEE8DC889368
:109C8000F8D75180C1130162BEC5A59984AE357461
:109C90002F9AC515551DC5D2D4539CC4852B275F5B
:109CA0000E0A2FDE97BC0723247F1F25657AAA8E14
:109CB000D0E3B238A175E677E3EAEAC4BF54278E51
:109CC000F4FC2192C45E64C2E3DA5CF7E5E39A0C2B
:109CD000D74F42F48CB8C9A48FE25F70D23333E916
:109CE00023671BB48257C94A0C8C9D1FA2DD8312C7
:109CF000A97C45EFEBAF0051C8979D710C006362E2
:109D00006B3D6CCC4E24CC31D2170B7351CC430736
:109D10002B89AD3046536C4C3C0310D7304069164C
:109D200031A88D07F932782261C713E93DF884081C
:109D30004D3A419BA1F866172B785DAFE8B4A65B5E
:109D4000283609BE66ACE0EA0A88CB6F2869B5ED13
:109D50002B529653777D250CFB818CCA174C3DF313
:109D6000055399124C655C30A5D10D128A6C014ADD
:109D70004BD1B8346E1FAD32F48A7189D513464980
:109D800042CF52BFF4BB414CE371F03B9BE6AD4682
:109D900015589DEA1046ECD71C335FD9E998FBC5EE
:109DA000024B7F867E6B9E27A9EB2F2AF4D91D1EBE
:109DB0006243D1EF80993C6C66FB3AE47EB9038341
:109DC000983DF567C2382F633F03F84AE9B05F4C0E
:109DD000A4B30ED7D029608DD5EE20621C588A8896
:109DE000C52070905FE247E3F29D7D25C7F924DE30
:109DF000D69856EB824CB6AEF83B0D0557898DC60A
:109E0000ED9EF18ECC1B1B5649D7819F71A20E8C03
:109E1000A930B021F6B6D85EFD59BBDE89AF45E664
:109E2000720644E12C60091E9B64DC962370AB62D1
:109E30003D1362D2DD39F63110544BC4A6C8318FC0
:109E4000ECA0AF613D91EEE73CC240FB0F384CC245
:109E5000C0B1DBF03229DE84C720C2C9861EF554AA
:109E6000D677702437566DA84C630ADAE62CD21BDD
:109E70000EE7E89004AE42AB7A7E8FD965C5A89113
:109E8000B92BDDE877B7370942E9C34A0557576F61
:109E9000CAABABE00D45ED3A1907BF96826937743E
:109EA000342D1D0B681E228E342DF4B6EEDEEDAA85
:109EB0009C0E9E2805DF5C5D1580413CCEB1793655
:109EC00064FA3060285F2B667326A1E2668328A5BA
:109ED0001039E82786BA0E94904F8237B0021824C2
:109EE00064F95521DE14F1ABC2ACA7FE50BC4406A8
:109EF0004E8C0E0906CEE084A5DE200A79A1D83763
:109F0000B8BE6F501E6CF492092A25295CA6813ECA
:109F10002AE69EBA27C73A85C9E4D0F1C7645C7EB9
:109F2000CD5948F4FA29F2B7C918933463E4673A73
:109F30002498546790FF6C389D1C389D2CAEF772A6
:109F4000E0720225EF1297069D031930FE1A914127
:109F5000FAF8AB98A4474955C3A3FC31A7FB506955
:109F6000F82E15AF49FCA930DAD74483F95186C4DD
:109F70002493ACD08E37E7BAD21BE2717B520C3FF0
:109F8000C0C8A2406B2701ECD24FE4DF3D61069DC3
:109F90002318C7C88DC490C4BF56C108C3967AE7BA
:109FA00023FF916461FB5E82DAD4047745B52861B2
:109FB000918AED2A23B68E6A579BDC0216367A61A7
:109FC000683445B82574E676EDEDF58D278A7897E7
:109FD0009C428D49E0AE917F9AB416AEE7DECC612B
:109FE00063A549517750FD3CD3FB5B6921E7389E5F
:109FF000ED5532BBDD2E50F15ECFA7F1AE962A9C17
:10A000005E6BB2712B0F76C42906F4D0563966B058
:10A01000DA26273456B7A730D9697B281CEC50B311
:10A02000491A795CC06F25F44028390E4E438116D9
:10A03000B9E3A629CDB199B7B65A07EE64373E36D3
:10A04000760D177369D170C6C36F0E5A83E49809F1
:10A050009C9B57673CF7B042E2DFE373636071EEAD
:10A0600006C9388FBF2BF4669A98C3180A92061750
:10A070004D28B9B2628CD6523DFC02869FEAD05977
:10A08000FE6A51F0DF5D135DB4DFDDDC095B7888CB
:10A09000D6EDBA0B3C4C617CEE2413517053116B1E
:10A0A0008F6D2CB10B6B2A3231A4F6AEA5B4E792BA
:10A0B000C1B007591EAB913366B5C327DA5E948CE5
:10A0C000F5DA1643F313E109B70E3DE18B917A6D92
:10A0D0006356C25DCDECCBF5605647B36BD7E43C1D
:10A0E00083359919BBE0AF68663313DA4C467C259B
:10A0F000612EFACCA5EEB95341BF8ED0DBD4AEDED3
:10A1000091593D23559FD9D53B62AB675C4F49526E
:10A1100002A40801333FDAC09B02238D9A4802183B
:10A120004DA23DDC404B458C379098780388714DAB
:10A13000346D2621F551646D24FECC62E4CBCC0451
:10A1400099432E379712805F65D20ECABE7B52EBC1
:10A15000DF752C759196A922CB919E9179D7DC9AC7
:10A16000E3294F49ADE3A784D41FE25E062EEA65DA
:10A1700057DDA1EB5E7E41FBCBC438701B72555797
:10A18000E9D938486D06622ABAE0CD98DD56A3B207
:10A190001BB2B82572B8895CBF04D70CF8581C38BC
:10A1A000AD19AC9FFA9DC8F5AB9DF583951512B915
:10A1B000A35F809EE9BC6E33C7FB30F1437AA002F7
:10A1C000E6E1687C6C057B32FA38C6DCA1B898F110
:10A1D0008DD4C739B1A2E89498242B792899676265
:10A1E0005D3715EB2A5F396A6E785ED9EA76EFA1A2
:10A1F000CAF6433A545A90E8714A0642EA40D8C136
:10A200004F9410B356748EF531ABE3A3521C953FB7
:10A21000FF0CA4FD7270C4B5E950EFA834315FC3E0
:10A22000A8863D57D2779C1846C9A9ADEA929F4AA5
:10A230008A0370A1A2B93095C884FB59B8D23724DB
:10A24000996A2771236E4179816B04E4D898DA62A8
:10A250004A8509E7BFBB6D4ED7BD8D48EF14F30F9C
:10A26000F63BE6B257605D58A79E88DD69E77A7DC8
:10A27000730F566BDE7E26F44408B18F07533F6F91
:10A28000A693449E420FBB6C33E595E38CF3D5D582
:10A29000B16554A6E4886FC57B2AD2F24A1E36C245
:10A2A000EB2B9835A5D09C26E1FA009F6D50A1DEDE
:10A2B00046AF7BA7AF5C0064D5FBD6C6BA07186172
:10A2C000EBCEF6CACA05DDB88C62F94C92F3D01A0F
:10A2D00058EB2CD96E5A449E487DF0B8D4F1DABDC3
:10A2E000BC8A92A8AB7234D964999B332CC8D1E54F
:10A2F000F36D2AD5F4B528E18E673A636911BF443E
:10A3000029A61BEBFE0A8EB74EECC1A5D3992F668A
:10A31000D339C45DC093ADDFBA252B58634005091E
:10A320007BA22D92BF278995B26334C6405F3A6005
:10A33000D228193DE6A9596E7EAF5C5399EFA97EEC
:10A34000563DAB02E9D4F68A62D766AABB327E9745
:10A3500039B91ED0D3D5F5164005E62D0C19571284
:10A3600078073075BFB00B09632B540C269A5E1723
:10A3700077BC58597947DD5489AE99C94F95121E5B
:10A380007E1ABBB7D2F5846089A6166D35664F5A22
:10A390003F00161C06106701FC9E8E2E300113C56F
:10A3A00016466F8A52A02D318EE7370AC191C42F0D
:10A3B0006131897B3424481D7F28F881C81B52DB1A
:10A3C0003AFE6D766D0DACF2F1FA2A9B50E501ABC9
:10A3D00082E350B1D04356DBF3F6DAE86E43DD4E4C
:10A3E00027B469E275341C969C939AC99A8BE37BD7
:10A3F0009694C32CA2F903E7F54186712AE5F97713
:10A400006330FFDD367F9B35DADC88601B01A6FCFC
:10A41000310A586E059F19DB41C9889F20B525DB9D
:10A42000410654AEEA5EEC8E5466CE8C8EA4D45BAC
:10A43000A96CE4FE87D2AE3035DF16AEB73951F0E5
:10A4400097EA65540AFE32828B3646641D01A58C5C
:10A450007F851AE33BC2C655F2A098E59351992631
:10A4600015D458F84E589A0EEBB1A7B97BE5D7BF73
:10A47000C0B2C9FB5C346E7821782AD3CB0CA91703
:10A48000AB6BD94029035EAEA77A1F72E3CAA7B4AB
:10A49000373A0058D6F878F3061F23E1F72E89A73C
:10A4A000F5E2BC183C90AD38477DEF7D045BAF759D
:10A4B00094C3F81C61BE8CFC4390403373831C131F
:10A4C00021CBC8D55AC2B4B671857E7F4E487F8DE8
:10A4D000A428390ADA8A66489DD46ED420544225CD
:10A4E0007A1AE1DC801BEF129938DE07CEE95C595D
:10A4F0007954487B9745D7A0888D139D8767256C35
:10A500004DB5EB20E004F1BDA0DB314C653666EBC8
:10A510004A452F0A2729F6463F144FD4C1563348DF
:10A52000D93269D71F13FCDB1DB013885CD5793E87
:10A53000D22BE346F87E93064E729F467A137FCE67
:10A540004661A2B76C9CF39D8CD882BBC3EDFD63C2
:10A55000B8F2B109574CFA14D5ADD79E3F869D6B22
:10A56000ABDBBD6A8CBDFF773FEC2AC0A7E76CACC4
:10A5700029DA4E53DD8836A3A57DCF821A2D0F0E22
:10A58000141943AEE1A15F80391018E9879670EA8B
:10A59000F3545AB01666A07861CC0310778C086C1F
:10A5A000BD46F6E217C670AE6054BB31560B998FAC
:10A5B000281387D9B8A0AE44CC4AD2AC6C6CE6A4C0
:10A5C000F230B19B248759996CD264604B93320C62
:10A5D00065153F4F82B59EC857D660232A7AD1D7DA
:10A5E000EEB3BE32DCBAB78DE3F17A753C2A93C97B
:10A5F000407BBA697B10EDA03FACA4D5471505EAB6
:10A60000D7A9341E3955E5A1301FC5D57C6EB4A33A
:10A6100068F9C093CB3891A8749D50BC2ECC1A0A0F
:10A62000E2E367E6A5E22AAB58766C153F66E2DD09
:10A63000308D4DC820ED364A3046E7E4F1BFD851A1
:10A64000C9794C9FE9A24403281E4DED646631CBC5
:10A650001E22AC0B7330732793CA59A4568AA58661
:10A66000CD25A72D02362B59809A83D4CB25249D46
:10A67000383C316311A7367587D9537322533BC5D4
:10A68000427F640AE7F0B14611997B8B17E00A9389
:10A690003221D340CC8790B619CB6A7C4F02698BAC
:10A6A00013F01C5D3DB118586EB6004B82836E6787
:10A6B000A12A565542F1A009237B06BFFD3E52C098
:10A6C0008B6A3760A59F92EAEFC2694DA76B064778
:10A6D000312E09635C8817D4EBF37444A41B7CA966
:10A6E000F80A620E3CAE22B103347BF0CD456A7DA0
:10A6F00003A53FE917D72425B13E64274ABAA173C1
:10A7000055549EF4E301D33AD6C7A9842B50823F17
:10A71000BF261768698D3F4D0E1B7C90B8917E6AED
:10A72000D048750C63251BC2C5A35F7C35E5B4B169
:10A7300094F861E47F653B87EC95132DB996654EDF
:10A74000FC652A71E9462AE27CA55387055E96E5F9
:10A7500094EB4FCD8D2BA9A9E450E9AB55C74E7CA6
:10A760006ABB02CAE2159F0D2F8F0F6ED46BBBD44C
:10A77000AF98139CD6BC26677C076CDDDF52EECB0E
:10A780008702B5B2A80B3AB0CBC1727275B58C1600
:10A79000F4D2CD51CB05F9E71365A7AC38F7C41156
:10A7A000E1AA66A98F612FA2EC783A93A5542E25D1
:10A7B00086A7279AA84AF537BDDE40E50B1CD9B21B
:10A7C0004D0D47FACC67AE5E100D500B1F8C9152A9
:10A7D00090C7B832147D146DB7E1D4A9384F40ED5D
:10A7E000396727E14FF0AE96852A60004BE0CC3305
:10A7F00060B2ED407365B6391480D93B6A7EA3FA26
:10A8000024E4BE2943EE9D8BD05436022299816DFB
:10A810005370BDB68E1C25D58DB94EBAA6B27EA991
:10A820009A266057DEB00B7169282FFA415370E801
:10A830005C88C40B6AEFC634A719F12BD6969EAC80
:10A840006E4B4F56BBE9C984CD609558777375DD63
:10A8500013F997221E1ECA20F62267A2CB52DF05EB
:10A860008191F294956A5FF2B626C0927B9AE918BC
:10A8700053C2F09E8D00CD6AAA74AB40476C698DBF
:10A880008E96882AF9C86F263BCFFB3AC8198E23CB
:10A89000EB3B097F676994C63B22BB8A77B8F033EC
:10A8A0002D2CA302A7B8D747DA006AF551B6CDCF51
:10A8B0006E5A08B5CBC0E12A81C9CCFB78437EEC47
:10A8C0007F3A6BF9B4F23EBDDBFE69D5F2E941A5F2
:10A8D0003FDDCD0233492DAE75D7CEC802132F947C
:10A8E0008505106A0DBF02CB0FD49A2B11DAC5C2B1
:10A8F000BB6E59850BD9F382AE8EA870D32DC4D10F
:10A90000C4BD6D51BA3A300FEB6D741144493E55D8
:10A91000E7274E5C7112AE50AA17C845EE8995A282
:10A92000D566A16A7B20DFD70D984D0B7E0743E0EB
:10A9300092BCCEA408651676BB59FB57FDBEFD8CB4
:10A940008FE2A0E2ED304876A983D145CBBD39EF47
:10A95000A13641D479FBDB484910925A30B0DCFF74
:10A960008CD66653A76480436F797E5D12EDED2B24
:10A97000A85CDB6C77B92348BD7418EBC80F9AA4A8
:10A9800060EC43DDA0941F9C4CE50A904B0E7CE3E9
:10A9900016CCF92E3C9D58B0C0C8144519389D6995
:10A9A000DAC5B164924485564929224699C270821B
:10A9B000438F9061FA86B784FC98DB37392D2806DF
:10A9C000CE0C0C1F18DDD0B08192E5D655317E96A5
:10A9D000610C0259EA7A2CE1ABB59E7E0773CE8FEB
:10A9E000B28453219E2B0ED139334ABA0E84022FE2
:10A9F000E50EC676719C025711E7CCF1052776F477
:10AA00003870E39CC1A7706AEBF4304DCA3700E49C
:10AA1000D3734D6D354D82624D93C9B1BE2B66E542
:10AA200038D91D1D25A54912FD68548FFC2C6429B9
:10AA30004715642B5DB1DB8094953936F84A7AED81
:10AA4000A252AF47264DCBE44405E09CB477983A38
:10AA5000196EC28692B19A3B649D9D799ED2A49153
:10AA60002674916435578255D922938F4A9FEC857D
:10AA700062569A2BEA2F0AC7B3F1574FD1BAF1F3B6
:10AA8000A83CA234423A1CEECA8A29D9DBD8B77A4C
:10AA9000115E1A315BCB4B0DC7A307B5804B1E95DA
:10AAA0001CED773AABA530802011EE3DAFFD4BCCCD
:10AAB00075C2C76345822E1B47A9B39AB287782A0D
:10AAC000978114223D46DF2D6518ACF38234AC0B20
:10AAD000BBA176DD4A98197BED98B1D78D3C4E2805
:10AAE00069F1D41D18DFC7646124B110FBC60B21C6
:10AAF000F552EDF4CBA4843BF290F9355911125381
:10AB00008BFB76A6FE1C7AD25B2F716D05724573A6
:10AB10000EE4C86CD295E31105C1A82D3A63113F2C
:10AB2000C6D7DE01B822B96630ED7B611625863DB9
:10AB300052B4AB35A501744BAAF92C3EADD1ACB0E3
:10AB400040B91331B085015F713DA4F3214E307AD5
:10AB50007521E90EED1C281104F487B45C66BCE194
:10AB60004BE7201F300CA9C3E1E801147200290E45
:10AB7000200B2DBF80A325518211926959AD86B358
:10AB800051EDC361F42C85F11798B8005E4AD59950
:10AB9000BDADC91C0517566F4987BE74B3339B49B9
:10ABA00097CAEA2493791098629FC29B004A436B2C
:10ABB000D5D772DA6908336066D999BA0D095BE9AD
:10ABC0006585641D3B5C4360356385598F6A2F60E2
:10ABD000989763B251815DCBA432F12F9AFCC20FDA
:10ABE000D277B2208FD20E60C07E53F05E7459FDD2
:10ABF000B91EC246F0B455CADB53752DA863C3878E
:10AC0000611C0D5F28F1CBC49AE612242427A2B15F
:10AC1000CE9159261826B5612B3364E591351D0870
:10AC2000913AA98A0C482EBA8309178FFC427C36C8
:10AC3000A19F8354DD7732794AE60F33CB746BC51D
:10AC4000F72F69B38CF7246153B3391DA5A2450CC6
:10AC5000B9D9BD0B404DDF078D7D608C4EFF33159C
:10AC6000B5D719802E64F6CCD2F2B47D00366C6E66
:10AC7000CB7C8D9D32F2856EF2BB67358F07032347
:10AC800055C108D860E172ED7D49F6258A66CBFB97
:10AC900030BBD9F2CEF28A70FF4105C87232CB12B6
:10ACA00083F99DE5C549E845FE549199CDE597ACFA
:10ACB000187F4D26AF15595903A24BE0628BA9228C
:10ACC000B1E0280E6C8452B43D4E6B832B6B7966D9
:10ACD0006B28DBCBF7D7F53764953C807AD5344BBE
:10ACE000C7008D459754D8D242E88F8A0238DA5986
:10ACF000FECE8435523A93F07C996478CC9EEF7AFC
:10AD0000CFBD1EF73FC8FE615B64C1C44A76740BB9
:10AD10002A9A7BDC5922ECB64667676D5AC0BEACF6
:10AD2000E9F55FEA709BA41A96F892256E72A870F6
:10AD30008C0FC2454C65D37FB188CB41E99FCE7162
:10AD40007C88F9C207129B046315D30CA0FD58D967
:10AD50005D74E5C95AEEE1FF3A1D5157CC23BD257C
:10AD6000C7559C8A844E9F31A6174FF2E09AEC4358
:10AD700011ECE533B47D4C298519C587C7C43984E6
:10AD8000DA07A19B8C483A5D2C9EE46CE12461D8E3
:10AD9000337792554C546B17276609CD9B4FB452AD
:10ADA00013ADFEDA44DDDB5B8B4A0A1B435131E114
:10ADB00064C637573B66B40C82DC888DFF305B9BE2
:10ADC000AC6D6D32585C6F6D2A7500D4DA60C03995
:10ADD0001A552AC8AF4BA9527E977E3F9282D0ABBC
:10ADE000421FCE7FA91CA0D062DE26ADDB9C748101
:10ADF0003282E98F4391682CF70623F37386271C70
:10AE00002804174C50AD9C5FF5947124793E68FF7F
:10AE10007E1EA1408511731DD4DDED504678286457
:10AE2000E8C9C8505E2A4C3226BC45F63CA287CB06
:10AE300003BB46F8B48710689A36C0A3A62A378C9D
:10AE4000312135BEB1D9EFDDB9D3DF09DB5246EA96
:10AE50004EC81C54D7440583ECC97C0B3DFE5EFDF7
:10AE6000B8478A438724656D425AE44E8FA5E9317D
:10AE7000172A5FB4A211A0874F55DCF4CF793D1F8C
:10AE80003CA91C73403DF6D73C6EC46BE4FE9D6844
:10AE90000CC0910CCE8A8621A1661CDCE41D30D04A
:10AEA000C32250865F396525D1026196AEA45E66E5
:10AEB0001E0F30CB01CFD93708732787DF40278497
:10AEC000FB364BCA0B9948BA28EFC3B9979DEE6180
:10AED000277167F5F9BBD7AFD6A5A4323DBC088072
:10AEE000EFAAC3D57FDFDFA3CE55D7FBFF8EE3C22A
:10AEF0004001398F13A0A332ECD5FBFA0425685822
:10AF0000093D9F90AB16FED0E7E922C3280AC895F9
:10AF1000F974C85DE4ADFE449B617128AD399CA015
:10AF2000A66E1A93C44D886502C1E2B249AD7CADEC
:10AF3000833D24B8E8CBCBB9CD0952631210D89722
:10AF4000D7557C3F1D3CABE267D2CDF61310E6B37C
:10AF50000A89F72CC5C4B839ECEC1B444F689FB480
:10AF60008B12922ADA9B95E2F75A5C64E265251E01
:10AF700055E27EBA3F1707797C095B3E213BF40717
:10AF8000174F8B0A7837B8F9F938895ED5E2CB0CC0
:10AF900065370820A3AE384DCA0A59D54E6F677D74
:10AFA00063BDD711928A4BCA3740E28F8E9257B059
:10AFB0001F514762C84971D2998B27302CD6C441A2
:10AFC000BE6E9F4C7350AA7EB6367890AFB7149B76
:10AFD000AA323A25AFA5E255A29CA44C27C9D3A218
:10AFE000F8FACEDA35368A1F9111ED9B517DBCA05F
:10AFF000C2DB040F5AB30233E8718A1635482FFDBD
:10B00000C6AA4412DD5248569A422DD770CB1585F8
:10B01000274331CBB2B11FDEF36D72182D8EFD893F
:10B020007BCD37F9C105EDBC43F31B26F803526B0A
:10B03000D6B287383C9E06542C3A39B01B0B5E5D65
:10B040005DFD32690CA27A5CE0B0CBA43A7627DAD7
:10B050005E0828D5AC93AAE12C1310B16AE2726E97
:10B06000D2082901CA7C9C42A5DFDC63BC86D613CA
:10B070006B87BD8D8D9DC39DEE4E77ADDFED6F76F9
:10B0800037FBDB9D39C3D007076F77EF3F7C7FF03D
:10B0900068F7B7F7AF5FBF7877F0E4C5EB07F75F06
:10B0A0001C3C7DFDFA9783839F3B3385B6BF97F1A8
:10B0B000F55509807C2F1171A615D28D93951578C1
:10B0C000AC665364C02A1AB14CFB90C5582D472D6D
:10B0D00042F06482DE2650A01D44E6BB286B79B79F
:10B0E000FBF0EDEEFB8367AFDEEFBE7D751FBA7A36
:10B0F000F4FAE0D5EBF7071FDEED1EBC7E7BF0FB1C
:10B10000EB0F071F9FBD7871F060F7E0F1B3B7BB9D
:10B110008FE24F93017C283328BFC17C19592B66DD
:10B12000E85F2B1BEBB7CAC6FA4A3686F3FB1DADA8
:10B130007A7DD7F16ED7BA8E6B619CB4CA9CDB4125
:10B140001187E30E493598341ABC7BD784990428BB
:10B1500057C6400602941E1B13ED652B88B04C1297
:10B16000E08971FD52C6652339267C8C72D786D062
:10B17000952773448B07FF3D7ED314C8F2AF503040
:10B18000D3AC4141108996EDB9B46C8E8F242D92C9
:10B19000946AFD17285514D9FE828B4E4B89F7EB24
:10B1A000D1EB97246FF5498E45EECB3C8BA789CE2A
:10B1B00064B85A5FEEA878723955B52F5A81D462B7
:10B1C000E93EB4C16951668C8171493B86AA1184FC
:10B1D00031EB7F02AE0A3AA2130A1B6960077D6752
:10B1E0002C558FD088AC3017C22391C8D967B3EAE9
:10B1F000F8DD453E8E5B801A85B9A26A8A6A6D7356
:10B200009458064EF2FAF3FBCA70F235CA0873A7D7
:10B21000C9C619D6CDB69DE2CDEE56A823E09A2038
:10B22000B4B96E6A2225FAD5D595CC2E8507BDC056
:10B23000839EE241E7716B83FCBA439ED121CFAF7D
:10B240003DE4C8B4340F79FE83438EF17C161C7242
:10B25000E24AD532C14157724F62DA48A8D876CC5B
:10B26000314023E5C6C6E8BD3F979A584B8058CB7E
:10B27000E3722FD9873500DE0A40BC02E3985315EC
:10B28000E67E50D142E1A5FC912E448B3E7F546F67
:10B290000FDADE8F7E584FC687216B686699F230D1
:10B2A000D397B121EAFABBC7ACA78F99925D19E396
:10B2B00095FB75DB4D5F267148E3B485D7F3C9C3B1
:10B2C000C0E5B2F408D4306010EC653BA72DAB5A52
:10B2D000991672CB98E16EB9A746AF4EE91722498D
:10B2E000543E0AA267F95BB96CEFA4E508009EC260
:10B2F00076E02EA58A8B8DD3CDDB17D3823D94E7E4
:10B30000F85E2B1E14B34E07CE36C8AE1040CB3DB0
:10B3100050146BFC4322C28ABA8EC6D2D97DF9661C
:10B3200034C53DA0298C0BE3F555D7611DC75F1FC0
:10B330003DDC5D6EA4FDBDE187C1D15847DB6913DB
:10B34000FACE71ECE288B49F48A5C4BB1235FC313B
:10B35000896DA1381B8BBC8AFF980CCEC6715E31FB
:10B36000840EC51C3662A49EAA5E7A3E8937928DF1
:10B37000C1A80250BD6463F4947A0435601EBC4ACF
:10B38000F7BF40EBB8FB65916598963D06BAEFBDF7
:10B39000D42D074118DFABD747580546F87C121269
:10B3A0004F2B3F075EF96C94D64B8709CD4B5C4A17
:10B3B0007D62272FD628CE684754E9119C81086307
:10B3C000A0E00F191461B95C2FBEEA5890893E11B4
:10B3D0009F6F5D26F3A5B57B4B4FDFBF7FB374EB4B
:10B3E00052E6399A55F3CFE698C8DECAF53F2BBC32
:10B3F0001D86931E67C9A8D4E3C504C57274DF26F1
:10B40000310E1EE6DBB93D9AA6B76573F431A0C1D3
:10B410002FDEDB4972049C6C52EAF7C9D47B5F547F
:10B42000D0436D2BD4534094F8FEB3F3FD6D583BDD
:10B43000AA323C19555F6398D4BD7BF7BA300991A5
:10B440007B1FE8066F4F93322D26F2A30AA9E84925
:10B45000C5BF7B9CC47B7DB121B6C58EE875450F09
:10B460007E77F70570E67B3D81E59B624B6CEF8B49
:10B47000B28A2FBBD125AA493BB01040AA8DBE2469
:10B4800059D4793DAB97E0807F4946C830F6548D5A
:10B490003437159EE5FA655FBD3C294ED12A4957E0
:10B4A00078291FE76243BD9FE55FF3E2CCB6F04128
:10B4B0003DCFE7E25B6147312D0BC0AC156FEA0D64
:10B4C0002BAA01B6469DB35199CBD6F5D06097BF54
:10B4D00026E68BFBF2C9AFAC874ABA2553F9B17C9B
:10B4E0009295C7655AA7E351C6060E176672616A40
:10B4F000BF954FB2F651514C3A5C705E4E1955F300
:10B5000038593F194D03329B8DEFC1D6F47FCA578E
:10B51000364275D232DAD9C74817A2E68855CB57DA
:10B520007AA17837C6D719B607C86A321B27BA4638
:10B53000BD9A630CD482BE377792B24C1C660582EA
:10B5400086DB3BDB9B5DA42C9CD27FA3D2DB1BDB89
:10B55000F8AA745F61E1EDED2EE5D6FCB7EDAEBA69
:10B560003B413D840B56CF274B9FA34E275C0D6A72
:10B57000A078B0289F1FF3A2ABAB124BCBF9892A5E
:10B5800085876C5E7D9E8B2F45DCEB271B229DC63D
:10B59000BD1D9608623655B2C28712ECEC0124DF5D
:10B5A0008F1FAFCF941B95D2E202B22FDB8A817D31
:10B5B0006F2B4EC5ACADB81263A7786F1F0A4FC58D
:10B5C000B459782C2E9CC265D888BD3371EE14C254
:10B5D0002A7D97CFC0E606C7E1E0BB31AA385640C6
:10B5E0007462DFA37DCB483E3E547AD780802B0225
:10B5F0008A4B0316F7FE142FC59B7D051BE1C49FE4
:10B60000A415EA14B360EFDB2440C883CEE5B06A2A
:10B61000FB52E019FC097B18BC846310BC09C54CC3
:10B620004D55E2A5E08DA2A6240A8DDEAC57C9B720
:10B630001028FF7C76027C6C6765854A805E9C588A
:10B640003F1239F0A3C496C5186095C2599812FAF2
:10B650004E2C1F255757F4F35E577FF86B125F424D
:10B6600081EC4BD4072715FCC43FE20C261121C402
:10B670007E848B17AED7C5B377AFDF916010A63449
:10B68000469A09EB8E8F87C31375616065609125BB
:10B69000843BC097FAA700C2B33A401819052FDDC2
:10B6A00049BE3453190E31306985F6408BAAAAD7AA
:10B6B000545542F8964AF205D4D910270560A6964B
:10B6C0002A541E4A127A3E1807EFE146EEADAFAF9C
:10B6D000BF4FC4AFC9FE7A45BAB6B5740A84B7394C
:10B6E000242B2B53AAF73E5164F4BDF84B310CCEFA
:10B6F000837119DF1B97AB78E4A809F5393C435BEC
:10B700006164DBB5096DFE0C2F67C19FEB27001D3F
:10B7100081021E0ED5B2FE89F11B059EE8AF7110A5
:10B72000040FE3DC1D78AE06EE963EC452B89C30A2
:10B730009F4E3AC9920E1AAFC85FC3FE164C17014E
:10B74000C6C9E83C40554000CC8BF375663609BE4F
:10B75000EF853FF5928D7040C77EF7F01085257418
:10B76000DE4741A8AEC89F482F10BD773ACA8291E4
:10B77000F8AA1136D623E46C5EFE19C264A0C6BED8
:10B78000FEF695779FA8E9295DE173B89E34756D43
:10B790000DA4B61723384B5C1BE5C260D108486284
:10B7A00052AEA7E23845EAE322AA04501855744A7B
:10B7B000A2A9129525D1B11469E9C70B41C37B8BAE
:10B7C000D55E8949594CA7C9243A135320845E5643
:10B7D000D157F852CAC7469AA8007AF6125145D4F2
:10B7E000019017ACADC931AD6151D8110A3F792F25
:10B7F0005529BCAF705D610AEE7B550AEF35CAF280
:10B800002AE8E2B0C3F053350D5A56A456AB90CF98
:10B8100095547DA049B56FC55EEDEE73ADEEC5FEE6
:10B8200070082F37F68D260B4891734AB17ADA01EA
:10B830009A2E1B5595943C8F47E5A4634DAEF6AE0A
:10B84000ADB8760CE8B5513BE81CF7B1AE2EEDBCB7
:10B85000A321748085D1AD55D351EE36374DB3ACAD
:10B86000A5A566C54901D89F72C54697789C8E4AA2
:10B87000B45A8BF26186D4B25ADBACDA2BD711E919
:10B88000EFA3C22A1F02F9821CCB3172459D0838F2
:10B8900062A40EF6E7E13EBE5D59D1C39ABA5DE1FE
:10B8A000A69ABE4E46E5510A93E92EC17FD7EF6CAA
:10B8B00095C949471C0245FD2EFD0E75BBEB3B5457
:10B8C000346773C84567E93FFFFBFFB1541D176735
:10B8D000703896EAE36409F5BC4BA4A2A896E0CCC4
:10B8E00026187E65BDB3CFD66692B9A3F87A6AC62C
:10B8F000E074B7E377A7966C523B8BFFA0C01D8521
:10B90000F63B4BF09F8ED0B526BC96E6EDF4B149E0
:10B91000D6BFE067085B600266E71A8DDF9FC0DF75
:10B92000AA52CDDFB87100B13F6AF9C3142D5FF59B
:10B93000B817B49C0C0BA0B8D66754174059747D47
:10B940009B6F936FB0ECB51AEEA2D162DA117FC093
:10B95000C7753D059E577E1EFAA0B42E5E1470EA90
:10B96000128D267F3839A848D478B8685A9F911923
:10B97000040609057358751D9FE74BFFF7FFE06547
:10B9800063525355F325F923A842AF4285AA667F37
:10B9900070F3252CF66A2AB0D85259BDF9FC83A55C
:10B9A0007D0AA705AE4BC22FB93BA9BD8E0660B07C
:10B9B000F2C932B3F392A50753384930B26147FD5B
:10B9C000E8440B6180BC98B6F7D117FA80B615260B
:10B9D000D6111D8333BCCE74F1BFA4B77DFD3F8566
:10B9E00038CA22BED3EF8AD13406042CFE48809890
:10B9F000EE8AFB79BCB129EED7F1E6B67891C7BDE6
:10BA0000ED4D208BE27E774B8C81CA5EDF1287532F
:10BA10007432282AE40F0CD23E9C8AE4A7F134B495
:10BA2000B86002B8E00C701A5AC14AD2E425524BF1
:10BA3000B5269EE829176A3A51A9A8A04C4832E1D8
:10BA40008D447745BCB1D59D6B32308D910302B2E8
:10BA50000A68D2F8DD181808FC59C5BD4D318E1F93
:10BA6000278693019A1A70F6D96A5105E721703337
:10BA7000ABD54FC1634D1021C97C1A0765B1360E95
:10BA80006FF705F0D40D5A431A45C1B5000A354B7E
:10BA90006A0C7AA770D645ACD92ED9871AD8F71870
:10BAA000BA3A0BC524BE3C3901649D46E7E21C301E
:10BAB000FB59F45DC8F82AE9DEF9BE9E7A94DFBB33
:10BAC00077BED21369F55E5A5F9D631AEBB9C675EE
:10BAD000C7ABF1F7D54A4CE6A18FFD0ED3A3198A67
:10BAE000302E5D18DF9DB720C0EA14F8D9CBD334CF
:10BAF000397B509C479F110D000F55CCE1DFD1746D
:10BB0000FE599CA593FA38EAF4BADD7FEB005102A6
:10BB1000CD519651D11995E9688D104E27FAFC4800
:10BB20002371F86C365F3A01AC870712360D19782D
:10BB30003859450934FF529A13B2409EFD7303C22F
:10BB40009F4C05510564C77D61AF64966212F7CBC7
:10BB5000F35E74BA0607EFA217DDCFD7602BCFFBD9
:10BB6000D1E9EA78158BFAAA08AE7DF135D124C85F
:10BB700017385649B986859284A1B71FE584FAFA29
:10BB8000F9D108FDB8CB11F0D89B4B9B0C14A066E3
:10BB90001EFBC56E37C50575B123B0F47E3E3E86EB
:10BBA00033D849F209C795BD2E3CA5992181B0EA49
:10BBB000DAC90CAD5FF83D9B8ECAAF09A1AE0B3A56
:10BBC0002267F13DD9E3312C0090D767F6B0CFC59D
:10BBD000D9FAC949A887347556C8DC04E76EC03B5A
:10BBE000BC0F2DD3E8EC7460167F246BBD2E1F7440
:10BBF000AF65D05294332A2F9C81E3B6C116B62D7F
:10BC000011DC929DBFD37863356D6F280892940C38
:10BC10003BD6E3D1940498DED17E5F4C9176B8098F
:10BC2000F162CE3D9D0A0792CF00CC9E9C10D1625E
:10BC3000D0682B51477BCAA9BACE8243DE11334A62
:10BC40001128E9255ABF593EAAEB249FA102A71348
:10BC5000753A16D81A903855E4316D73A2B6B936D4
:10BC6000DB9CDB6D2E1DB047F67604BB28022B9EB5
:10BC7000AD93F8DEC9FAF9EAC9FAD9ED3EB9D6EFC3
:10BC800075F7614CC55EB6D6DB078818CCD6D2F006
:10BC9000769021B01B0397D620B3E9261FE8D12068
:10BCA000AB1ADE06A60A2163A3EE188D2BCA13E297
:10BCB00068D77A08311B5518C414C72DEF3DDE4FE5
:10BCC0005CC4C7682324ED6048F476C64546E3F0BB
:10BCD000DF304AE778CD29130066F7CE008CC6988E
:10BCE000BC00E6369CADC295D83B5B85398F0068B9
:10BCF0000693B5EFE14FE73ED8744F4303FAA46BC8
:10BD0000D54FEB7710FE6409021F68949EFBF8FC88
:10BD100097204FCB05928DAF6DC325CA92D5CD6BC1
:10BD2000C14CFF4660E63FFFF7FFABAD2339EA5554
:10BD3000D3D1DF68F77F60BB85446F27E22854F0DA
:10BD4000EBC72B7822176F6D0B97EF44AEDCEAD66A
:10BD50005F593B202CB073348C3B55FC4DD019A758
:10BD6000E5180FCBE5F81C5A1DE3C44449E04E4EDC
:10BD7000272F70006E2FC8B826151CFB960E443175
:10BD80001D8DD1C41900C81DDDDDD474071CF6C596
:10BD900011C12032F2ADA2CFB72E4FD6B6E6E2D611
:10BDA000254CA7B78DA8F364D57B564F3B80519D9A
:10BDB0003596F781001DACA4D9AE230BE1AC7753C7
:10BDC0007431FC4C4F6879B64492CE6A0957775467
:10BDD0007E56B39C0B53219275339477012E5FC32B
:10BDE000AB3F5FEA860CF1F26D5BF05DCB577A5F9B
:10BDF000EBB496AB6EFC0F879FDFD50990D5E5D2EB
:10BE0000A85E523003C63906FAFB717A9E4C823E18
:10BE100050DE08096F5D1ECF69C84BC73E81CDCF8C
:10BE20004B0710AA3C31DB7862E8B11FBDC85777D9
:10BE3000F46E5E0C17C82BFEEA3E6F6DB5D003FDA5
:10BE4000A50D36AE124DF10891AEF5363A747FD697
:10BE5000EE6AFAA8BFDD11C7497A745CA3ED1050F1
:10BE60004A506D431DC0BF3048DB5BF394C122E0F4
:10BE7000195AEBF5E74BEC6757FDBCAB8FD65FEA81
:10BE80006E9F54B0FA2078E048C2888DFE5FA6719C
:10BE9000F6508C52CC006C4B41813A151D910F61CC
:10BEA000AD10B42F056CF3E1D37C65E533F2380BAC
:10BEB0004ECD671F479E3838726EB582D2C2252894
:10BEC000E37B520B278D56441ED7C31A30618D98E1
:10BED000903BEA69E87FB8FEB81C1D5188B7EB407B
:10BEE000983A927F1006C887C33B92FCFCA381015D
:10BEF00000D7FB676E433FBF80E68092893A24E318
:10BF0000C14DB7894B1A3DE6B6BF0EF4D6B971776D
:10BF1000FE11DFD85AD07FF3E06F2F6D75BC053F5F
:10BF20008605079E05C601A4C8198C4AF22BA56197
:10BF3000562C1D5A588E25353B338BCB6AAFDC1FF0
:10BF40000E4B749504D2A324BF51A018EFD7B02391
:10BF5000F8D41F06F7F35555023C1750DC4094C83F
:10BF60007A8DA3ABBEF8D1519F9587A371B2D687C6
:10BF7000C539FD674DF978691A4BB5EFC989026972
:10BF8000C570B6AED4730E60FB7C233AA3014DA7F7
:10BF9000702C52731E0CF0A9017B5E4415FC2B2102
:10BFA0004FBE0A14B7823CF76B7C40D0B37D1DEEC8
:10BFB000D348A78521F2314EE762090F4EB594A010
:10BFC00039320A1D4BE92DD31896A4FE71E7F4C04F
:10BFD000ECA81C68D83A24B9B861CB51DC6887C199
:10BFE000D85FF5839EC6BA93D36B2E4629F3F5E04E
:10BFF0009F8DE1FADDA877A355C864D6737731DA4F
:10C0000008837A35BFDD97C401E02DA205A868B585
:10C0100059A40A7A9B1E8DD0861D0CA0A62F612DD7
:10C020005EE40EC978924E887E6E61C5D2A1770C0F
:10C03000163267F8F147B9B2E970BBDB8D36BB5DEC
:10C04000E6B5EC0188530410C4AA240612D4E6FA1B
:10C05000E7C05C34C48F8B988B326ED6F5988BAC6E
:10C06000A50A672E8A96F73E7391B6D46183319202
:10C07000A08672E18692ECAD9B49B215CDB4506CAE
:10C08000FA5FA75C407F7DA55A6B41E78B544178EE
:10C09000FEEB61E1423946473426F8A690F7E83ACC
:10C0A00021AAC6FB1DF40C31781FF870E0AC61A723
:10C0B000B85CFBC7FC782718172727230CB340B0C0
:10C0C000B99826F912308753B104634EF27141C01A
:10C0D0008649171A637EA88FDBC26D29EF01637F43
:10C0E0002DF1F038C1F4C32853F84B83FF72B1F43B
:10C0F0006EF7C5EEC3F74BD29D468E33BA790379FE
:10C10000512F5DA038B290E35F384989A417CE3033
:10C110006333B4F212758CC6458680C6636384337C
:10C12000FB6CDF4854FEC2F0A540FE1A254332AD39
:10C13000AE394A41DBA5864F08BC3434017F59D261
:10C14000F3BF40FDF61E0ED086EDE0F83BE9F33B71
:10C150004B4FBF4B99FD82E11CC095D7A04F7E711C
:10C160005B3DB589842E00B87281B82F2CB7B2A17F
:10C17000227F783CC2A02351A9816FC350458AC653
:10C180001B862A6467E29BA950A16FA62223303444
:10C19000F4EACBA989699E70430F4CB03C177B89A8
:10C1A000488DF2FC383E870F8AE07B7CEFFBFFD6A0
:10C1B000FBF9E773341FC1847CE222B68629632C25
:10C1C0001253D51F9AA948CB947A8A41116734B883
:10C1D000529B6F968136533C0F2FA7C179C320E144
:10C1E0003C64867701394B89333295838128750108
:10C1F000152FD02637E03815ABFB3049AB698604E4
:10C20000CB61969CC391827F3F9648639FC1BF1DBF
:10C2100071342209E5264928A5D0F24151D7C50934
:10C2200009197C4CA19507E7E2BB551E4CE2ECDEF8
:10C23000BDEF2B3D318A6BFAE10F530AE39B234A92
:10C2400073E426D6E4C046597A943FAB93932AEA26
:10C250008C13346EF0062749B1E8736F7ABE54151B
:10C26000199CD95B979316A2B99D2C06DA852118E3
:10C27000F88EE0C4DA497A1EA4F952551E7D114B9E
:10C280005E534BBDFEBF892522B7A4E30236CE1E06
:10C29000F590DE8E26291A20E8814E4713B284409D
:10C2A000D6060A8044DB960260B81A15C226A2C2DE
:10C2B00010B13651A4F44C1497785A611DD0D2F5C0
:10C2C0004B718E173D41AFF7687979626E528427C2
:10C2D000E438F81E0A5F9D0240E85C423831423B78
:10C2E000264309DE18032F42B182D801F82C85EBD2
:10C2F00055564B8765714252E593640C834AAB9364
:10C300007FAF961408589A5AFCBA3F17E7A1C3D2D8
:10C310005F7748D5BECB556B3B18DE296E59C82FC9
:10C320003338C43E5952A6B044171D5CC12C1D7F42
:10C330008D2EC444F93345D5D5D5726A9BA9869D07
:10C34000FBD3697601B3FECFFFFE7FC2BED313C31A
:10C3500048A67DDDD6996D8B37D4799B9C26657D6B
:10C36000BD318682E637A2D53AD2A91428888E78C4
:10C3700037467023373ABD66937D8D2A2280595EF9
:10C38000610E69A35615CBB96518AEB1CB7046D70F
:10C3900067608300069DF7A52E1F71E755B16454B1
:10C3A000D19A2E5BC27003C769B544760F440C69FD
:10C3B00075FF12BE1E8DC7C9142709C4D292B435A9
:10C3C0004A266209561D2825F8303F5A3A0322733F
:10C3D00009FDF6D771714FFFF9E0B75A067FCAF52C
:10C3E000CD69156B1B3C74F28AEF7D762006B24B4B
:10C3F000BD79F89929918F003D2A1BBE4459ECBDA7
:10C40000B3CCC702FBCDCCF482E17BE27B0D44BD13
:10C4100057ED13D100CC845160AFAFAF6798DB0705
:10C42000C36CE389BB0866F13D52F284FF086B1CC4
:10C4300095E9C40262FF34BA0355F8601C673042C4
:10C44000711A8F6F173FF5BADDF6FE8BFC250AE2F5
:10C4500076F14213242B3169B32A7D81F9CD55A998
:10C460005C9405E3827FDF272753140A3F2CB2D95F
:10C47000490E40A2BFBE8D3BD93B2C9716431035C9
:10C48000A36D1F62F7E42958EF6F31A46321FC8686
:10C490002C657650182E75D894EAB898A255D127F5
:10C4A000AFE9DF458A1B0AA738E46E1BA76CCEFBF9
:10C4B00002AEEFC63821AD605B11B7CC187BE2CE7F
:10C4C00042437C340B873D494F132B7DD6C04CB47F
:10C4D000A019260DF357BCEF0DFB07FDA2B63303E1
:10C4E000700A0031AF12EC766934AB0BBAD74A2C24
:10C4F000F3F9D6A5B936A7627CAF3BECAD6F4540EA
:10C50000E2FD9B4323D0745B87B3B4092408FE5F2C
:10C510008D4E70910CF58162192B9559B45A2418DF
:10C52000C11D86E5C235FA818A78DC341742BC3AEF
:10C530000B790FD31B63160FFAEDB440BF14B02074
:10C540000059C4EC7992A101DD08EFC9D2F7A42CFF
:10C550000866E708DA6B8A71B0349D655552AD778D
:10C56000A2CF0F09E2697D3359E0016C1C0E7BF309
:10C57000A50AC0763E29CED697DE6024B55B9745E6
:10C580007352EB9F39D0CD8A9B015DF1B1266BA030
:10C590008779DCEF75C52C892FEB621AF5FA82D604
:10C5A00036EA6DC25E1261DBDF16597258479BDBBB
:10C5B000CCF4F30C20B536723562FBBD5AE42DFC89
:10C5C0000505B943B72C2986F9B91F7208F7833DD1
:10C5D000D044DAF57B0D7C7EA654CB4BD508A3EE78
:10C5E000554087D07AC26E94F5D2683A4D46408065
:10C5F00015F93859AACF50E2710A68B32CA581E326
:10C600003C3446AA46F79E596CD113802F287031CE
:10C61000306AD3601ADFD36B7C2C2E1092532A4BD6
:10C620006D721C9CC5D37589C63C5BBCB3BD0B4207
:10C6300045F390F2E87EACD766D8DD21FDA57507FD
:10C6400084F430C727D80CFC23F740CC62E853D5DC
:10C650005D0DA4FCBBB8DD8FA6B7831248EF9F0A1F
:10C66000348B9255E0C3D5746D7A3BFB09C8AA7828
:10C67000AF2BD6B7446F9F463B55165C746183EC75
:10C6800027B4243F8D950FF530D9ABF7DB342AED75
:10C69000087091C9D1C71A05A10FF39B9A1C75D4D4
:10C6A000E947BD92BA384BE866BA44F6954D04970F
:10C6B0002B04A75EBC84BAD1D4E0D2635C79494E26
:10C6C0004BA1086611A4B891266EC65B64734360E3
:10C6D0004F83A93251FCB4764C0B1BDE3E5EA73172
:10C6E000FFF4B1D6F60972A9820BBD5121E0685A58
:10C6F000F2709007E67C7485FC99E6F84E9C615CCC
:10C700001B8639C67AF56FA85F577DA1C2A80AA615
:10C7100021AA8C3EB22372D197C5D78ADEB58CBCD4
:10C72000D576401D3A34F5C1965637FEB939D4B4A2
:10C730001DDAE211D377652A8EF55D3937F675EA91
:10C74000DD7731D1EF46EAFC01DE9948AB9B97706B
:10C750004C5E74E6B72E67C12434624560F0C5AD07
:10C76000CB2A088251FCBDFDBE8DF68EF7B5BCC844
:10C770007C04E052F9A22F7542D8676CE13C4EF67A
:10C7800060E7F6DB9B39D7CDDC48033485A300E5B1
:10C790001360975A142559018D2D3061437D1E8EEB
:10C7A000CC53E835D58CFE86B2D3B18A5A8433D8BF
:10C7B00051BB81776F6A1936555BC6F8831B2B54C2
:10C7C00067E8B87F4167172010D9D550493F92F0EC
:10C7D0004C01324F83C58F92776E17AA905A8ED331
:10C7E000C5C0C528DC92848631C6830ED718F321D4
:10C7F000B7EDF085DE613438D940BD12AD18DF2CBD
:10C800009FF8EAB5D803D1DAEDB729E2CD95C6E5B0
:10C81000D8F9EB8AF812D85685D83AFBD79F00DDB5
:10C82000C73FB770CCFF9FF6AEB6B76DE4087FCFB9
:10C83000AF60D86B4A36122DEAD51223E71A2706C5
:10C8400002E48222CEF58BCEB0298A8E18D3222B19
:10C8500092B25D47FFBD33B3AFA4484549EE5AA03D
:10C86000688424D272B9BBDC9D9D9D976786C95DA3
:10C87000C5B85E8DB288C34FE1AA7A58EB28BE1ABC
:10C88000E5A771DD345DFFBB856E5A3114BACD5317
:10C890007E9880BAA269BB55F3371BF13B946F8435
:10C8A000BAA20DF9209269627C5B5B97CBCED36F05
:10C8B0005586EF756558C85ABA274EB487AF02A897
:10C8C000537B1341D2D3581E90C91451D4B30B9B40
:10C8D0006E8DF83A145274C197FCD43E6E318BB908
:10C8E000E822D62CE18212F1E84710AF6E404ABB35
:10C8F0000D7DB4A84DD86F5DDD4E6C76513B56135F
:10C9000089E08E402C9F9E44CF8B56074E58DE30D8
:10C9100026C1AAD007E50DA810829FFB35CE33852E
:10C92000306D142D7995F3680197187FE24856A66B
:10C9300064E0862DEB18A3635DFF6DA073934475CF
:10C9400034C4E0F39279860934208CF22D2C4C7E8D
:10C95000F183B10CE305BEF448C9AA8ECEE15904B7
:10C96000D3AE13315FD7820F9665E717DB02A5F6CA
:10C970004A15DE615686BCF93A3E49F3D55FE0F1CF
:10C9800076A147F304239AB5B195C95441FBAD6430
:10C99000E73CAD7B2A2C5EFC104F384F612B70D5E5
:10C9A000ED8350AE996DA655B52350BA54B3C2402D
:10C9B000629DE396C6B282966BF67F7D657C37A456
:10C9C0007FF30DD5917EEAB94B5C9AF2B5E2679A96
:10C9D000AF7FD8E9D4982FCA7D981F93DC2F1148D8
:10C9E000F9F1E406658B173F4F5AB50CAF7C7B120B
:10C9F0009FC3DA4CBABB212837E97466620CEF6535
:10CA000080137D196509E8036C575C66E13FE10717
:10CA100059382F79CCD46D06252214D4442D8C534B
:10CA200053080C34582270E792B12BD068CD60794E
:10CA300099E3F3F022B85546F8F2EF617619AD2E7E
:10CA40001165758946609355CF975170B30AB38CC1
:10CA500015CA901F66CE8712C2435C32DC81FC4946
:10CA6000EE3FF94B9854240C425E91880771097B84
:10CA7000B9507CFE4D2AB2F6CA44E59E40C1CD6E47
:10CA8000529537E982B2257218163AD465120D65AF
:10CA900068DDC0C1036A20E7E1B3F4824E008A96E4
:10CAA000119901441539372727E933D7F67296E5EE
:10CAB000665638B840AD8262AF0B16765DA8A069A5
:10CAC0005883AC9549C260AD6D9EA79845406BB444
:10CAD000756522F64F0ADA5BF3AA15D4DF65592B88
:10CAE0000C0D2D442CA85D8D2FBE091F10ED217358
:10CAF0003E58A00117B551C76B0D1C625258717D8D
:10CB0000BD58F992A19665250DF592266C8BD22819
:10CB10007AF80051C3FD918677412FFC5938E3150F
:10CB2000D5850B8C1E50ABAC12D9B3B2ABDFD64F50
:10CB3000AEECE7F4DFB69248E5325519DD8A56E6E9
:10CB400009C9C0FCAD387B7376663E0F299E89BF4C
:10CB500021863281B29C0096853103536E5C0216A9
:10CB60005A2CC2EA818F669C4A197B438755600024
:10CB7000DBDD0A73C567A62D22D659D63AD61766CD
:10CB8000F06729EE2A7953D089623D0229528E44FA
:10CB90000C0F83E31B4385910B907F85B97E034A7D
:10CBA000A36305E5FE0307211FF8127BD8A4013219
:10CBB000EC85785D972AE06F140884418C12CCBC18
:10CBC0008A93B9355B5D0857211EF34741B6F1F0F2
:10CBD000C8CDC27C5AE4D7ED638F10F1D35F3FBC60
:10CBE000E3996D580A33F88D8EA368BA4802CA8457
:10CBF000C7AFBE6169F22DD337E55116394B7C754D
:10CC0000136C6247CCD1149E52DC88A7A383C6A8BC
:10CC1000157B53821541BB6887086E30E1324FADFA
:10CC20006CE1AB5F4BF96F7048EB7003DA861A1258
:10CC3000485403A044B518347DF4D0A72C75CC1506
:10CC40006CF9361EF1A0188088D99437015A8643B2
:10CC500010F6E5D16CE25C1C7D6A996DD3E60903A0
:10CC60003A2D776C6F1D98AA2BC5B23E83684A8116
:10CC7000EDA116D89E9703DB575A60FB5A06B6C73C
:10CC8000527E4D94A52D9A4AF389DBE9B492A339DB
:10CC90003942ECD60C88BAC6E31368D0024CB78C84
:10CCA0008987EDC76C075E00DB83986BEB34B5ECCE
:10CCB00032D53C7B0607E76B3E6F4680192AE318A6
:10CCC0002D81027B906283565AA6BF54D15FB1F288
:10CCD000377E14933CFAE5CB9E8AAB24BF84F36481
:10CCE0008592E74BD92573DB21C24736C30CC0516F
:10CCF00066A0458DDB854136C43AB8354840C48DC1
:10CD0000F3D3632A224653898DB8C2883DF9134173
:10CD1000F920465E616E87D6669A9CB82F756B16B1
:10CD2000A80668EB40CEDE0E671DF68DB1B549E76B
:10CD300050EBDFC10EE92A84E2ABA8893D3EE91C35
:10CD4000D87A8D639A19069FA2A22F1A819AE77941
:10CD5000921A923E4D0AF45FE75A892643EDF8A7EE
:10CD600003E59F46785D4777294BBA393DFF070CAD
:10CD7000E2A4F3F2CAB06A6DF306EE12FB8AC5872D
:10CD800035FAC2D78D7D99A7B8872AF173BF3B6E5C
:10CD90001176D67F01B598BFAC4B60516792604861
:10CDA00045F383B6946F11EDB80FAC887C670FBA6A
:10CDB0002CF9710419211AE7B50D81CACBD15F4D49
:10CDC000E0B7D45F354E396ED7AB9F1E375B23BBC0
:10CDD000FA0EBCDD8EBDA6CE38C31CB9CAD7D8FBAF
:10CDE0006E5F23E53EBE8E93BB89B9A477B1D5783B
:10CDF0001F4BE3905EC5083D8832D886BC0435FDE4
:10CE00002BD434AD76F1EDC0858AE76E58E3B92BAB
:10CE1000100B7ED2392CD5C6B7363E335F1508FFCE
:10CE200001B92D668134A052D6914D122F428AD37A
:10CE3000BF3319329DB81D6A1222CF816348DE8349
:10CE400006063A618D3CC1701B747219942A864E95
:10CE50000947E738DFEDE5AC7B1CF3233F880CC4C2
:10CE6000A3142062E0C9F590146B638EEC2E5C7BFA
:10CE700012740235EED61106CA32044BC8002C4E8D
:10CE8000352AE5BDC8E0157019369C6252AF964848
:10CE90002F93D727DC59F35433B1B48F25DB69B80E
:10CEA0008B88344DF48F31E17983362F275DD33B66
:10CEB000E55EB33703C93C42E9F43D811DF1050C41
:10CEC00094C6F129FBED44D959B48AA0A9D4FEF245
:10CED000257DE1C23F2794FBCC56E2C62A45AF4CE4
:10CEE00041BDD1AB3B71310498F171BBFD6A721B3E
:10CEF000900BEB72DBA00D285C5796D0CFF2A6EC1E
:10CF0000366E89D5BC7DF7D1F88864F521FAB41F57
:10CF1000569515F3128313C90088D454C60A868621
:10CF2000DD09F9951959602657CC158B50B0121BA5
:10CF3000CCD2FA15E5ABB80377FB8313FF8807342F
:10CF4000771007876F167D6310AEC6608886C5DAD6
:10CF5000BF5BD1D6C44D0E855026ED0C25ABFA0231
:10CF600026853267583B89B5B09874541D25BC5B43
:10CF7000AD265759434D3D5599C01A3F7D6A6949C1
:10CF80008979A9CDC3D5EB737D959376840E4B56E5
:10CF9000A56671A959A4380EB5C34F0F3A7F142660
:10CFA000B5E2BB149CC725BE43073F6B720393B425
:10CFB0007744FB9FE68F1CDA030CEDF0593F7C258C
:10CFC000BFB23E0A202E794D454CACEE0C447FB5E5
:10CFD000BB076FA2DF7BB7097B2A827911FEF3A022
:10CFE00073238C582689F8BC98DF46F9246BEDD55D
:10CFF0002CFA0DA26D190FCC81EBAD5B5A375C4258
:10D000008C2A03AE6DB648DF5DE281BB4651C45A3F
:10D0100057ED487AFE3914C45A94146B12293831EA
:10D020001C2485B5E1D14AECB51E1277C7A10F03C8
:10D030002D95059A9897D0685EC2CF75397EAE7FE0
:10D0400080F8B58B5DE38A9014CD9AC857453BD6DE
:10D0500002F4B635BA099BC18C56C36CC0EA9E87F0
:10D06000B9C1E649C162593B9FD296F05DEDCC6CE7
:10D07000B094D0CEC659FF0A25D7926723C1711844
:10D08000965207ACFBFDC353C244E9A9FE631B855E
:10D090002162140AE67BC1D03B58686668C7E37B0F
:10D0A000E7B131A9270B7881F39D10B1B5D5F46DA7
:10D0B000812EE9F2F97E07F35A9EBC1F5D43A6F369
:10D0C000E1398ABAB6ECE83374C40C500EFEA759A5
:10D0D000A19019F2EF657B54E8E83F35E354E8C8C6
:10D0E000EFD24C158A9463E58738588E1EEDCE3DFD
:10D0F000E691477918CFCA70C15617F34C3B069397
:10D10000A7D7B708F4FE4B667C3CFDBBC1F29EA1DD
:10D11000CC8C99D54CD24DD11A5A933E112BDA555D
:10D120003329DE054B34087B706B8030B730130E2B
:10D13000C8905B4032860FF785D48E563034365116
:10D14000949D6F80FC029C24B8813D4EB1FF21B3B9
:10D15000407D78F3B7D7BFBC71F8BA6FEF024BDAF6
:10D1600036810D728BE8AB87B70BCB5C27A0F8DB61
:10D1700036CF8E6FB1953B0B9C73F9EA82AA9DC1A5
:10D180007A0FEB8A6A9EED3D79719405EB28CD4FBD
:10D190009E6062C01734C927136C93C5ACB5F15DAE
:10D1A00031B00A31EA8F9EE2949D89F1A7EB3E7C73
:10D1B000BA5AA18B85017CE65A61170A43FCE37BCE
:10D1C000825142C92280CFD0ABB04EB810F483FE5A
:10D1D0003CF0CAAC17CA3B73FC7855600D5C1974FF
:10D1E000076E3FF4746306948E8E47A3E1B5A7548F
:10D1F0005B28EBFAA363EA9497D1D0E6C3E35E5FC2
:10D2000095F5A0CC9DFBD7235F95F5B1DEC247D441
:10D21000B82C1B60D9F168EE6BF70E719C9DE31E74
:10D22000ABA7EC2DD8A43FBAEE77BD6AF04AA9E1CE
:10D230005292D0D2D0CAD94171FADC5EBF77ECB13C
:10D2400054067A55FEE64918073C417FB8FDF93689
:10D250005C44BE61814083A131EDD2A21A30833794
:10D26000F6232DF7E40E8ECDD09A006D5A33741745
:10D27000B473AC33A585BFB0ED3239E08D156A705B
:10D28000BBF0712BD4E0FAF01957A8A1DB874F57F8
:10D29000A786DEA037E85ED75043DF874F77971A1F
:10D2A000AEE94F1D3504BDA03B1F55A961DC1B77BE
:10D2B0008FFD3235F4C6C7A37050A686C57830EE10
:10D2C0000E2BD4301E87A34E991A82F1F1A04A0D7D
:10D2D0008BC1C03D760FA2869EEF0F86FD3A6A5045
:10D2E0000D57A9410D6D871AC2E170341C296A904F
:10D2F000552535F406F3CE30DC6E69A9F5E5C58514
:10D30000BCF8FFDAFE0FACED5F41D1BA6F67D1BF59
:10D31000B0333ED750B2455F98C4777B9AEC5B162A
:10D320007D3B689C41C9B746F0F548B276FBE9FD04
:10D3300091EB0C0646F690E5E16DBB885A6D3F0512
:10D3400051A7CD0A5AE7E1A724347E7DDBCAFC153C
:10D350007BBC6BBAB5BD412C32FC0FAA02140693FC
:10D36000DC9F17B1BFC6DFD9161D7530C0FB361361
:10D37000E74728A47B62C01427E10951DE65E1502C
:10D380002E17E8B1E696D96D1C61AA91AA0C6A32F3
:10D390001E85AAB4238A5599FB59886E290FB51B9F
:10D3A000E60FF1B0521B1D2613FC87F7DAE6907CDE
:10D3B000DE4DB50763E9921482731D42250ACE91B2
:10D3C000034657708E648E193360C86DA7E3D6B4D8
:10D3D000E180CCFFB833E10A2FEAA91E988B61EBFC
:10D3E000A028F7D8B87EAEEDF12DD7A05BF3CBED3A
:10D3F00035D34AC8E8A826964DABAB9E444E82EC86
:10D40000FB64D9D59E9B4F200D5B65C32A30370343
:10D41000BE8CB13A0D4E6704B5F73DB05CF18EC1DC
:10D420009E984DC19D82D93852BA3F60913F17599D
:10D430001E5D3FB4E9B5EC40BD38901036517E1703
:10D44000862B22819A87151D97A842EBD7802990B9
:10D45000F1AC0ED3F4E558F0A74765390FFEC2D3FF
:10D4600096A2BF30EA0BFECA6EE5B1ACC8DE1876F4
:10D47000E082FD285A6D6C68BB5DC4CECDE6906E2F
:10D4800029C648F4CB9C0F86AB132B6BCA58E4FB20
:10D490004851545A688F8E5E2939022D38ACB41623
:10D4A0002C368C754E9B7A2F810AEDB942A7E3F199
:10D4B00038BD97744A146A30DAD5770811E90284C6
:10D4C000563699C0A4A002777AB01FE556079D3F53
:10D4D000D32A4F1035BE65EA3811F7849B0FF6301A
:10D4E000C3C62DD8B5BFEB09D9DCC82764CBC42986
:10D4F000910767F3D86C3ED0C912D51A92D426C2D0
:10D50000646073335B7B67DCCCBB276E15F51F450E
:10D51000461F67203A81F6DA7E1C2777A08FB1DAA2
:10D520000E7FE61AAE23FC455E4DB7EA222BC513EB
:10D530007D4B985207250F6DA4B19F66E1447CF1A5
:10D54000D8E2A18F6A97FDA9FB41416AE9BF161491
:10D55000B2D626CA9B10365B9B4C9ACB81223EC921
:10D56000D6EA9964B99B09E88B59DE26EDA9DCA5BA
:10D570007E45EF1EC1ACE536BECEE41587F3AAECBE
:10D5800075EBD0EA3D362DAA83C245E96AE54D0325
:10D590005B8761C7CB0CB372EAC90DCA98C3CEBE14
:10D5A000624D186814F9A63D4F94BC451593B44AD2
:10D5B000D0305F1C2117A56F289670A573116D8C54
:10D5C0006831659AECC98B23F8CD2AB33A70537E43
:10D5D0001B9F3CF93786AD1F905898020000000051
:0400000508012AE9DB
:00000001FF
